Title,Price,Area,Address,Gen_descrip,Loại hình,Số phòng ngủ,Tình trạng pháp lý,Hướng nhà,Hướng ban công,Số tầng,Bình nóng lạnh,Máy hút mùi,Tủ bếp,Bàn ăn,Kệ TV,Tủ trang trí,Giường ngủ,Bàn phấn,Tủ quần áo,Bồn tắm,Vòi hoa sen,Bồn cầu,Bồn rửa mặt,Bàn ghế P.khách,Ngày đăng,Ngày hết hạn,Loại tin,ID tin,Căn góc,Nội thất,Đường vào,Mặt tiền
"
Mở bán chung cư Grand Sunlake trực tiếp CĐT - Hesco Văn Quán - Vị trí vàng cuối cùng tại Hà Đông
","
2,44 - 4,83
Tỷ ","
87 - 134
m2
",['Mua bán Căn hộ chung cư  Grand SunLake Văn Quán'],"
Liên hệ ngay em Thanh - Phòng Kinh doanh Chủ đầu tư dự án chung cư cao cấp Grand Sunlake (Hesco Văn Quán) 135 Trần Phú, Hà Đông - để lựa chọn căn hộ đẹp nhất với giá tốt nhất thị trường.Hotline: 0942 519 *** (Mr. Thanh - TPKD)--------------------- +++ Căn hộ sở hữu 50 năm: Căn 2 phòng ngủ diện tích 70 - 78 m² sổ 50 năm giá từ 1,8 tỷ. Căn 3 phòng ngủ diện tích 92 - 100 m² giá từ 2,9 tỷ. +++ Căn hộ sở hữu vĩnh viễn: Căn 2 phòng ngủ diện tích 70 - 78 m² giá từ 2,8 tỷ. Căn 2 phòng ngủ lớn diện tích 90 - 92 m² giá từ 3,2 tỷ. Căn 3 phòng ngủ thường diện tích 92 - 95 m² giá từ 3,3 tỷ. Căn 3 phòng ngủ góc diện tích từ 102 - 112 m² giá từ 4 - 4.5 tỷ.----------------- Chính sách bán hàng tháng 3/2023. - Chiết khấu lên đến 25% giá trị căn hộ. - Quà tặng lên đến 168 triệu đồng. - Cam kết thuê lại 12 tháng từ chủ đầu tư giá 18 - 20 triệu/tháng. - Hỗ trợ vay vốn ngân hàng 70% giá trị căn hộ, miễn gốc lãi 18.---------------- Liên hệ tư vấn 24/7: 0942 519 *** (Mr. Thanh - TPKD)
",Căn hộ,3,Sổ hồng,Đông-Nam,Đông-Nam,20,1.0,1.0,1.0,1.0,1.0,1.0,1.0,1.0,1.0,1.0,1.0,1.0,1.0,1.0, 11/10/2023,08/11/2023,Bán,1573805,,,,
"
Chỉ 1.2 tỷ - Trực tiếp chủ đầu tư dự án Imperia Smart City - Quỹ ngoại giao giá tốt nhất thị trường
","
1,2 - 3
Tỷ ","
50 - 83
m2
",['Mua bán Căn hộ chung cư  Imperia Smart City'],"
Liên hệ ngay em Thanh - Phòng Kinh doanh Chủ đầu tư MIK Group dự án Imperia Smart City để lựa chọn căn hộ đẹp nhất với giá tốt nhất thị trường. Hotline tư vấn 24/7 (Mr. Thanh - TPKD)*** Bảng hàng niêm yết và ngoại giao trực tiếp từ chủ đầu tư:- Căn Studio (28m2 - 35m2): (900 triệu - 1.2 tỷ).- Căn 1PN chính +1 PN phụ (46m2 - 59m2): 1.4 tỷ - 1.7 tỷ.- Căn 2 phòng ngủ chính, 1PN phụ, 1WC (hoặc 2WC) (59m2 - 69m2): 1.8 tỷ - 2.2 tỷ.- Căn 2 phòng ngủ chính, 1PN phụ, 2WC (65m2 - 69m2): 2.3 tỷ - 2.7 tỷ.- Căn 3 phòng ngủ (81.7m2 - 115m2 - 140m2): Từ 2.6 tỷ - 4.3 tỷ - 5.5 tỷ.- Ngoài ra còn nhiều phân khu Sapphire giá tốt kí trực tiếp CĐT để quý khách lựa chọn...*** Chính sách bán hàng tháng 06/2022 (Trực tiếp Chủ đầu tư):- Chiết khấu 17% tổng giá bán căn hộ.- Miễn phí 5 năm phí dịch vụ.- Khách hàng chỉ cần đóng 10% kí hợp đồng mua bán.- Bàn giao nhà đóng 5%.- Ngân hàng giải ngân 80% giá trị căn hộ lãi suất 0% trong 24 tháng đầu, miễn lãi gốc, miễn phí trả nợ trước hạn.Mở bán tòa I1, I2, I3 giá đợt đầu của dự án.Mua được là thắng.*** Liên hệ 24/7 (Mr. Thanh - TPKD)
",Căn hộ,3,Sổ hồng,Đông-Nam,Đông-Nam,16,1.0,1.0,1.0,1.0,1.0,1.0,1.0,1.0,1.0,1.0,1.0,1.0,1.0,1.0, 11/10/2023,08/11/2023,Bán,1722737,Có,đầy đủ,,
"
1.8 tỷ - trực tiếp chủ đầu tư Le Grand Jardin Sài Đồng - Quỹ ngoại giao giá tốt nhất thị trường
","
1,8
Tỷ ","
97
m2
",['Mua bán Căn hộ chung cư  Le Grand Jardin Sài Đồng'],"
Liên hệ ngay em Thanh - Phòng Kinh doanh Chủ đầu tư dự án Le Grand Jardin Sài Đồng để lựa chọn căn hộ đẹp nhất với giá tốt nhất thị trường. Hotline: 0942 - 519 - *** (Mr. Thanh - TPKD)+ Căn hộ 2PN, 2PN+1 full nội thất giá tốt nhất: 1.8 - 2.5 tỷ+ Căn 3PN full nội thất giá tốt nhất: 2.7 - 3 tỷ+ Căn hộ đập thông 4PN giá từ 4 tỷ========================* Chính sách ưu đãi mới nhất: 02/2023- Chiết khấu 6%/ giá bán căn hộ.- Tặng 18 tháng phí dịch vụ.- Tặng ngay 3 chỉ vàng 9999- Hỗ trợ vay 70% giá trị căn hộ, hỗ trợ lãi suất 0% + ân hạn nợ gốc + miễn phí trả nợ trước hạn trong vòng 15 tháng.Hotline 24/7: 0942 - 519 - *** (Mr. Thanh - TPKD)
",Căn hộ,3,,,,15,1.0,1.0,1.0,1.0,1.0,1.0,1.0,1.0,1.0,1.0,1.0,1.0,1.0,1.0, 11/10/2023,08/11/2023,Bán,1752389,Có,full,,
"
Trực tiếp chủ đầu tư dự án căn hộ Khai Sơn City - Mở bán đợt 1 quỹ căn ngoại giao giá tốt
","
3 - 4
Tỷ ","
78 - 119
m2
",['Mua bán Căn hộ chung cư  Khai Sơn Town'],"
Liên hệ ngay em Thanh - Phòng Kinh doanh Chủ đầu tư dự án Khai Sơn City để lựa chọn căn đẹp nhất với giá tốt nhất thị trường.LH: (Mr. Thanh - TPKD)Mở bán đợt Chung cư Khai Sơn City Thượng Thanh, Long Biên - Sổ đỏ lâu dài - Giá chỉ từ 38tr/m2 - NH hỗ trợ tới 65% miễn lãi trong 24 tháng - Cách phố cổ chỉ 3km✔️Diện tích căn hộ linh hoạt cho mọi nhu cầu sử dụng:- 2PN: 78m2 - 90m2.- 3PN: 97m2 - 101m2 - 119m.- Đã đủ điều kiện bán hàng và ký HĐMB.- Bàn giao dự kiến Tháng 7/2024.💰 Chính sách tốt nhất khi mua căn hộ tại Khai Sơn City Long Biên- Giá mở bán đợt 1 chỉ từ 38Tr/m2.- Chiết khấu tối đa lên đến 9,5% GTCH.- Hỗ trợ vay lên tới 65% GTCH - LS 0% trong 24 tháng.- Miễn phí 2 năm dịch vụ.- Ưu tiên suất để ô tô vĩnh viễn tại hầm thông 3 tòa (dành cho 60 căn hộ đầu tiên ký HĐMB).✔️Quần thể tiện ích hiếm có còn sót lại:- Công viên hồ điều hoà 22ha sống trong lành- Hệ thống trường học: Mầm non, cấp 1-2 nằm ngay trong nội khu- Tiện ích bể bơi, khu gym spa 5*- Hệ thống shophouse dịch vụ liền kề Đã Vận Hành✔️Vị trí đắc địa bậc nhất:- Chỉ 10p di chuyển vào trung tâm Hà Nội.- Cách Quốc lộ 5 chỉ 50m, di chuyển đến cao tốc, các tỉnh lân cận thuận lợi.- Chỉ 30p ra đến sân bay Nội Bài.
",Căn hộ,3,Sổ hồng,Đông-Nam,Đông-Nam,20,1.0,1.0,1.0,1.0,1.0,1.0,1.0,1.0,1.0,1.0,1.0,1.0,1.0,1.0, 11/10/2023,08/11/2023,Bán,1887960,Có,full cao cấp,,
"
Trực tiếp CĐT dự án shophouse, liền kề dự án Rue De Charme 214 Nguyễn Xiển -Suất ngoại giao giá tốt
","
18 - 27
Tỷ ","
85 - 130
m2
",['Mua bán Nhà phố thương mại Shophouse  Legacy Garden'],"
Liên hệ Ngay em Thanh - Phòng Kinh doanh Chủ đầu tư dự án Rue De Charm (Legacy Garden) 214 Nguyễn Xiển - để sở hữu căn liền kề, shophouse đẹp nhất với giá tốt nhất thị trường. Hotline: 0952 - 519 - *** (Mr. Thanh - TPKD)Sở hữu shophouse triệu đô - ngã tư Nguyễn Xiển - khuất duy tiến. Bàn giao năm 10/ 2023.Giá chỉ từ 18 tỷ - 27 tỷ /1 căn 6 tầng.Quà tặng và tiến độ thanh toán và cực kỳ hấp dẫn:Miễn phí dịch vụ 5 năm.TT 95%: Được chiết khấu lên tới 6,6%.TT tiến độ: Được chiết khấu 4%.TT Hỗ Trợ Từ Ngân Hàng: Ngân Hàng hỗ trợ 65% Ân hạn nợ gốc lên tới 12 tháng (KH k cần trả cả gốc lẫn lãi trong vòng 12 tháng).- Thông tin dự án:- Tên dự án: Rue De Charme 214 Nguyễn Xiển Hà Nội (Legacy Garden 214 Nguyễn Xiển Hà Nội).- Chủ đầu tư: Công ty Haweicco.- Quy mô dự án: 118 lô.- Tình trạng: Đã xây xong.- Ngày bàn giao: 10/2023.Một bước xuống phố ngàn tiện ích:Nằm trong khu đô thị Hạ Đình.Gần đường Lương Thế Vinh kéo dài.Trường THPT.Ngay cạnh dự án Pandora 53 Triều Khúc.Đường Nguyễn Trãi, Đường Nguyễn Xiển.Độ cao: 6 tầng.Mặt Tiền: 5m - 6m.Diện tích: 85m - 93m² - 130m².Hoàn Thiện Mặt Ngoài - Thô Bên Trong (khách hàng có thể thiết kế theo ý thích).--------------------------------Pháp lý rõ ràng.Sổ đỏ: Lâu dài.Tư vấn miễn phí 24/24h.Nhận bảng giá mới nhất tháng 7/2023.Kí hợp đồng trực tiếp với chủ đầu tư.Đón khách thăm quan tại dự án.Liên hệ 24/7: 0942 - 519 - *** (Mr. Thanh - TPKD)
",Nhà phố thương mại Shophouse,,Sổ đỏ,Đông-Nam,,,1.0,1.0,1.0,1.0,1.0,1.0,1.0,1.0,1.0,1.0,1.0,1.0,1.0,1.0, 11/10/2023,08/11/2023,Bán,2402987,,,,
"
Trực tiếp Chủ đầu tư dự án Capital Elite 18 Phạm Hùng - Quỹ căn ngoại giao giá tốt nhất thị trường
","
5,2 - 6,5
Tỷ ","
104 - 127
m2
","['Hà Nội', 'Quận Nam Từ Liêm', 'Mua bán Căn hộ chung cư tại Đường Phạm Hùng']","
Liên hệ ngay em Thanh - Phòng Kinh doanh Chủ đầu tư dự án Capital Elite 18 Phạm Hùng - để lựa chọn căn hộ đẹp nhất với giá tốt nhất thị trường.LH 24/7: 0942 - 519 - *** (Mr. Thanh - TPKD)++ Căn hộ Capital Elite full nội thất từ 5,2 tỷ, chiết khấu TTS 9%, hỗ trợ vay NH 65% miễn gốc lãi 12 tháng.- Thiết kế căn hộ thông minh đảm bảo 100% căn hộ có 2 ban công.+ 4,5 tầng hầm: Thoải mái slots đỗ ô tô.+ Diện tích: 105m - 127m² (3PN 2WC) giá 5.2 - 6.5 tỷ (tuỳ vào căn và phương án thanh toán)+ Căn hộ penthouse đẳng cấp 300m2+ 334 căn hộ - 16 căn/sàn - 06 thang máy các phòng.Đều có ánh sáng tự nhiên.+ Bàn giao full nội thất cao cấp nhập khẩu.+ Bàn giao quý 4/2024.-----------------------Dự án tọa lạc tại trung tâm quận Mỹ Đình, cửa ngõ phía Tây Hà Nội.Vị trí đắc địa trên trục đường Phạm Hùng, tiếp giáp 3 mặt tiền đường.Từ dự án dễ dàng kết nối với các tiện ích trong khu vực.Là khu phức hợp sang trọng bao gồm: Căn hộ cao cấp, Căn hộ dịch vụ, Trung tâm thương mại và văn phòng.Hệ thống tiện ích cao cấp: Hồ bơi, phòng gym & fitness, nhà hàng, trung tâm mua sắm...LH 24/7: 0942 - 519 - *** (Mr. Thanh - TPKD)
",Căn hộ,,Sổ hồng,Đông-Nam,,,1.0,1.0,1.0,1.0,1.0,1.0,1.0,1.0,1.0,1.0,1.0,1.0,1.0,1.0, 11/10/2023,08/11/2023,Bán,2422093,,,,
"
Căn hộ Penthouse đẳng cấp toà Capital Elite 18 Phạm Hùng - Trực tiếp Chủ đầu quỹ căn độc quyền
","
Thỏa thuận
","
305 - 380
m2
",['Mua bán Căn hộ chung cư  Capital Elite'],"
Liên hệ ngay em Thanh - Phòng Kinh doanh Chủ đầu tư dự án Capital Elite 18 Phạm Hùng để sở hữu căn penthouse đẹp nhất với giá tốt nhất thị trường.LH 24/7: 0942 - 519 - *** (Mr. Thanh - TPKD)- Quỹ độc quyền penthouse đẳng cấp với tầm view vĩnh cửu phía Tây Hà Nội với ố lượng vô cùng giới hạn- Diện tích 260 - 380m thông thuỷ- Thiết kế nằm trên tầng 30 31 áp mái Sky Bar- Ngân hàng hỗ trợ 70%, 0% lãi suất và ân hạn nợ gốc 24 tháng- Bàn giao thô, chiết khấu lên đến 9% Quy mô dự án: 01 tòa tháp gồm 4,5 tầng hầm + 32 tầng nổi (Gồm 9 tầng dịch vụ TM, văn phòng và 22 tầng căn hộ, khách sạn).+ Tầng 1 - 9: Trung tâm thương mại và văn phòng.+ Tầng 10 - 17: Căn hộ bán cho người Việt Nam.+ Tầng 18 23: Căn hộ bán cho người nước ngoài.+ Tầng 24 29: Căn hộ dịch vụ khách sạn.+ Tầng 30 - 31: Căn hộ duplex penthouse.+ Tầng 32: Skybar. * Vị trí kim cương (quỹ đất cuối cùng trên mặt đường Phạm Hùng).- Phía Tây Hà Nội với sự hiện diện của những cung đường nghìn tỷ như vành đai 3, đại lộ Thăng Long, quốc lộ 32, đường Phạm Văn Đồng, tuyến đường sắt trên cao và hàng loạt quy hoạch phát triển tiện ích hạ tầng.- Được định hướng trở thành khu vực cốt lõi, trung tâm mới năng động của Thủ đô, đây cũng là mảnh đất vàng hút làn sóng dân cư chuyển đến, đặc biệt là giới tinh hoa với nhu cầu sống tiện nghi và đẳng cấp.- Nơi tập trung các bộ ngành, sứ quán ngoại giao, trung tâm giao dục quốc gia và thung lũng công nghệ cao silicon của Việt Nam.- Tuy nhiên, thời điểm hiện tại, quỹ đất hạn chế, các dự án đầy đủ pháp lý khan hiếm - Sự ra đời của tòa tháp Capital Elite sẽ giải mã cơn khát bất động sản ở thực phân khúc cao cấp phía Tây Hà Nội.- Cách sân bay Nội Bài 30 phút lái xe.- Cách BigC Thăng Long 3 phút lái xe.- Cách Trung Tâm Hà Nội (khu vực bờ hồ) 30 phút lái xe.- Hệ thống trường học chất lượng cao Đoàn Thị Điểm, Marie Curie, Lê Quý Đôn, Trường chuyên Đại học Quốc Gia.- Trường đại học lớn: Thương Mại, Đại học Quốc Gia, Đại học Ngoại Ngữ, Đại học Sư Phạm, Học viện báo chí & tuyên truyền..- Bệnh viện lớn: Bệnh viện 198 Bộ Công An, Bệnh viện Huyết học và Truyền máu TW,- Công viên: Công viên Cầu Giấy, công viên Nghĩa Đô, Công viên Mai Dịch.- Các bộ ngành và đại sứ quán: Bộ tài nguyên môi trường, bộ nội vụ, đại sứ quán Mỹ,...- Các tập đoàn công nghệ hàng đầu Việt Nam: FPT, Viettel, Mobifone,... LH ngay em Thanh: 09542 - 519 - *** để nhanh tay sở hữu căn hộ penthouse đẳng cấp nhất khu phía Tây Hà Nội
",Căn hộ,,Sổ hồng,Đông-Nam,,,1.0,1.0,1.0,1.0,1.0,1.0,1.0,1.0,1.0,1.0,1.0,1.0,1.0,1.0, 11/10/2023,08/11/2023,Bán,2423637,,,,
"
Căn hộ thông tầng Duplex hạng sang The Zei - Mỹ Đình, Hà Nội giá từ 11 tỷ
","
9,03
Tỷ ","
186
m2
",['Mua bán Căn hộ chung cư  The Zei Mỹ Đình'],"
- QUỸ CĂN ĐỘC QUYỀN NGOẠI GIAO - SỐ LƯỢNG CÓ HẠN DUPLEX THE ZEI – CĂN HỘ THÔNG TẦNG 4PN ĐẲNG CẤP BẬC NHẤT TẠI MỸ ĐÌNH.#DUPLEX - CHUẨN MỰC KHÔNG GIAN SỐNG ĐẲNG CẤP.Căn hộ 2 tầng #Duplex The Zei hội tụ chuẩn mực tinh túy chinh phục giới thượng lưu:- Tọa lạc đầy kiêu hãnh với các căn hộ thiết kế #Thẳng, #Phẳng, #Không_cột từ tầng 22 đến 39 của dự án. Tầm view “minh đường tụ thủy” hiếm dự án nào có được, cho gia chủ thêm sức khỏe, rước tài lộc, đón an khang.- Độ cao thông tầng ấn tượng, đảm bảo đón nắng, gió trời tự nhiên. Chưa kể, qua lớp kính lọc sáng và tia cực tím Low – E, độ sáng trong căn hộ càng thêm lộng lẫy muôn phần. Dù là nắng hạ hay mưa xuân, ánh nhìn vẫn trong veo, đầy cuốn hút.- Diện tích căn hộ lên tới 186m2, tạo không gian sống lý tưởng cho gia đình đa thế hệ, thỏa mãn niềm khao khát của những người cao tuổi đau đáu phút sum vầy, và thế hệ trẻ yêu gia đình, nhưng rất cần những phút thư giãn riêng tư.- Tại mỗi tầng, kiến trúc sư khéo léo bố trí lô gia rộng lớn, nơi gia chủ tự do thể hiện cá tính bằng việc kiến tạo các mảnh vườn, chậu câu nhỏ, hay sắp đặt một bộ bàn ghế để thưởng trà, đọc sách những phút vô ưu.- Căn hộ Duplex tại The Zei cho gia chủ niềm kiêu hãnh không chỉ ở không gian rộng hay chiều cao mãn nhãn, đó là “kỳ phục” xứng tầm các chủ nhân sành điệu!TỔNG QUAN DỰ ÁN THE ZEI.Tọa lạc tại số 8 Lê Đức Thọ, giao lộ đường Nguyễn Cơ Thạch – Hàm Nghi, 3 tuyến đường đẹp nhất Mỹ Đình.Tiện ích độc quyền, chất lượng sống Vàng.Từ tầng 1-4: Bể bơi bốn 4 mùa 700m2, siêu thị, rạp chiếu phim CGV, Gyms, Spa, vườn nướng BBQ và sân vườn trên cao.Vườn treo Babylon, cứ 3 tầng xen kẽ một vườn treo, và vườn thượng uyển phục vụ cư dân dạo bộ, thiền.Chất lượng bàn giao tiêu chuẩn Vàng.Nội thất cao cấp từ Grohe, Hafele, Koler: bồn tắm đứng, cửa kính Low-E cách âm cách nhiệt, tủ âm tường, điều hòa âm trần Mutil 2 chiều...Đặc biệt dự án sử dụng sàn tre tự nhiên dày 15mm, giá cao gấp 3 sàn gỗ hiện nay.Thang máy tiêu chuẩn chung cư 5 sao : Misumitsu 3,5m/s, 14 thang máy/sàn.LH 24/7
",Căn hộ,4,Sổ hồng,Đông-Bắc,Nam,38,1.0,1.0,1.0,1.0,1.0,1.0,1.0,1.0,1.0,1.0,1.0,1.0,1.0,1.0, 11/10/2023,08/11/2023,Bán,1223187,Có,Có,,
"
Biệt thự đơn lập dự án The Zei Mỹ Đình 680m2 - Trực tiếp Chủ đầu tư - Khẳng định vị thế phía Tây HN
","
Thỏa thuận
","
267 - 680
m2
","['liền kề  The Zei Mỹ Đình', 'Mua bán Nhà biệt thự']","
Phòng kinh doanh CĐT HD Mon Holdings xin kính chào quý khách!Liên hệ ngay em Thanh - Phòng Kinh doanh Chủ đầu tư dự án The Zei Mỹ Đình (HD Mon Holdings) để lựa chọn căn biệt thự đẹp nhất với giá tốt nhất thị trường. L/H 24/7: 0942 - 519 - *** (Mr. Thanh - TPKD)- Biệt thự đơn lập: Tổng 20 lô biệt thự đơn lập phong cách Pháp- Sổ đỏ lâu dài từng lô ( đã có sẵn)- Diện tích lô biệt thự từ: 267m2 - 312m2 đất, 608m2 - 674m2 xây dựng.- Giá 9X - 1XX tỷ/căn.- Có hỗ trợ lãi suất ngân hàng 0%/18 tháng. Thanh toán sớm chiết khấu 8%.- Diện tích xây dựng từ 38 - 42%.- Thiết kế: 1 tầng hầm, 4 tầng nổi và 1 mái (Đặc biệt phòng khách thiết kế thông tầng đẳng cấp).- Khoang chờ thang máy.- Hoàn thiện toàn bộ 4 mặt toà của biệt thự và tường bao, bàn giao thô bên trong.- Thiết kế mang phong cách Châu Âu mang họa tiết quý tộc.Biệt thự The Zei sở hữu vị trí đắc địa trung tâm Mỹ Đình số 8 Lê Đức Thọ, trong tổng thể rộng tới 6.2ha gồm giai đoạn 2 dự án chung cư cao cấp The Zei và giai đoạn 1 Moncity đã hoàn thiện hạ tầng và đưa vào bàn giao cho khách hàng.Vị trí trái tim của Mỹ Đình, tiếp giáp với 4 mặt đường lớn:- Đường Lê Đức Thọ.- Đường Nguyễn Cơ Thạch.- Đường Hàm Nghi.- Đường Hồ Tùng Mậu.* Toàn bộ biệt thự The Zei Mỹ Đình được thiết kế theo phong cách kiến trúc pháp, bề thế, mang đậm phong cách kiến trúc tân cổ điển pháp, với màu trắng chủ đạo. Cửa sổ vòm cong cách điệu, hệ thống mái ngói màu xanh ghi, tạo nên đẳng cấp riêng biệt cho chủ sở hữ biệt thự.* Chủ sở hữu biệt thự The Zei có thể toàn quyền sử dụng trong việc sinh sống, kinh doanh nhà hàng, buôn bán, mở văn phòng làm việc, giao thương thuận lợi.Cây xanh được nhập giống cây Mộc hương từ Myanmar.LH 24/7:  0942 - 519 - *** (Mr. Thanh - TPKD)
","Nhà biệt thự, liền kề",4,Sổ đỏ,Đông-Nam,,5,1.0,1.0,1.0,1.0,1.0,1.0,1.0,1.0,1.0,1.0,1.0,1.0,1.0,1.0, 11/10/2023,08/11/2023,Bán,1549809,,Có,15m,12m
"
Biệt thự đơn lập 532m The Zei Mỹ Đình - Trực tiếp chủ đầu tư
","
75 - 100
Tỷ ","
270 - 532
m2
","['liền kề  The Zei Mỹ Đình', 'Mua bán Nhà biệt thự']","
Siêu biệt thự The Zei - HD Mon City cần tìm chủ mới, biệt thự nằm trong dự án khu biệt thự cao cấp, đẳng cấp nhất của thủ đô.Giá chủ đầu tư, làm việc trực tiếp với chủ đầu tư, thanh toán theo tiến độ với chủ đầu tư.+ Biệt thự được thiết kế theo kiến trúc tân cổ điển Pháp, với 1 tầng hầm và 5 tầng nổi, sang trọng đẳng cấp, nâng tầm chủ nhân lên một tầm cao mới.+ Mật độ xây dựng 70%, với hầm để 3 - 4 ô tô, tầng 1 với sân vườn và tiểu cảnh, bể cá.+ Biệt thự The Zei nằm trong khu đô thị HD Mon City, sử dụng các tiện ích đẳng cấp như khu mua sắm, khu ẩm thực, khu vui chơi giải trí và rạp chiếu phim, đua xe F1...+ Nằm trong 3 trục đường chính Lê Đức Thọ, Hàm Nghi, Nguyễn Cơ Thạch kết nối thuận tiện với các trục khác như Đại Lộ Thăng Long, đường trên cao, cầu cạn đi sân bay Nội Bài...+ Các trường quốc tế và trường điểm Đoàn Thị Điểm,... Ngay cạnh nhà, các trường đại học lớn cũng cách khoảng 500m.
","Nhà biệt thự, liền kề",4,Sổ đỏ,,,4,1.0,1.0,1.0,1.0,1.0,1.0,1.0,1.0,1.0,1.0,1.0,1.0,1.0,1.0, 11/10/2023,08/11/2023,Bán,1558898,,Có,18m,12m
"
Tô Ngọc Vân 45m2, 5 tầng, MT 6.2m . Giá chào 11.5 tỷ Tây Hồ
","
11,5
Triệu ","
45
m2
","['Hà Nội', 'Quận Tây Hồ', 'Mua bán Nhà riêng tại Đường Tô Ngọc Vân']","
Tô Ngọc Vân 45m2, 5 tầng, MT 6.2m . Giá chào 11.5 tỷ Tây HồHỒ TÂY - PHỐ TÂY - MỞ CỬA RA LÀ TÂY - LÔ GÓC BA MẶT THOÁNG VĨNH VIỄN - ĐẲNG CẤP AN SINH - FULL NỘI THẤTMÔ TẢ:+ Vị trí: Cực đẹp, an sinh đỉnh, lô góc ba mặt thoáng, xung quanh toàn biệt thự 100 tỷ…Khu vực hiếm nhà bán.+ Nhà 5 tầng, chủ tâm huyết xây dựng được gần 8 năm cực kì chắn chắn và hợp lý.Đặc biệt cách nhà 50 mét có kiot gửi xe ô tô, chủ đã thuê 1 slot tại đó.THIẾT KẾ:+ Tầng 1: Bếp master.+ Tầng 2,3: mỗi tầng 2 phòng khép kíntheo đúng phong cách TÂY 5 sao.+ Tầng 4: phòng khách thực sự đẳng cấp với veew TRIỆU ĐÔ.+ Tầng 5: phòng thờ, sân tiểu cảnh..PHÁP LÝ:+ Sổ đỏ phân lô, sẵn sàng giao dịch.
",Nhà riêng,,Sổ đỏ,,,,1.0,1.0,1.0,1.0,1.0,1.0,1.0,1.0,1.0,1.0,1.0,1.0,1.0,1.0, 11/10/2023,08/11/2023,Bán,2566735,,,,
"
Bán đất trần cung - cổ nhuế 1 dt 42m mt 4.2m giá chỉ 3.7 tỉ ngõ thông - kinh doanh.
","
3,7
Tỷ ","
42
m2
","['Hà Nội', 'Quận Bắc Từ Liêm', 'Mua bán Nhà riêng tại Phố Trần Cung']","
Vị trí: Rất đẹp, trung tâm nhất Trần Cung cạnh KĐT Nam cường, nhà ngay mặt ngõ kinh doanh, thông ra Nam cường, Phạm Văn Đồng.
 
Tiện ích xung quanh không thiếu gì, 2 phút ra chợ, trường học các cấp, bệnh viện E...
 
+ 30m ra Ô Tô Tránh, cách mặt phố Trần Cung chỉ 300m.
+ Khu vực hiếm nhà bán, giá tốt nhất trong khu vực.
+ Sổ đỏ nở hậu nhẹ, giao dịch trong ngày.
+ Anh chị có nhu cầu gọi ngay Em Sơn chuyên Từ Liêm 
",Nhà riêng,,Sổ đỏ,,,,,,,,,,,,,,,,,, 11/10/2023,08/11/2023,Bán,2566702,,,,
"
7 tỷ 6 tầng ô tô phân lô Xuân Thuỷ - Nguyễn Phong Sắc
","
7,2
Tỷ ","
30
m2
","['Hà Nội', 'Mua bán Nhà riêng tại Quận Cầu Giấy']","
Gia chủ gửi bán căn nhà ngõ ô tô phố Nguyễn Phong Sắc - Xuân ThuỷDiện tích 30m2 mặt tiền 3,7m giá 7.2 tỷkkhu vực trung tâm quận cầu giấy , gần trường đại học, thuận tiện cho con cái đi học, đi làmlliên hệ 0916555***
",Nhà riêng,,Sổ đỏ,,,,,,,,,,,,,,,,,, 11/10/2023,08/11/2023,Bán,2566691,,,,
"
Chỉ còn 4 ngày để sở hữu căn 3n 108m2 cao cấp Hoàng Thành Pearl chỉ 5,2tỷ TT Mỹ Đình, trực tiếp CĐT
","
5,2 - 6,3
Tỷ ","
108 - 114
m2
",['Mua bán Căn hộ chung cư  Hoàng Thành Pearl'],"
Bán căn 3 ngủ 2 vệ sinh diện tích 108m² tầng trung đẹp dự án Hoàng Thành Pearl.Giá chỉ 5.2 tỷ.Căn hộ vuông vắn, thiết kế cực thoáng đẹp, view công viên ánh sáng của dự án.Tiện ích 5* khép kín: Khu thể thao phòng tập, khu vui chơi trẻ em, trung tâm thương mại, vườn dạo bộ.Cạnh bên quần thể Vinhomes Gardenia, nối ra đường Hồ Tùng Mậu, sân Mỹ Đình, gần trường quốc tế Lomonoxop, Đoàn Thị Điểm, Bệnh viện 198, trường đại học Thương Mại...Chung cư Hoàng Thành Pearl.Vị trí: Số 55 đường Nguyễn Văn Giáp, P. Cầu Diễn, quận Nam Từ Liêm, Hà Nội (gần Vinhomes Gardenia).Chủ quản đầu tư cực kỳ uy tín: Công ty CP Đầu tư & Phát triển Hạ tầng Hoàng Thành.Nhà thầu xây dựng: Công ty Delta.Quy mô dự án: 01 tòa căn hộ cao 30 tầng với 334 căn hộ cao cấp.Bàn giao nội thất cao cấp liền tường.Hình thức sở hữu: Lâu dài.Bàn giao: Dự kiến quý I/2024.-------------------------Gọi ngay cho em Quý 24/7 để xem căn hộ thực tế tại dự án:Hotline: 076 345 6***
",Căn hộ,,Sổ đỏ,Đông-Bắc,,,1.0,1.0,1.0,1.0,,,,,,1.0,1.0,1.0,1.0,, 11/10/2023,08/11/2023,Bán,2566685,,,,
"
Bán nhà phạm văn đồng 33m mt 3.33 m giá chỉ 3.1 tỷ - bắc từ liêm
","
3,1
Tỷ ","
33
m2
","['Hà Nội', 'Quận Bắc Từ Liêm', 'Mua bán Nhà riêng tại Đường Phạm Văn Đồng']","
 Cực Rẻ - Cực Hiếm - Duy Nhất 1 Căn - Ra phố Phạm Văn Đồng chỉ hơn 100m.
- Tiện ích đầy đủ xung quanh là chợ, siêu thị, trường học các cấp, gần công viên Hòa Bình, giao thông kết nối: Xuân Đỉnh, Xuân La, Võ Chí Công… 
 
- Nhà bán Diện tích 33m, Mặt Tiền 3.33m, hiện đang là nhà 2 tầng - 2 ngủ đầy đủ công năng cho gia đình trẻ hoặc khách mua về xây nhà mới thì đẹp lung linh.
 
- Căn Hiếm, bán nhanh. Anh Chị có nhu cầu xem nhà trong ngày liên hệ ngay cho Em Sơn 
- Sổ đỏ chính chủ vuông đẹp, cất két sẵn sàng giao dịch.
",Nhà riêng,2,Sổ đỏ,,,2,,,,,,,,,,,,,,, 11/10/2023,08/11/2023,Bán,2566580,,,,
"
Bán nhà phố Hoàng Mai giá rẻ
","
2,76
Tỷ ","
27
m2
","['Hà Nội', 'Quận Hai Bà Trưng', 'Mua bán Nhà riêng tại Đường Hoàng Mai']","
NHÀ ĐẸP CHẮC CHẮN THOÁNG MÁT-NGÕ THÔNG THẲNG TẮP-AN NINH CỰC TỐT XÁCH VALI ĐẾN Ở LUÔNBán nhà đường Hoàng Mai 27m 5tầng mt4,5m giá 2,78 tỷSổ đỏ chính chủ(có thương lượng)☎️☎️mr Tuấn(chuyênBĐS)0️⃣9️⃣7️⃣5️⃣2️⃣7️⃣7️⃣2️⃣8️⃣4️⃣ Zalo
",Nhà riêng,3,Sổ đỏ,,,5,,,,,,,,,,,,,,, 30/09/2023,28/10/2023,Bán,2546213,,True,3m,45m
