Title,Price,Area,Address,Gen_descrip,Loại hình,Tình trạng pháp lý,Ngày đăng,Ngày hết hạn,Loại tin,ID tin,Bình nóng lạnh,Máy hút mùi,Tủ bếp,Bàn ăn,Kệ TV,Tủ trang trí,Giường ngủ,Bàn phấn,Tủ quần áo,Bồn tắm,Vòi hoa sen,Bồn cầu,Bồn rửa mặt,Bàn ghế P.khách,Hướng nhà,Số phòng ngủ,Hướng ban công,Căn góc,Nội thất
"
Bán lô đất cực đẹp tại mặt biển An Bàng - Tân Thành#Hà_nội
","
Thỏa thuận
","
900
m2
","['Hà Nội', 'Mua bán Đất tại Quận Ba Đình']","
Bán lô đất cực đẹp tại mặt biển An Bàng - Tân Thành, Hội An #Hà_nội- Đất nằm ngay trục đường chính 19m5 Nguyễn Phan Vinh, Hội AnSau nhà là bãi biển xanh mát miền duyên hải miền Trung- Dt đất trong sổ 265m - dt thực tế hơn 900m với đồi thông kéo dài ra đến biển- Ngay khu sầm uất của An Bàng - Tân Thành- DT đẹp có thể xây dựng được 1 hầm 2 tầng 1 áp mái - nhà vườn nghỉ dưỡng/ villa ven biển duyên hải với tông vàng/ trắng xanh theo phong cách Địa Trung Hải chẳng hạn... với bãi biển trãi dài - tự do, riêng tư.- Quanh khu là khách sạn - villa lớn và nhà vườn cá nhân.- hãy về định cư ở đây - duyên hải miền Trung cực đẹp cực ôn hòa với các hoạt động thể thao thôn xóm: lớp tập lướt ván, dù bay, cano mạo hiểm... và những hoạt động vui chơi trên biển khác...#đấtven_biển#đấtmặtbiểnhộian#đấtxâyvillavenbiểnhộian#muabánnhàđấthội_an
",Đất,Sổ đỏ, 11/10/2023,08/11/2023,Bán,2391131,,,,,,,,,,,,,,,,,,,
"
Nhỉnh 1 tỷ Nhận nhà mới, ở ngay, sổ hồng vĩnh viễn tại Xphome Star Tân Tây Đô, Hoài Đức, HN
","
1,75 - 2,5
Tỷ ","
57 - 86
m2
","['Hà Nội', 'Huyện Đan Phượng', 'Mua bán Căn hộ chung cư tại Đường 32']","
NHỈNH 1,1 TỶ NHẬN NHÀ Ở NGAY TẠI XP HOMES STAR KDT TÂN TÂY ĐÔ, NHÀ MỚI Ở NGAY, ĐÃ CÓ SỔ HỒNGCăn 2 ngủ 58-64m2 giá từ 1,75 tỷCăn 3 ngủ 86m2 giá từ 2,3 tỷNgân hàng bidv cho vay tới 70% HDMB, lãi suất ưu đãi 7.0%Nhiều hướng để lựa chọn, thoáng mát, view trung tâm và liền kề biệt thựThuận tiện nhiều trường học và bệnh viện lớn: Liên cấp, Đại học Thành Đô, ĐH Thương mại...LH Ms Thủy để chọn vị trí đẹp và tư vấn chuẩn nhất, hỗ trợ tới khi nhận nhà về ở
",Căn hộ,, 11/10/2023,08/11/2023,Bán,2567033,,,,,,,,,,,,,,,,,,,
"
Bán nhà riêng Nguyễn Lương Bằng Quận Đống Đa - Hà Nội DT 45m2 giá 5 Tỷ
","
5
Tỷ ","
45
m2
","['Hà Nội', 'Quận Đống Đa', 'Mua bán Nhà riêng tại Đường Nguyễn Lương Bằng']","
Nhà 5 tầng Nguyễn Lương Bằng - Đống ĐaDiện tích 45m2 x MT 6.4Giá 5 tỷ có thương lượngSIÊU PHẨM TRUNG TÂM ĐỐNG ĐA- VỊ TRÍ MẶT NGÕ THÔNG - 50M RA HỒ ĐẮC DI - KINH DOANH NHỎ- Lõi Đống Đa cách mặt phố 50, mặt ngõ thông sang Hồ Đắc Di tiện ích bạt ngàn.+ Thiết kế hiện đại cầu thang cuối, mỗi tầng 1 phòng ngủ, vệ sinh.+ Nhà chia thành 2 căn, 2 anh em ruột đồng thuận bán, chủ mới xây được 2 năm còn mới nguyên.Tổng diện tích trên sổ là 45m2 nhưng thực tế từ tầng 1 là 48m2 chia đôi 2 căn:+ Căn1: 5 tầng, tổng 3 ngủ, mới xây đẹp long lanh.+ Căn 2: Nhà 3 tầng cũ, có 2 phòng ngủ.+ Khách mua ở một căn còn 1 căn cho thuê dòng tiền có thu nhập hàng tháng như lương hưu quá tuyệt vời.+ Khách mua giữ tiền hoặc cho thuê cực kỳ hợp lý.+ Sổ đỏ chính chủ vuông đẹp, sẵn sàng giao dịch.LH 0983.888.***
",Nhà riêng,, 10/10/2023,07/11/2023,Bán,2565975,1.0,1.0,1.0,1.0,1.0,1.0,1.0,1.0,1.0,1.0,1.0,1.0,1.0,1.0,,,,,
"
Cần tiền nên nhượng lại căn 2 ngủ, 2wc nhà mới giữ gìn, tại Ocean Park, Giá: 1.8ty LH:0818858***
","
1,8
Tỷ ","
63
m2
",['Mua bán Căn hộ chung cư  Vinhomes Ocean Park'],"
Thông tin căn hộvị trí : Khu S2Diện tích: 63m2 sử dụngNhà nguyên bản chủ đầu tưThiện chí bán, giá tốt nhanh thì còn ạLH: e Trọng xem nhà ạ 
",Căn hộ,Sổ hồng, 10/10/2023,07/11/2023,Bán,2565803,,,,,,,,,,,,,,,Đông-Bắc,,,,
"
Bán nhà mặt phố Quận Đống Đa - Hà Nội giá 89.90 Tỷ
","
89,9 - 90
Tỷ ","
182
m2
","['Hà Nội', 'Quận Đống Đa', 'Mua bán Nhà mặt phố tại Đường Tây Sơn']","
- Tòa nhà văn phòng kết hợp cho thuê dòng tiền siêu đỉnh tại trung tâm quận đống đa giao thông thuận lợi về các ngả.+ Thiết kế:- Gồm 2 sàn văn phòng cầu thang giữa và kết hợp 30 căn hộ cao cấp cho thuê.- Chủ đang cho đơn vị thuê lại 270 triệu/1thang.Giá trị tự khai thác với dòng tiền khoảng trên 350 triệu.- Sổ đỏ nở hậu pháp lý chuẩn sẵn sàng giao dịch ngay.- Quan tâm xin liên hệ ngay Mr: Khương sđt 09821558***để làm việc với chính chủ.
",Nhà mặt phố,Sổ đỏ, 10/10/2023,07/11/2023,Bán,2335968,1.0,1.0,1.0,1.0,1.0,1.0,1.0,1.0,1.0,1.0,1.0,1.0,1.0,1.0,Đông-Nam,,,,
"
Bán nhà mặt phố Quận Đống Đa - Hà Nội giá 35.50 Tỷ
","
35,5 - 36
Tỷ ","
110
m2
","['Hà Nội', 'Quận Đống Đa', 'Mua bán Nhà mặt phố tại Phố Trung Liệt']","
CẦN BÁN NGAY NHÀ MẶT PHỐ TRUNG LIỆT QUẬN ĐỐNG ĐA DT 110M x 7TẦNG x MT 7M GIÁ 36TỶ Mô tả:- vị trí Đẹp đắc địa nhất phố, kinh doanh mọi hình thức tiện ích ngập tràn.Hàng xóm toàn nhà cao tầng kinh doanh đủ loại.- Thiết kế 7 tầng chủ nhà tự xây dựng tâm huyết, mục đích để cho con ở, nay nhiều nhà đất bán bớt chia lộc cho con cháu.     + Tầng 1: thông sàn kinh doanh     + Tầng 2: là gác lửng là phòng khách     + Tầng 3-4-5: mỗi tầng 2 phòng, wc       + Tầng 6: 1 phòng + 1 sân phơi     + Tầng 7: tum.- Hiện tại Chủ đang cho thuê nguyên căn >80 triệu /1 tháng, người thuê đang kinh doanh .  - Sổ đỏ chính chủ pháp lý chuẩn sẵn sàng giao dịch ngay  - Liên hệ ngay : Mr Khương sđt 09821558***chuyên BĐS Mặt Phố để xem nhà và làm việc với chính chủ! 
",Nhà mặt phố,Sổ đỏ, 10/10/2023,07/11/2023,Bán,2347174,1.0,1.0,1.0,1.0,1.0,1.0,1.0,1.0,1.0,1.0,1.0,1.0,1.0,1.0,,,,,
"
Đất vàng Tây Hồ - 138m2 MT 11.2m Ngõ Thông ô tô - Nhỉnh 100tr/m2
","
14,8 - 15
Tỷ ","
138
m2
","['Hà Nội', 'Quận Tây Hồ', 'Mua bán Đất tại Đường Tứ Liên']","
Bán đất ngõ 28 Tứ Liên, 138m2, mặt tiền 11.2m giá 15 tỷ. Thương lượng giá Chính Chủ. Vị trí cực đẹp, ngõ ô tô, 1 bước ra ô tô tránh. Khu vực sầm uất, xây ở tuyệt vời, xây CCMN hái ra tiền. Khu vực nhiều người nước ngoài, dân trí cao.Ngõ ô tô, ngõ thông, đi 2 ngõ vào mảnh đất được.Diện tích thực tế 138m2, trên sổ cắt vuông là 130m2Có giấy phép xây dựng. Có thể bán 1/3 mảnh đất bên trong cùng hoặc 2 mảnh bên ngoài cùng. Ưu tiên bán cả mảnh.Sổ đỏ chính chủ vuông vắn sẵn sàng giao dịch.* Liên hệ ngay để xem nhà chính chủ miễn phí:  Hoàng Việt.Tôi biết nhiều nhà cũng đang cần bán ở quận Ba Đình, Tây Hồ, Cầu Giấy, liên hệ tôi để nhận thông tin miễn phí.
",Đất,Sổ đỏ, 10/10/2023,07/11/2023,Bán,2565526,,,,,,,,,,,,,,,Đông-Nam,,,,
"
Bán Shophouse chân đế chung cư phố Trung Hoà- Hiện đã sẵn đơn vị thuê, vào tên trực tiếp HĐ CĐT.
","
21
Tỷ ","
293
m2
","['Hà Nội', 'Quận Cầu Giấy', 'Mua bán Nhà phố thương mại Shophouse tại Phường Trung Hòa']","
Bán Shophouse chân đế chung cư phố Trung Hoà- Hiện đã sẵn đơn vị thuê, vào tên trực tiếp HĐ chủ đầu tư - có sổ đỏ.  - Thu nhập dòng tiền ngay 1,2 tỷ/năm từ HĐ thuê có sẵn.  (hạn hợp đồng đến 2031 ) - Diện tích 293m2.  - Giá bán trực tiếp chủ đầu tư: 21 tỷ.Liên hệ xem trực tiếp : 038.2388.***
",Nhà phố thương mại Shophouse,, 10/10/2023,24/10/2023,Bán,2565432,,,,,,,,,,,,,,,,,,,
"
Biệt thự trên không Green Iconic căn Duplex thông tầng siêu phẩm hạng sang giới hạn Q.Long Biên
","
8,5
Tỷ ","
170
m2
",['Mua bán Căn hộ chung cư  Sunshine Green Iconic Long Biên'],"
Gia đình cần bán căn Duplex Sunshine Green Iconic - Long BiênThông tin căn  DuplexDiện tích: 170m2 ( 3pn - 2wc) Bàn giao nội thất cơ bản liền tường, tặng lại bản vẽ thiết kế đã lên sẵnThiết kế dang Duplex view ra Kdt Vinhome River Side Tiện ích nội khu đày đủm chuỗi khuôn viên xanh và suối chảy quanh dự án. dự án  sắp bàn giao nhà, vị trí đẹp ,giá bán: 8,5 tỷ ( bao phí sang tên HDMB)Khách quan tâm đến Duplex Sunshine Green Iconic liên hệ trực tiếp: 0987 106 ***
",Căn hộ,Sổ hồng, 10/10/2023,24/10/2023,Bán,1818477,,,,,,,,,,,,,,,Đông-Bắc,4,Tây-Nam,Có,Bàn giao nội thất cơ bản liền tường
"
Độc Quyền - Nhà Đẹp 5 Tầng Quận Thanh Xuân Chỉ Hơn 3 Tỷ
","
Thỏa thuận
","
40
m2
","['Hà Nội', 'Quận Thanh Xuân', 'Mua bán Nhà riêng tại Đường Vũ Trọng Phụng']","
Tìm ngay vị chủ may mắn sở hữu căn nhà vị trí siêu đẹp ở đường Vũ Trọng Phụng. Chỉ cách phố 20m mặt ngõ to, ô tô đỗ cửa, ngõ thông kinh doanh tốt. Gần các trường đại học và trung tâm thương mại, tiện ích xung quanh không thiếu thứ gì. Thiết kế: Tầng 1: Phòng khách, bếp, vệ sinh. Tầng 2: Phòng ngủ rộng, vs khép kín Tầng 3,4: Mỗi tầng chủ ngăng 2 phòng( nếu không thích có thể đập tường đi, thàng mỗi tầng 1 phòng) Tầng 5: Phòng thờ , sân phơi. Chủ nhà niềm nở, dễ tính, hiếu khách đến xem. Liên hệ ngay: 09177990***Mrs Kim  
",Nhà riêng,Sổ đỏ, 10/10/2023,05/12/2023,Bán,2565350,1.0,1.0,1.0,1.0,1.0,1.0,1.0,1.0,1.0,1.0,1.0,1.0,1.0,1.0,,,,,
"
Bán căn hộ Long Biên- Sở hữu chỉ với 800 triệu vốn tự có!
","
2,8
Tỷ ","
67
m2
",['Mua bán Căn hộ chung cư  Le Grand Jardin Sài Đồng'],"
 💥 NHẬN NHÀ Ở NGAY - HẠNH PHÚC TRONG TẦM TAY💸  Chỉ với 800tr vốn tự có sở hữu ngày 1 căn hộ nằm tại vị trí đắc địa nhất Long Biên🌅 🌅  ------💥   Vị trí đắc địa tại khu trung tâm thứ 2 của Quận Long Biên, chính giữa KĐT Sài Đồng.👉  Nằm tại điểm tiếp nối của các phường Sài Đồng-Phúc Đồng-Việt Hưng-Phúc Lợi.👉  Là hàng xóm của các đại gia Vinhomes Riverside Long Biên.👉  Di chuyển thuận tiện sang các khu vực Minh Khai, Phố cổ chỉ 10p bằng đường bộ.❗ Quà tặng cực khủng:👉0️⃣ % 𝐋𝐚̃𝐢 𝐒𝐮𝐚̂́𝐭 𝐔̛𝐮 đ𝐚̃𝐢: Đặc Biệt chỉ có tại Le Grand Jardin Hà Nội – Nhận Nhà Vẫn Hưởng Ưu Đãi Lãi Suất Lên đến 15 Tháng👉 Với 800 triệu vốn tự có khách hàng đã có thể sở hữu chắc chắn một tổ ấm đa năng. Cực kỳ phù hợp để khách hàng điều phối dòng tiền với kế hoạch của bản thân.👉 Quà tặng 15 tháng phí quản lý vận hành.👉  Quà Tặng Tân Gia - Thỏa mãn giấc mơ LỚN trang hoàng ngôi nhà mới.‼ Sở hữu ngay Căn Hộ Rộng Rãi  – Đa Dạng – Tối Ưu Công Năng tại khu vực quận Long Biên.✅ Dự án đã hoàn thiện và đón tân gia.✅ Nằm tại trung tâm Sài Đồng, Long Biên.✅ Ưu đãi trồng ưu đãi - Số lượng có hạn.------ 
",Căn hộ,, 10/10/2023,07/11/2023,Bán,2565306,,,,,,,,,,,,,,,Tây-Nam,,,,
"
Bán nhà riêng phân lô Hoàng Quốc Việt,vỉa hè,ô tô tránh - Hà Nội giá 10.50 Tỷ
","
10,5
Tỷ ","
46
m2
","['Hà Nội', 'Quận Cầu Giấy', 'Mua bán Nhà riêng tại Đường Hoàng Quốc Việt']","
Bán nhà MỚI PHÂN LÔ HOÀNG QUỐC VIỆT,VỈA HÈ,KINH DOANH VĂN PHÒNG,AN SINH ĐỈNH CAO.. + Nhà thuộc ngõ phân Lô,trước nhà Ô TÔ TRÁNH,CÓ VỈA HÈ,kinh doanh Văn PHòng cực kì đẳng cấp,vị trí miễn bàn.  +Nhà xây mới,có thang máy chạy. + VỊ TRÍ TRUNG TÂM,GIAO THOA 3 QUẬN: TÂY HỒ,BA ĐÌNH,CẦU GIẤY. giao thông thuận tiện.. + THIẾT KẾ: Tầng 1: Gara Ô tô, bếp. Tầng 2: Phòng khách. Tầng 3-4-5-6: Thiết kế THÔNG SÀN. GIÁ: 10.5 TỶ ( CÓ THƯƠNG LƯỢNG) Liên hệ XEM NHÀ MIỄN PHÍ: Em Cường 0987970***
",Nhà riêng,Sổ đỏ, 10/10/2023,07/11/2023,Bán,2565247,1.0,1.0,1.0,1.0,1.0,1.0,1.0,1.0,1.0,1.0,1.0,1.0,1.0,1.0,,,,,
"
Bán toà nhà cho thuê Yên Hoà-50m2x5 Tầng-Thang máy -12 phòng cho thuê! Giá 9 tỷ
","
9
Tỷ ","
50
m2
","['Hà Nội', 'Quận Cầu Giấy', 'Mua bán Nhà riêng tại Đường Yên Hòa']","
SIÊU HIẾM CẦU GIẤY-NHÀ XÂY MỚI- THANG MÁY- DUY NHẤT TRONG TẦM GIÁ! 12 PHÒNG CHO THUÊ-DOANH THU 50 TRIỆU/THÁNG!!!!! + Tầm giá 9 tỷ không có căn thứ hai! lại có thang máy! Duy nhất trong khu vực! + Nhà xây mới 2023, mới đét! Nội thất Đầy đủ-khách mua chỉ việc vận hành! + Khu vực cho thuê cực kì đông khách- không bao giờ trống phòng. xung quanh tiện ích ngập tràn!! THIẾT KẾ: Tầng 1: để xe Tầng 2-5: Mỗi tầng 3 Phòng. SỔ ĐỎ CHÍNH CHỦ-PHÁP LÝ CHUẨN.  Giá: 9 Tỷ ( CÓ THƯƠNG LƯỢNG) Liên hệ XEM NHÀ MIỄN PHÍ Em Cường Nhà Đất: 0987970***
",Nhà riêng,Sổ đỏ, 10/10/2023,07/11/2023,Bán,2565239,,,,,,,1.0,1.0,1.0,,,,,,,,,,
"
Mở Bán Tòa K3 Quỹ Căn Đẹp Chung Cư KHai Sơn City Ngọc Thụy Long Biên. Mua Trực Tiếp Chủ Đầu Tư
","
3 - 4,6
Tỷ ","
77 - 120
m2
",['Mua bán Căn hộ chung cư  Khai Sơn Town'],"
Chung cư cao cấp Khai Sơn City nằm cạnh đường Lý Sơn gồm 6 tòa cao 21 tầng thuộc khu đô thị rộng 178ha. Căn hộ hiện đại tiện nghi đáp ứng sống Xanh An lành của 1 Thành Phố bên sông.6 Toà chung cư Khai Sơn City ôm trọn view hồ điều hoà rộng 22ha, view trực tiếp sông Đuống. Vị trí nằm cách phố Cổ chỉ 10 phút đi xe.Đa dạng cái loại hình căn hộ:+ Căn hộ 01 - 10: 89,53m hướng TB view sông - 2PN Giá 3,XX tỷ.+ Căn hộ 02 - 09: 119m hướng TB view sông - 3PN - Giá 5,XX tỷ.+ Căn hộ 03 - 08: 96,87m hướng ĐN view hồ - 3PN - Giá 4,XX tỷ.+ Căn hộ 04 - 07: 77,51 m hướng ĐN view hồ - 2PN - Giá 3,XX tỷ.+ Căn hộ 05 - 06: 101,57m hướng ĐN view hồ - 3PN - Giá 4,XX tỷ.Chính sách bán hàng hiện tại:* Thanh toán sớm 95% chiết khấu 12%GTCH.* Thanh toán sớm 50 % chiết khấu 5,5%GTCH.* Thanh toán theo tiến độ thông thương chiết khấu 4%GTCH.Ngoài ra ngân hàng còn hỗ trợ lãi suất 0% cho khoản vay 65% GTCH.Tiện ích.Chung cư Khai Sơn City Long Biên là tổ hợp căn hộ chung cư cao cấp với hệ thống tiện ích hiện đại: Gym, Spa, Trung Tâm Thương Mại, Nhà Trẻ, Bể bơi.Ngoài ra, tiện ích nội khu như trường học liên cấp, trường Pháp, công viên trung tâm, shophouse, khách sạn sẽ đáp ứng đầy đủ nhu cầu cho cư dân.* CHÍNH SÁCH ĐẶC BIỆT THÁNG 11: Chiết khấu lên tới 13% cho khách hàng đặt mua trong tháng 11 tri ân CĐT* Liên hệ trực tiếp PKD Bán hàng từ chủ đầu tư: Hotline 0962961***
",Căn hộ,, 10/10/2023,07/11/2023,Bán,2523847,1.0,1.0,1.0,1.0,1.0,1.0,1.0,1.0,1.0,1.0,1.0,1.0,1.0,1.0,Đông-Nam,,,,
"
2.2 tỷ sở hữu căn hộ tại Việt Hưng đã có sổ đỏ, full nội thất liền tường( DT63- 77m2)
","
2,2
Tỷ ","
63,6
m2
",['Mua bán Căn hộ chung cư  Eco City Việt Hưng'],"
Chỉ từ 2.2 tỷ sở hữu ngay căn hộ tại Việt Hưng, sát cạnh KĐT VInhomes Riverside*Dự án có đầy đủ tiện ích: Vườn dạo bộ EcoGarden, Phòng tập Gym trang thiết bị hiện đại, Bể bơi ngoài trời resort, Siêu thị Winmart, Highland Coffee+ Căn hộ 2PN - 2VS diện tích 63m2- 72m2- 77m2- Phòng bếp thiết kế sang trọng, có logia thông thoáng, giảm mùi tối đa.- Phòng ngủ có diện tích lớn, view trực diện công viên nội khu và bể bơi.- Phòng vệ sinh rộng rãi, có vách kính đứng.- Thiết kế căn hộ theo tiêu chuẩn 5 sao.- Hình thức sở hữu: Sổ hồng lâu dài. * Bàn giao full nội thất liền tường nhập khẩu cao cấp.+ Sàn gỗ nhập khẩu Đức, trần thạch cao.+ Thiết bị vệ sinh ToTo, vách tắm đứng, tủ gỗ Lavabo.+ Điều hòa 2 chiều Mitsubishi.+ Tủ bếp trên + dưới, bếp từ, hút mùi Hafele.+ Hệ thống cửa chính, cửa ngăn phòng, thiết bị chiếu sáng đầy đủ. *Quà tặng ưu đãi+ Miễn phí 1 năm tập Gym và 1 năm bể bơi ngoài trời+ Tặng khóa học tiếng anh trong 6 tháng tại trung tâm Language Link+ 10 suất tặng cây vàng trị giá 55trđ- Vị trí vàng: Nằm trong khu đô thị mới Việt Hưng, ngay cạnh Vincom Long Biên và nhiều địa điểm khác rất gần & thuận tiện (TTTM Savico Long Biên, Aeon Mall Long Biên, BVĐK Đức Giang... ).- Hệ thống cơ sở hạ tầng đồng bộ: Đường sá, trường học, y tế, siêu thị, khu vui chơi, bể bơi ngoài trời, gym, cafe, BBQ, shophouse... Rất tiện lợi!- Đặc biệt Eco City Việt Hưng còn được hưởng lợi từ dự án Vinhomes Riverside nằm ngay bên cạnh với các hệ thống cơ sở hạ tầng phát triển, khuôn viên đẹp & được triển khai xây dựng đồng bộ cùng với những lợi thế về vị trí. *Phòng KD hỗ trợ thông tin dự án và xem căn hộ: Mrs Nga-0865831***
",Căn hộ,Sổ hồng, 10/10/2023,24/10/2023,Bán,2565202,1.0,1.0,1.0,,,,,,,,1.0,1.0,1.0,,,,,,
"
Bán chung cư E1 Đại Học Bách Khoa - Đại Cồ Việt 35-55m2 chỉ từ 650 triệu
","
650 - 1200
Triệu ","
35 - 55
m2
","['Hà Nội', 'Quận Đống Đa', 'Mua bán Căn hộ chung cư tại Đường Lê Duẩn']","
Chính chủ - bán chung cư E1 Đại Học Bách Khoa - Đại Cồ Việt view công viên Thống Nhất Liên hệ chủ đầu tư: Chính chủTòa nhà xây mới - nhận nhà luôn. Giá rẻ - ô tô đỗ gần.Giao thông kết nối các tuyến phố chính đi lại thuận lợi : Xã Đàn, Đại Cồ Việt, Lê Duẩn, Giải Phóng…Khu vực dân trí cao, cạnh nhiều trường ĐH : Bách Khoa, Xây Dựng, ĐHKT Quốc DânMua cho các bạn sinh viên đi học, đi làm, gia đình vợ chồng mới cưới, vợ chồng 4-5 thành viên và các ông bà muốn ra ở riêng thì vô cùng phù hợpGiá trả trước 600tr - 650tr - 800tr - 900tr - hơn 1 tỷ.Diện tích: 35- 53m² - 56m² - 58m² - 60m² - 62m² Khách hàng thanh toán nhanh được giảm giá sâu.Tách sổ đỏ vĩnh viễn từng căn riêng theo quy định.Nội thất: Đầy đủ chỉ việc đến ở, tủ bếp, hút mùi, bếp từ, chậu rửa, sàn gạch, trần thạch cao, bảo ôn điều hòa, thiết bị vệ sinh và bình nóng lạnh, giường tủ, sofa, kệ tivi, cửa gỗ thịt tự nhiên, thang máy và thang bộ thoát hiểm, thiết bị PCCC, bảo vệ 24/24.Chủ đầu tư: chính chủ (miễn môi giới - trung gian).
",Căn hộ,, 10/10/2023,24/10/2023,Bán,2565174,,,,,,,,,,,,,,,,,,,
"
Cần b.á.n nhà PHÂN LÔ Nguyễn Viết Xuân, Hà Đông, TM 5,8 giá 5,8 tỷ
","
5,8
Tỷ ","
37
m2
","['Hà Nội', 'Quận Hà Đông', 'Mua bán Nhà riêng tại Đường Nguyễn Viết Xuân']","
Nhà nằm trong khu phân lô dành cho cán bộ, dân trí cao, an ninh c.ự.c tốt. Kinh doanh , để ở hoặc làm VP đều tuyệt vờiĐường trước nhà 2 OTO tránh nhau, nhà có GARAVài bước chân là đến #Ngô-Thì-Nhậm trung tâm quận Hà Đông, giao thoa các khu vực vip như #Văn Phú, #Văn Khê, #Tố Hữu. Tiện ích ngập tràn các dịch vụ 5*, trường học, bệnh viện, TTTM.Thiết kế: Kết cấu khung BT kiên cố, chủ tự xây. Nay làm ăn phát đạt nên chuyển sang BT+ Tầng 1:  GARA và wc+ Tầng 2: Phòng khách, bếp và phòng ăn.+ Tầng 3: Phòng ngủ Master khép kín+ Tầng 4: 2 ngủ + WC+ Tầng 5 phòng thờ, sân phơiLiện hệ xem nhà miễn phí: Mr Mạnh: 084.616.7***
",Nhà riêng,, 10/10/2023,07/11/2023,Bán,2565077,,,,,,,,,,,,,,,,,,,
