Title,Price,Area,Address,Gen_descrip,Loại hình,Ngày đăng,Ngày hết hạn,Loại tin,ID tin,Tình trạng pháp lý,Hướng nhà,Bình nóng lạnh,Máy hút mùi,Tủ bếp,Bàn ăn,Kệ TV,Tủ trang trí,Giường ngủ,Bàn phấn,Tủ quần áo,Bồn tắm,Vòi hoa sen,Bồn cầu,Bồn rửa mặt,Bàn ghế P.khách,Đường vào,Mặt tiền,Số tầng,Nội thất,Số phòng ngủ
"
Nhanh tay mua nhà tại mặt phố Phùng Hưng - diện tích 151m2 - Mặt tiền 6m với mức giá chỉ 28 tỷ
","
28
Tỷ ","
151
m2
","['Hà Nội', 'Quận Hà Đông', 'Mua bán Nhà mặt phố tại Phố Phùng Hưng']","
- Diện tích 151m2 X4 Tầng. Mặt tiền 6mGiá 28 tỷ ( có thương lượng ) - Vị trí đẹp nhất phố Phùng Hưng, mặt tiền rộng thênh thang, vỉa hè rộng xung quanh full tiện ích!- Thiết kế 4 tầng : 6 phòng ngủ ( có Gara ô tô và ô chờ thang máy )- Chủ mới về sơn lại vào ở luôn hoặc xây tòa nhà văn phòng hoặc nhà hàng kinh doanh hết ý!- Khu vực dân trí cao, an ninh đảm bảo!- Sổ đỏ chính chủ cất két sẵn sàng giao dịch.Liên hệ em Quân để được tư vấn và xem nhà 24/70385 94 1***!Miễn ( TG Quảng Cáo )
",Nhà mặt phố, 09/10/2023,06/11/2023,Bán,2562944,,,,,,,,,,,,,,,,,,,,,
"
Bàn nhà 2c Thổ Quan,MT 3,9m, KD, chính chủ miễn trung gian
","
6
Tỷ ","
30
m2
","['Hà Nội', 'Quận Đống Đa', 'Mua bán Nhà riêng tại Đường Thổ Quan']","
Cần bán nhà số 2c ngõ Thổ Quan. Mặt ngõ to gần đường lớn, ô tô đi lại thoải, rất sầm uất và kinh doanh đượcDT 30m2 x 3 tầng. Tầng 2 35m2Mặt tiền 3m9. Sổ đỏ chính chủ.Giá : 6 tỷ (Có thương lượng) 
",Nhà riêng, 09/10/2023,06/11/2023,Bán,2562843,Sổ đỏ,,,,,,,,,,,,,,,,,,,,
"
Bán gấp căn LK Roman Plaza lô góc 90m2, 5 tầng, giá 18, x tỷ. Quý khách liên hệ: 0963989***
","
18,8
Tỷ ","
88,3
m2
","['liền kề  Roman Plaza', 'Mua bán Nhà biệt thự']","
Bán gấp căn LK Roman Plaza lô góc 90m², 5 tầng, giá 18, x tỷ. Qúy khách liên hệ: 0963 989 ***.Xây dựng: 5 tầng. Tổng diện tích xây dựng: 307,5m².Mặt tiền: 23 m - Có hộc chờ thang máy.Sổ đỏ cất két, vuông đét, tận dụng lợi thế Lô góc: Kinh doanh Cafe, văn phòng đại diện...Sổ đỏ cất két không vay ngân hàng - Sẵn sàng giao dịch.Giá bán: 18, x tỷ.Số em: 0963 989 *** (E Thành xem nhà 24/24h ạ).Anh chị search map theo địa chỉ này ạ: https://goo.gl/maps/97AkrdsCWEm3BYzr8
","Nhà biệt thự, liền kề", 25/09/2023,23/10/2023,Bán,2537442,,Đông-Nam,1.0,1.0,1.0,1.0,1.0,1.0,1.0,1.0,1.0,1.0,1.0,1.0,1.0,1.0,,,,,
"
Chính chủ bán Căn Hộ giá rẻ K8- Phú Thượng – Tây Hồ, 35m2, 1 ngủ nhỉnh 700tr, full đồ cao cấp
","
700
Triệu ","
35
m2
","['Hà Nội', 'Quận Tây Hồ', 'Mua bán Căn hộ chung cư tại Đường Phú Thượng']","
Do cần chuyển công tác tôi cần bán gấp Căn hộ cho gia đình trẻ muốn định cư tại Phú Thượng - Tây HồDiện tích: 35m2Thiết kế: 1 ngủ, 1 khách, 1 wcGiá 800trCăn hộ đã có full đồ nội thất cao cấp chỉ đến ở ngayCó thang máy, bảo vệ 24/24Cách Công viên nước Hồ Tây khoảng 2,5kmCách trung tâm thương Mại Lotte mall Tây Hồ khoảng 3kmCăn hộ vuông, sáng, thoángXem nhà: 0983 169 ***( xem nhà không mất phí)
",Căn hộ, 09/10/2023,23/10/2023,Bán,2562816,Sổ đỏ,Đông-Bắc,,,,,,,,,,,,,,,,,,,
"
Nhà đẹp xây mới độc lập (43m2, 4 tầng 4PN) mặt trục ngõ thông, KD nhỏ Mậu Lương - Xa La HN
","
4,15
Tỷ ","
43
m2
","['Hà Nội', 'Quận Hà Đông', 'Mua bán Nhà riêng tại Đường Mậu Lương']","
Nhà đẹp xây mới 1 căn độc lập và duy nhất (43m2*4T*4PN) mặt trục ngõ thông, KD nhỏ phố Mậu Lương - KĐT Xa La HN.- Diện tích 43m2, mặt tiền 3.6m vuông đẹp.* Nhà xây mới 5 Tầng thiết kế tầng lửng làm phòng khách, theo phong cách hiện đại, nội thất sang trọng cao cấp...-Tầng 1: Khu để xe riêng, Bếp + phòng ăn.-Tầng 2: Phòng khách tầng lửng + 1 phòng ngủ rộng.-Tầng 3 và 4: Gồm 3 PN rộng + 1 Phòng thờ / Tầng 5 phía trước phòng giặt + sân phơi. Sân sau trồng rau và cây cảnh...Tất cả các tầng đều có 2 mặt thoáng và ban công tiểu cảnh cực đẹp...* Nội thất: Ngoài cửa cuốn - trong cửa kính thủy lực, cửa thông phòng gỗ Lim, cửa sổ nhôm Việt Pháp, đèn led chiếu sáng tiết kiệm điện, cầu thang đá Granit, gạch lát chống xước loại A1, đường chờ nóng lạnh điều hòa, cáp quang, internet, điện nước đầy đủ... Chỉ việc dọn về ở ngay.* Vị trí: Nhà đẹp nằm sát trục đường lớn, đối diện sân bóng Mậu Lương, trục ngõ chính KD tốt, thông sang KĐT Xa La, đường 70 viện quân Y 103, chợ Hà Đông và Sở GTVT Hà Nội. Giao thông cực kỳ thuận tiện đi vào trung tâm thành phố.* Giá: 4,15 tỷ. Có thượng lượng với khách có thiện trí! (Miễn trung gian môi giới).- Quý khách quan tâm vui lòng liên hệ: Quang Minh /""Tận tâm - Chuyên nghiệp - Nới gửi trọn niền tin"".- Trân trọng cảm ơn quý bạn đã đọc tin!
",Nhà riêng, 09/10/2023,06/11/2023,Bán,1846366,,,,,,,,,,,,,,,,,"3,5m","3,6m",5,Cơ Bản,
"
Tòa CCMN (70m2*7T*17PKK) Ngõ thông ô tô tránh 20m, đối diện ga Văn Quán, Big C Hồ Gương Plaza HN.
","
11
Tỷ ","
70
m2
","['Hà Nội', 'Quận Hà Đông', 'Mua bán Nhà riêng tại Đường Trần Phú']","
Siêu Phẩm! Tòa CCMN (70m²*7T, 17PKK) full đồ nội thất cao cấp, (gác xép) đối diện ga Văn Quán, tàu điện trên cao Cát Linh - Hà Đông, ngay BigC Hồ Gươm Plaza đường Trần Phú - KĐT Văn Quán Hà Đông HN.* Thiết kế kiểu CHDV - chung cư mini, phù hợp cho người đầu tư cho thuê. Vị trí lý tưởng để kinh doanh cho sinh viên và hộ gia đình thuê, gần các trường đại học lớn: ĐH Kiến Trúc, Học viện CN Bưu Chính Viễn Thông, Học viện Y Học Cổ Truyền, Học viện An Ninh ND... ).* Nhà xây 7T tổng 17 phòng đang cho thuê kín (full đồ nội thất, cao cấp như: Giường, tủ, điều hòa, nóng lạnh, tủ lạnh, hút mùi... ). Thang máy loại 650 kg. Giá phòng cho thuê từ 4tr - 4,5tr triệu/tháng. Thu nhập tới 75 triệu/tháng (Cao hơn nhiều so với lãi suất ngân hàng).* Vị trí: Ngay gần mặt đường Trần Phú đối diện ga tầu điện trên cao ga Văn Quán Hà Đông, thông ra các trục đường lớn Nguyễn Trãi - Trần Phú, Tố Hữu - Vũ Trọng Khánh... Khu phố tập trung rất nhiều các trường ĐH Lớn, Dân cư đông đúc, có nhu cầu rất cao về thuê nhà trọ, đặc biệt là hộ gia đình nhỏ và sinh viên. Giao thông cự kỳ thuận tiện đi vào trung tâm thành phố bằng phương tiện công cộng: Xe bus, ga đường sắt trên cao Cát Linh - Hà Đông...* Giá: 11 tỷ. Có thương lượng với khách có thiện chí - (Miễn trung gian môi giới).- Quý khách quan tâm vui lòng liên hệ: Minh Ngọc ""Tận tâm - chuyên nghiệp - nơi gửi trọn niềm tin"".- Trân trọng cảm ơn quý bạn đã đọc tin!
",Nhà riêng, 09/10/2023,06/11/2023,Bán,2385873,Sổ đỏ,,,,,,,,,,,,,,,,,,,,
"
Tòa CCMN (70m2*7T*17PKK) ngõ thông ô tô tránh 20m, đối diện ga Văn Quán, BigC Hồ Gương Plaza HN.
","
11
Tỷ ","
75
m2
","['Hà Nội', 'Quận Hà Đông', 'Mua bán Nhà riêng tại Đường Trần Phú']","
Siêu Phẩm! Tòa CCMN (70m*7T*17PKK) full đồ nội thất cao cấp, (gác xép) đối diện ga Văn Quán, tầu điện trên cao Cát Linh - Hà Đông, ngay BigC Hồ Gươm Plaza đường Trần Phú - KĐT Văn Quán Hà Đông HN.* Thiết kế kiểu CHDV - chung cư mini, phù hợp cho người đầu tư cho thuê. Vị trí lý tưởng để kinh doanh cho sinh viên và hộ gia đình thuê, gần các trường đại học lớn: ĐH Kiến Trúc, Học viện CN Bưu Chính Viễn Thông, Học viện Y Học cổ Triền, Học viện An Ninh ND... ).* Nhà xây 7T tổng 17 phòng đang cho thuê kín (full đồ nội thất, cao cấp như: Giường, tủ, điều hòa, nóng lạnh, tủ lạnh, hút mùi... ). Thang máy loại 650 kg. Giá phòng cho thuê từ 4tr - 4,5tr triệu/tháng. Thu nhập tới 75 triệu/tháng (Cao hơn nhiều so với lãi suất ngân hàng).* Vị trí: Ngay gần mặt đường Trần Phú đối diện ga tầu điện trên cao ga Văn Quán Hà Đông, thông ra các trục đường lớn Nguyễn Trãi - Trần Phú, Tố Hữu - Vũ Trọng Khánh... Khu phố tập trung rất nhiều các trường ĐH Lớn, Dân cư đông đúc, có nhu cầu rất cao về thuê nhà trọ, đặc biệt là hộ gia đình nhỏ và sinh viên. Giao thông cự kỳ thuận tiện đi vào trung tâm thành phố bằng phương tiện công cộng: Xe bus, ga đường sắt trên cao Cát Linh - Hà Đông...* Giá: 11 tỷ. Có thương lượng với khách có thiện chí - (Miễn trung gian môi giới).- Quý khách quan tâm vui lòng liên hệ: Minh Ngọc ""Tận Tâm - Chuyên Nghiệp - Nơi Gửi Trọn Niềm Tin""- Trân trọng cảm ơn quý bạn đã đọc tin!
",Nhà riêng, 09/10/2023,06/11/2023,Bán,2384465,Sổ hồng,,,,,,,,,,,,,,,,,,,,
"
Bán căn góc 3 phòng ngủ toà S2.11, Vinhomes Ocean Park, hướng Đông Nam, View siêu đẹp, chỉ 2.6 tỷ
","
2,6
Tỷ ","
80
m2
",['Mua bán Căn hộ chung cư  Vinhomes Ocean Park'],"
Thông tin chi tiết:- Căn hộ thuộc toà S2.11, phân khu Sapphire 2 - KĐT Vinhomes Ocean Park, Gia Lâm, Hà Nội.- Tổng diện tích: 79.9 m².- Thiết kế: Phòng khách + bếp, 3 phòng ngủ, 2WC.- Hướng Đông Nam cực thoáng mát.- View cực chất: View công viên Masteri, biệt thự siêu đẹp.- Nội thất: Cơ bản.- Giá bán: 2.6 tỷ, bao phí sang tên.Liên hệ: Phương Nhung - BĐS Nhà Mới.SĐT: 0966.330.***Email: phuongnhung@bdsnhamoi.vn
",Căn hộ, 09/10/2023,23/10/2023,Bán,2562726,Sổ đỏ,Đông-Nam,1.0,1.0,1.0,1.0,1.0,1.0,1.0,1.0,1.0,1.0,1.0,1.0,1.0,1.0,,,,,
"
Bán căn hộ 77m2 giá 3,3tỷ toà L2 tại dự án Le Grand Jardin Sài Đồng - Long Biên - Hà Nội.
","
3,3
Tỷ ","
77
m2
",['Mua bán Căn hộ chung cư  Le Grand Jardin Sài Đồng'],"
Dự án Le Grand Jardin nằm trong KĐT quy hoạch đẹp nhất Long Biên.+ Gần trường cấp 1,2 Nguyễn Bỉnh Khiêm, THCS tiểu học Sài Đồng.+ Gần Vincom Plaza, Aeon Mall Long Biên.+ Sát lối lên cầu Vĩnh Tuy 2 hoàn thành thông xe Tháng 9/2023.+ Mật độ thấp chỉ 84 - 140 căn/tòa.* Tại sao lên lựa chọn Le Grand Jardin là nơi an cư.- Cộng đồng cư dân văn minh, trung tâm.- Quần thể 9 tòa với hơn 50 tiện ích đẳng cấp.- Là dự án có quần thể và thiết kế cũng như chất lượng xây dựng đẹp nhất Sài Đồng.- Dự án đã hoàn thiện và khách hàng có thể nhận nhà ở ngay sau khi mua - Khách hàng có thể trực tiếp đến mục sở thị căn hộ mà mình quan tâm.+ Chỉ 10p di chuyển vào trung tâm Hà Nội.+ Cách Quốc lộ 5 chỉ 200m, di chuyển đến cao tốc, các tỉnh lân cận như Hải Dương, Hải Phòng, Bắc Ninh, Quảng Ninh, cực kì thuận lợi.+ Chỉ 30p ra đến sân bay Nội Bài.+ Giao thông công cộng phát triển, đường xá to rộng.* Chính sách vô cùng hấp dẫn:+ Chiết khấu thanh toán sớm 8,5 %.+ Chiết khấu thanh toán thường 6,5%.+ Hỗ trợ vay LS 0% /70% giá trị căn hộ /15 tháng.+ Tặng gói nội thất cao cấp trị giá từ 70 - 120 triệu đồng.+ Tặng 18 tháng phí dịch vụ.
",Căn hộ, 06/10/2023,03/11/2023,Bán,2558463,,,,,,,,,,,,,,,,,,,,,
"
Bán căn hộ chung cư Nơ 23 Pháp Vân Hoàng Liệt, Hoàng Mai
","
0,00175
Triệu ","
63
m2
","['Hà Nội', 'Quận Hoàng Mai', 'Mua bán Căn hộ chung cư tại Đường Trần Thủ Độ']","
Cần bán căn hộ Nơ 23, tầng 7, khu đô thị Pháp Vân, Hoàng Mai, Hà Nội.Diện tích ở: 63m2 gồm 2 phòng ngủ, 1 phòng khách, 1 nhà tắm, 1 ban công rộng rãi; phòng khách và phòng ngủ đều có cửa sổ lớn rất thông thoáng; hành lang rộng rãi thoáng gió. Nhà đã sơn sửa lại, để lại nội thất cơ bản (sofa, sàn gỗ, nóng lạnh, tủ bếp hút mùi, giường tủ,……).Tòa nhà có 1 tầng để xe và có bãi gửi xe ô tô ngay cạnh nhà, có thang máy và 2 thang bộ.Quần thể khu đô thị bao gồm: Biệt thự, chung cư, vườn hoa, sân chơi, trường mầm non, ngân hàng, nhà hàng, siêu thị mini. Khu đô thị có rất nhiều cây xanh, sân chơi, rất an toàn để tập thể dục và cho trẻ vui chơi.Khu đô thị được quy hoạch đồng bộ, giao thông thuận tiện.Các địa điểm gần nhà: Bến xe buýt ngay dưới chân tòa nhà, trường mầm non đạt chuẩn quốc gia (200m) 5 phút đi bộ, gần các trường tiểu học, THCS, THPT, gần chợ, gần trung tâm thương mại Thanh Trì (1km), gần bến xe Nước Ngầm (1km), bến xe Giáp Bát (3km), gần công viên Yên Sở (2km).Sổ đỏ chính chủ. Ban công hướng Đông Nam.Giá bán: 1.750 tỷ( SĐCC ) 
",Căn hộ, 09/10/2023,06/11/2023,Bán,2562677,Sổ đỏ,Đông-Nam,,,,,,,,,,,,,,,,,,,
"
1,9 tỷ căn 2N tầng 9 nhà mới ở ngay, sổ hồng cầm tay tại Xp Homes Star kdt Tân Tây Đô
","
1,9
Tỷ ","
64
m2
",['Mua bán Căn hộ chung cư  Khu đô thị Tân Tây Đô'],"
Bán nhanh căn 2N 2VS tầng 9 tòa nhà mới Xp Homes Star, vào ở được ngay, đã có sổ hồng, hỗ trợ vay ngân hàng lãi suất thấp👉 Căn 2N 2VS hướng Đông Nam thoáng mát, tầng trung, view nội khu trung tâm và liền kề biệt thự👉 Thuận tiện nhiều trường học và bệnh viện lớn: Liên cấp Newton, Đại học Thành Đô, ĐH Thương mại...👉 Căn hộ có slot đỗ ô tô dưới hầmLiên hệ xem tận nhà: 0984506***
",Căn hộ, 09/10/2023,23/10/2023,Bán,2562633,Sổ hồng,Đông-Bắc,1.0,,,,,,,,,1.0,1.0,1.0,1.0,,,,,,
"
cần bán gấp nhà đẹp Hoàng Quốc Việt - 2 mặt ngõ ô tô tránh an sinh đỉnh cao full nội thất
","
34
Tỷ ","
92
m2
","['Hà Nội', 'Quận Cầu Giấy', 'Mua bán Nhà riêng tại Đường Hoàng Quốc Việt']","
- Diện tích 92m2 X6 Tầng. Mặt tiền 6mGiá bán 34 tỷ ( có thương lượng )- Vị trí nhà nằm trên mặt ngõ Hoàng Quốc Việt, cạnh ngã 5 giao Hoàng Quốc Việt giao thông vô cùng thuận lợi tiện ích xung quanh đầy đủ!- Thiết kế hiện đại 6 tầng thang máy full công năng sử dụng!- Chủ tặng full nội thất cho khách mới!- Sổ đỏ chính chủ nở hậu tuyệt đẹp, sẵn sàng giao dịch!Liên hệ em Quân để được tư vấn và xem nhà 24/70385 94 1***!Miễn ( TG Quảng Cáo )
",Nhà riêng, 08/10/2023,05/11/2023,Bán,2562262,,,,,,,,,,,,,,,,,,,,,
"
⚡ ⚡ Bán nhà mặt đường Minh Khai , 36m2, 18 tỷ , mặt tiền 5m , 5 tầng⚡ ⚡
","
Thỏa thuận
","
36
m2
","['Hà Nội', 'Quận Hai Bà Trưng', 'Mua bán Nhà mặt phố tại Phường Minh Khai']","
Mới 100% - 5 tầng thang máy vù vùNhà dân xây , móng 7 tầng Vị trí vàng , kinh doanh đỉnh , lô góc 3 thoáng vĩnh viễnVỉa hè siêu khủng , đỗ xe ô tô thoải máiHướng Đông Nam , gần nút giao cầu Mai Động, Kim Ngưu 📞 Em Hà : 0366508***
",Nhà mặt phố, 08/10/2023,05/11/2023,Bán,2562204,,,,,,,,,,,,,,,,,,,,,
"
Đối Diện FELIZ HOMES Hoàng Mai _ Mặt Ngõ _ ÔTÔ Tránh _ Kinh Doanh _ An Sinh Đỉnh
","
4,1
Tỷ ","
30
m2
","['Hà Nội', 'Quận Hoàng Mai', 'Mua bán Nhà riêng tại Đường Hoàng Mai']","
* Bán Nhà Phố Hoàng Mai DT 30m / 5 Tầng _ Giá 4 Tỷ 100 (thương lượng)- Vị trí nhà quá đẹp, đối diện sảnh toà chung cư cao cấp FELIZ HOMES Hoàng Mai, cách Hồ Đền Lừ hơn 300m, Ngõ Ô TÔ Tránh Nhau, Thông với nhiều tuyến phố như: Minh Khai,Mai Động, Trương Định, Tam Trinh ... giao thông thuận tiện, an sinh tuyệt vời, vừa ở vừa kinh doanh vô tư.- Thiết kế 5 Tầng KCBT kiên cố, hiện đại trẻ trung với tổng 3 phòng ngủ khép kín + phòng khách + phòng thờ + sân phơi, nội thất cao cấp, đầy đủ công năng sử dụng.- Sổ riêng chính chủ đẹp từng centimet,sẵn sàng giao dịch.Liên hệ ngay 036_587_22***để xem nhà và giao dịch chính chủ ( miễn trung gian)
",Nhà riêng, 08/10/2023,05/11/2023,Bán,2561603,Sổ đỏ,,1.0,1.0,1.0,1.0,1.0,1.0,1.0,1.0,1.0,1.0,1.0,1.0,1.0,1.0,6m,3m,5,True,3
"
Bán đất mặt đường Lạc Long Quân - Vị trí vàng - mặt tiền rộng xây tòa nhà kinh doanh sầm uất
","
165
Tỷ ","
325
m2
","['Hà Nội', 'Quận Tây Hồ', 'Mua bán Đất tại Đường Lạc Long Quân']","
- Diện tích 325/362m2 Đất. Mặt tiền 11mGiá bán 165 tỷ ( có thương lượng )- Vị trí cực đẹp mảnh đất hiếm còn sót lại nằm trên mặt đường Lạc Long Quân giao thông và tiện ích xung quanh đầy đủ!- Đã có GPXD 2hầm + 5 nổi + 1 lửng + 1 tum.- Chủ mới về chỉ việc khởi công xây dựng!- Diện tích xây dựng 87%- Sổ đỏ nở hậu đẹp sẵn sàng giao dịch!Liên hệ em Quân để được tư vấn và xem nhà 24/70385 94 1***!Miễn ( TG Quảng Cáo )T ĐƯỜNG LẠC LONG QUÂN - VỊ TRÍ VÀNG - MẶT TIỀN RỘNG XÂY TÒA NHÀ KINH DOANH SẦM UẤT
",Đất, 08/10/2023,05/11/2023,Bán,2562055,,,,,,,,,,,,,,,,,,,,,
"
Nhà ngõ 467 vài bước ra Hoàng Hoa Thám. Chỉ 100 tr/m2, Đầu tư tăng giá theo Quy Hoạch
","
8,35 - 8,4
Tỷ ","
83
m2
","['Hà Nội', 'Quận Ba Đình', 'Mua bán Nhà riêng tại Đường Hoàng Hoa Thám']","
Ngõ 467 Hoàng Hoa Thám chập với ngõ 465 thành đường ngõ lớn ô tô tránh. Ngay gần các bệnh viện lớn, sân vận động Quần Ngựa, Văn Cao-Hồ Tây, gần điểm đỗ xe Bus, giao thương sôi độngNhà cách đường Hoàng Hoa Thám chỉ vài bước. Giá sẽ tăng đột biến khi đường Hoàng Hoa Thám mở rộng theo Quy hoạch. Mua ở và đầu tư rất tốtTổng diện tích đất 82.3m2 mặt tiền 10m. Có nhà 2 tầng, xây dựng 40m2. Còn lại là sân vườn, cây cảnh, tiểu cảnh, yên tĩnh, thoàng mát.Hiện tại nhà đủ công năng, 3 phòng ngủ sáng thoáng.Giá chỉ 8.4 tỷ (khoảng 100 triệu/m2). Thương lượng giá Chính Chủ.Bố mẹ tách sổ cho con trai, nay cùng bán. Mặt tiền rộng, phù hợp đầu tư chia lô hoặc xây toà Chung cư Mini.* Liên hệ ngay để xem nhà chính chủ miễn phí: Hoàng ViệtTôi biết nhiều nhà cũng đang cần bán ở quận Ba Đình, Tây Hồ, Cầu Giấy. Liên hệ tôi để nhận thông tin miễn phí.
",Nhà riêng, 08/10/2023,05/11/2023,Bán,2561871,Sổ đỏ,,1.0,1.0,1.0,1.0,1.0,1.0,1.0,1.0,1.0,,1.0,1.0,1.0,1.0,,,,,
"
Biệt Thự Tren Cao - Penthouse 300m2 Giá 12 tỷ Nằm trên Phố Duy Tân - Cầu Giấy ( bàn giao thô)
","
Thỏa thuận
","
300
m2
",['Mua bán Căn hộ chung cư  Dreamland Bonanza'],"
Bán  Căn Biệt thự trên cao Penthouse/SkyVilla Bonanza  tầng 32 đẹp nhất Phố Duy Tân Cầu Giấy.Nơi hưởng thụ không gian sống Đẳng cấp - Giới hạn - Thượng Lưu. Toà nhà: Dreamland Bonanza  Số 23 Duy Tân - Cầu Giấy ==========================Tổng diện tích: 300m².- Diện tích tầng 1: 180m² - Tầng 2: 120m².- Diện tích khoảng ban công 17m.Thiết kế: (4 - 5 phòng ngủ - 5 wc). Độ cao trần phòng khách: 6.6m. Mỗi tầng cao 3.3m.- Bàn giao: Thô. - Tặng bản vẽ thiết kế 3D ( đã lên sẵn)- Có bể bơi, gym, golf, bóng bàn, yoga, sân chung nằm tại tầng 6 7 toà nhà.- Tầng 1 2 là khối thương mại ngân hàng Siêu thị đã đi vào vận hành.- Sử dụng thang máy riêng.==========================Đặc biệt căn Penthouse sở hữu view siêu thoáng nằm trên tầng cao nhất toà nhà, view hồ skylake, công viên cầu giấy, trường ĐH  quốc gia.- Miễn Phí 2 năm DV toà nhà và tiện ích.Hotline: 0987 106 ***
",Căn hộ, 08/10/2023,22/10/2023,Bán,2561780,Sổ hồng,Đông-Bắc,,,,,,,,,,,,,,,,,,,
"
Chỉ từ 2.9 tỉ sở hữu căn hộ chung cư 5* có không gian xanh vượt trội !!
","
2,93
Tỷ ","
67,49
m2
",['Mua bán Căn hộ chung cư  An Lạc Green Symphony'],"
Chỉ từ 2.9 sở hữu căn hộ chung cư 5*- Không gian sống xanh như ecopark- Bể bơi 4 mùa tràn bờ. Spa. công viên xanh nội khu. Trường học Liên Cấp Đoàn Thị Điểm, ...- Giao thông kết nối Mĩ Đình 7p đi xe. Hà Đông <5km. Thanh xuân <10km- Nội Thấp cơ bản liền tường. CDT lắp đặt toàn bộ Thiết bị của hãng hàng Uy Tín chất lượng.( Samsung. toto,... )- HTLS 2 năm 0%- Thanh toán tiến độ Linh Động- Nhận nhà 31/12/2023LH,zalo : 0398999***
",Căn hộ, 08/10/2023,05/11/2023,Bán,2561359,,Đông-Nam,1.0,1.0,1.0,1.0,1.0,1.0,1.0,1.0,1.0,1.0,1.0,1.0,1.0,1.0,,,,,
