Title,Price,Area,Address,Gen_descrip,Loại hình,Số tầng,Ngày đăng,Ngày hết hạn,Loại tin,ID tin,Tình trạng pháp lý,Hướng nhà,Bình nóng lạnh,Máy hút mùi,Tủ bếp,Bàn ăn,Kệ TV,Tủ trang trí,Giường ngủ,Bàn phấn,Tủ quần áo,Bồn tắm,Vòi hoa sen,Bồn cầu,Bồn rửa mặt,Bàn ghế P.khách,Số phòng ngủ,Căn góc,Nội thất,Hướng ban công
"
Biệt thự 4 tầng 90m2, mặt tiền 6m kinh doanh mặt phố Sa Đôi, Đại Mỗ, Nam Từ Liêm
","
17,5
Tỷ ","
90
m2
","['Hà Nội', 'Quận Nam Từ Liêm', 'liền kề tại Đường Sa Đôi', 'Mua bán Nhà biệt thự']","
Biệt thự 4 tầng 90m, mặt tiền 6m Kinh doanh mặt phố Sa Đôi, Đại mỗ, Nam Từ Liêm.  BIỆT THỰ LIỀN KỀ 2 MẶT PHỐ VỈA HÈ - KINH DOANH - TIỀM NĂNG TĂNG GIÁ MẠNH.+ Biệt thự liền kề Shophouse khu nhà ở Việt Bắc, 1 mặt phố Sa Đôi vỉa hè 3m, 1 mặt đường nội bộ ô tô tránh vỉa hè có vườn hoa thoáng mát.Cách ngã tư Đại Mỗ và Sa Đôi 10m. Đường Đại Mỗ đã giải tỏa Đường Lê Quang Đạo kéo dài sắp thi công. Giá trị căn nhà sẽ tăng mạnh.+ Diện tích 90m2 x 4 tầng, 2 mặt tiền rộng 6m, thiết kế cầu thang giữa mỗi.- Tầng 2,3 với phòng ngủ master.- Tầng 4 phòng giúp việc và phòng chức năng khác.Nhà cho thuê mắt trước của tầng 1 10tr/ tháng Chủ ký hợp đồng năm 1.+ Sổ phân lô vuông đẹp như A4, sẵn sàng giao dịch.Giá 17,5 Tỷ.
","Nhà biệt thự, liền kề",4, 24/09/2023,22/10/2023,Bán,1982269,,,,,,,,,,,,,,,,,,,,
"
Siêu phẩm 3PN chỉ 4 tỉ rộng 90m2m tại tòa R1.01 tặng luôn 1 VC bốc VF5
","
4E-06
Triệu ","
90
m2
",['Mua bán Căn hộ chung cư  Vinhomes Ocean Park'],"
Sở hữu thiết kế thông minh cùng diện tích linh hoạt, căn hộ 3PN hướng Đông Nam - Tây Nam ở The ZenPark mở ra không gian sống phù hợp với hầu hết các gia đình ở Việt Nam. Với những gia đình có 2 thế hệ hoặc gia đình thích không gian rộng thoáng, loại hình căn hộ này vừa giúp bố mẹ có thể thuận tiện chăm sóc con cái, vừa đảm bảo không gian riêng tư cho từng thành viên trong gia đình.Có đầy đủ tiện ích Free: Bể bơi 4 mùa mái vòm, phòng GYM, bếp nướng BBQ và đặc biệt không phải lo về slot ô tô.Chính sách mua căn hộ siêu khủng chưa từng có.- Thanh toán tiến độ: CK hơn 300tr- Vay: Vốn tự có chỉ với 30%, ngân hàng cho vay 70% GTCH trong tối đa 35 năm với chính sách 3 không tới tháng 10/2024, cụ thể.+ Không mất gốc.+ Không mất lãi.+ Không mất phí phạt khi trả nợ trước hạn.Tất cả các căn hộ đều mua trực tiếp từ giá gốc chủ đầu tư.Được hỗ trợ tận tình từ khi xem dự án, nhà mẫu đến khi đặt cọc mua nhà, nhận bàn giao, làm sổ đỏ, làm nội thất.Tất cả thông tin được cung cấp chính xác và đầy đủ nhất.Có thể liên hệ với bất cứ lúc nào, hỗ trợ 24/7.Hotline e Nhung 0966.330.*** 
",Căn hộ,, 08/10/2023,22/10/2023,Bán,2561298,Sổ hồng,Đông-Nam,1.0,1.0,1.0,1.0,1.0,1.0,1.0,1.0,1.0,1.0,1.0,1.0,1.0,1.0,,,,
"
Bán nhà riêng Quận Ba Đình - Hà Nội giá 5.00 Tỷ
","
5
Tỷ ","
36
m2
","['Hà Nội', 'Quận Ba Đình', 'Mua bán Nhà riêng tại Đường Hoàng Hoa Thám']","
Gia đình tôi cần bán nhà Hoàng Hoa Thám 5 tỷ hơn 0912 322 ***.Chính chủ cần bán gấp nhà riêng Hoàng Hoa Thám phân lô 2 mặt thoáng 6 tầng thông sàn thang máy ô tô đỗ miễn phí.Sổ đỏ chính chủ đẹp như Hoa Hậu.Tiện ích: Hàng xóm: Nhiều gia đình trẻ có học thức, thân thiện, dễ gần.An ninh: Đảm bảo tuyệt đối, để xe bên ngoài 24/7 rất an toàn.Gọi cho tôi: Tiến 0912 322 *** 
",Nhà riêng,, 08/10/2023,05/11/2023,Bán,2560941,,,,,,,,,,,,,,,,,,,,
"
Bán nhà riêng Quận Hoàng Mai - Hà Nội giá 4.55 Tỷ . 1 nhà ra phố . Giao thông thuận tiện
","
4,55
Tỷ ","
44
m2
","['Hà Nội', 'Quận Hoàng Mai', 'Mua bán Nhà riêng tại Đường Kim Giang']","
Nhà 6 tầng Kim Giang Diện tích 44m2 x MT 5M Gía 4.55 tỷ NHÀ ĐẸP Ở LUÔN - 1 NHÀ RA PHỐ OTO TRÁNH - GT THUẬN TIỆN KHÔNG THIẾU THỨ GÌ - KHÁCH SÁCH VALY VÀO Ở LUÔN + Vị trí cách 1 nhà ra phố, 5M Ra ôtô đỗ kinh doanh ngày đêm. Nhà dân xây mới đẹp chắc chắn. Tầng 1: Phòng khách, phòng bếp, nhà ăn và vệ sinh. Tầng 2: 1 phòng ngủ rộng, 1 vệ sinh ngoài, 1 phòng nhỏ làm kho, ban công làm vườn hoa. Tầng 3, 4: Mỗi tầng 2 phòng ngủ, 1 vệ sinh ngoài, ban công. Tầng 5: 1 phòng rộng đang làm lớp dạy học, 1 vệ sinh ngoài, 1 sân máy giặt. Tầng 6: Sân phơi. + Sổ đỏ chính chủ , giao dịch ngay, LH 0983.888.*** (zalo) tư vấn 24/7
",Nhà riêng,, 08/10/2023,05/11/2023,Bán,2560940,,,1.0,1.0,1.0,1.0,1.0,1.0,1.0,1.0,1.0,1.0,1.0,1.0,1.0,1.0,,,,
"
Bán căn hộ chung cư M3 M4 Nguyễn Chí Thanh quận Đống Đa 151 m2, 3 ngủ 2 wc. LH 0936333***.
","
6 - 6,2
Tỷ ","
151 - 170
m2
",['Mua bán Căn hộ chung cư  M3 - M4 Nguyễn Chí Thanh'],"
Tòa nhà tọa lạc tại 91 Nguyễn Chí Thanh ngay ngã tư Huỳnh Thúc Kháng, thuận tiện giao thông kết nối các tuyến đường Kim Mã, La Thành, Đường Láng, Trần Duy Hưng.Căn hộ có diện tích rộng hiếm có, phòng khách rộng, 3 ngủ và ban công rộng 15 m2 có thể thiết kế không gian non bộ và cây cảnh đẹp!Vị trí vô cùng thuận lợi cho các con đi học các trường tốt, từ tiểu học cho đến đại học, chỉ cần vài phút đi bộ là đến Đại học Luật, ĐH Ngoại Thương, Ngoại Giao…Gia chủ cũng chỉ cần vài bước chân là ra công viên Hồ Thành Công, nơi lý tưởng để đi dạo, thể dục nâng cao sức khỏe hàng ngày.Giá 6 ++ tỷ. Liên hệ xem nhà: Mr. Minh 0936333***.
",Căn hộ,, 07/10/2023,04/11/2023,Bán,2560916,Sổ đỏ,,1.0,1.0,1.0,1.0,1.0,1.0,1.0,1.0,1.0,1.0,1.0,1.0,1.0,1.0,,,,
"
Bán nhà cấp 4 mặt ngõ to đường Phú Mỹ, Mỹ Đình 2, Nam Từ Liêm, HN
","
29,49 - 29,5
Tỷ ","
112
m2
","['Hà Nội', 'Quận Nam Từ Liêm', 'Mua bán Nhà mặt phố tại Đường Phú Mỹ']","
Bán nhà cấp 4 mặt ngõ to đường Phú Mỹ, Mỹ Đình 2, Nam Từ Liêm, HNDiện tích: 112m2  Mặt tiền 7m.  Giá:  29,5 tỷChủ nhà cần bán nhà cấp 4 mặt ngõ to 2 ô tô tránh có vỉa hẻ, thoáng mát cây xanh. Phố quy hoạch ổn định, xung quanh nhiều nhà xây 10 tầng. Kinh doanh sầm uất các loại hình nhà hàng, café, văn phòng, phòng khám…Sổ đỏ chính chủ. Sẵn sàng giao dịch.Liên hệ: Mr Quyết  09885565***giờ HC
",Nhà mặt phố,, 07/10/2023,04/11/2023,Bán,2560488,Sổ đỏ,,,,,,,,,,,,,,,,,,,
"
Cắt lỗ - bán chung cư CT1 Phạm Ngọc Thạch - Xã Đàn - Đống Đa - nội thất đầy đủ - Sổ hồng vĩnh viễn
","
600
Triệu ","
58
m2
","['Hà Nội', 'Quận Đống Đa', 'Mua bán Căn hộ chung cư tại Đường Phạm Ngọc Thạch']","
Bán cắt lỗ chung cư CT1 Phạm Ngọc Thạch - Xã Đàn - Đống ĐaLiên hệ Trường chủ đầu tư để mua giá gốc 0971 846 336lưu ý miễn môi giới trung gian).Chung cư xây dựng mới hiện đại, đã hoàn thiện có thể xách đồ về ở ngay.Gần các trường đại học - chợ - siêu thị - trường học các cấp - đi lại thuận lợi.Giá bán: 635tr - 700tr - 800tr - 952tr - hơn 1 tỷ.Diện tích: 52m - 54m - 59m - 60m - 65m.Tòa nhà thiết kế tầng 1 để xe, có đầy đủ hệ thống phòng cháy chữa cháy tự động, an ninh tòa nhà bảo vệ chuyên nghiệp.Sổ hồng sở hữu vĩnh viễn.Liên hệ trực tiếp Trường chủ đầu tư xây dựng để mua nhà giá gốc 0971 846 ***.Add zalo để nhận video căn hộ. (Lưu ý miễn môi giới trung gian).
",Căn hộ,8, 07/10/2023,04/11/2023,Bán,2053072,Sổ hồng,Đông,1.0,1.0,1.0,1.0,1.0,1.0,1.0,1.0,1.0,1.0,1.0,1.0,1.0,1.0,2,Có,nội thất đầy đủ về ở ngay,
"
Chính chủ - Bán chung cư A1 Đại học Bách Khóa - Đại Cồ Việt - Hai Bà Trưng - Sổ hồng vĩnh viễn
","
650
Triệu ","
58
m2
","['Hà Nội', 'Quận Hai Bà Trưng', 'Mua bán Căn hộ chung cư tại Đường Đại Cồ Việt']","
Chung cư A1 Đại học Bách Khóa - Đại Cồ Việt - Hai Bà Trưng.Liên hệ Trường chủ đầu tư để mua giá gốc 0971 846 336Lưu ý miễn môi giới trung gian).Chung cư xây dựng mới hiện đại, đã hoàn thiện có thể xách đồ về ở ngay.Gần các trường đại học - chợ - siêu thị - trường học các cấp - đi lại thuận lợi.Giá bán: 610tr - 659tr - 700tr - 848tr - 922tr - hơn 1 tỷ.Diện tích: 50m - 54m - 58m - 60m - 65m - 68m².Tòa nhà thiết kế tầng 1 để xe, có đầy đủ hệ thống phòng cháy chữa cháy tự động, an ninh tòa nhà bảo vệ chuyên nghiệp.Sổ hồng sở hữu vĩnh viễn.Liên hệ trực tiếp Trường chủ đầu tư xây dựng để mua nhà giá gốc 0971 846 ***.Add zalo để nhận video căn hộ. (Lưu ý miễn môi giới trung gian).
",Căn hộ,8, 07/10/2023,04/11/2023,Bán,1537996,Sổ hồng,Tây,1.0,1.0,1.0,1.0,1.0,1.0,1.0,1.0,1.0,1.0,1.0,1.0,1.0,1.0,2,Có,Có,Đông
"
Vợ chồng tôi bán cắt lỗ căn 3PN chung cư BRG Lê Văn Lương giá 6,3 tỷ. Liên hệ 0986555***.
","
6,3
Tỷ ","
110
m2
",['Mua bán Căn hộ chung cư  BRG Diamond Residence'],"
Vợ chồng tôi cần tiền gấp bán cắt lỗ căn hộ BRG địa chỉ 25 Lê Văn Lương trung tâm quận Thanh Xuân.Căn tầng trung, thiết kế 3 p.ngủ, 2 v.sinh, 1p.khách, bếp. Cửa vào Tây Nam, ban công Đông Bắc thoáng mát. Nhà mới nhận nhà được luôn.Giá bán: 6,3 tỷ (thiện chí mua vợ chồng tôi bớt thêm).Liên hệ: 0986.555.*** (chị Trang).
",Căn hộ,, 07/10/2023,04/11/2023,Bán,2560226,Sổ đỏ,,,,,,,,,,,,,,,,,,,
"
Bán gấp sổ đỏ shophouse 293m2 lô góc ngã tư Hàm Nghi - Nguyễn Cơ Thạch
","
24
Tỷ ","
293
m2
",['Mua bán Nhà phố thương mại Shophouse  Golden Field Mỹ Đình'],"
Tôi cần tiền bán gấp 2 lô shophouse sổ đỏ 2 tầng VIP vị trí góc 2 măt tiền đường lớn là Hàm Nghi và Nguyễn Cơ Thạch, Cửa ngõ đi vào khu đô thị Vinhomes Gadenia. Trung tâm của Mỹ Đình – Nam Từ Liêm.- Lô số 1 diện tích 293m2 hiện đang cho BIBO Mart thuê giá 1,2 tỷ/năm hợp đồng 10 năm, đóng tiền 1 năm một, được phép tăng giá tối đa 10%/năm- Lô số 2 diện tích 289m2 hiện đang cho CANIFA thuê giá 1,2 tỷ/năm hợp đồng 10 năm, đóng tiền 1 năm một, được phép tăng giá tối đa 10%/nămTình trạng pháp lý : sổ đỏ cát két sẵn sàng công chứng. Nay tôi cần tiền bán gấp giá 24,x tỷ Anh/chị quan tâm mời qua xem trực tiếp.Liên hệ : 0901498***
",Nhà phố thương mại Shophouse,, 07/10/2023,04/11/2023,Bán,2560031,Sổ đỏ,Đông-Nam,,,,,,,,,,,,,,,,,,
"
Bán nhà phân lô Nguyễn Phúc Lai, ngõ to như phố, 55m2 ô tô vào nhà, VIP quận Đống Đa
","
13
Tỷ ","
55
m2
","['Hà Nội', 'Quận Đống Đa', 'Mua bán Nhà riêng tại Phố Nguyễn Phúc Lai']","
VIP TRUNG TÂM ĐỐNG ĐA - NGÕ TO NHƯ PHỐ - KHU PHÂN LÔ - Ô TÔ VÀO NHÀ+ Vị trí trong khu phân lô Bộ Công An, hàng xóm toàn Tướng tá ở, an ninh an toàn đỉnh, nơi đáng sống nhất nhì Quận, ngõ thông ra Hồ Hoàng Cầu, khu vực hiếm nhà bán.+ Ngõ to như phố ô tô tránh thông sang Hoàng Cầu, Ô Chợ Dừa, Láng Hạ, Xã Đàn… Thuận tiện đi lại vô cùng+ Nhà xây kiên cố chắc chắn nội thất gỗ lim chủ tặng lại toàn bộ nội thất cho khách thiện trí.+ Nhà thiết kế rất đẹp và hợp lýTầng 1: Ga ra ô tô và bếpTầng 2: Phòng khách và 1 phòng ngủ + WCTầng 3,4: Mỗi tầng 2 phòng ngủ và WCTầng 5: Phòng thờ cực đẹp và sân phơi+ Sổ đỏ vuông đẹp, sẵn sàng giao dịchLiên hệ Vũ Trung 0915164***“Môi giới tử tế - Coi nhà khách như nhà mình”
",Nhà riêng,, 07/10/2023,04/11/2023,Bán,2559897,Sổ hồng,,1.0,1.0,1.0,1.0,1.0,1.0,1.0,1.0,1.0,1.0,1.0,1.0,1.0,1.0,,,,
"
Bán nhà Phố Ngụy Như Kon Tum 140m2 mặt tiền 8m ô tô trải tránh nhỉnh 30 tỷ
","
39
Tỷ ","
143
m2
","['Hà Nội', 'Quận Thanh Xuân', 'Mua bán Nhà riêng tại Phố Ngụy Như Kon Tum']","
Vị trí nhà thuộc khu phân lô phố Ngụy Như Kon Tum, phường Nhân Chính quận Thanh Xuân, đường trước nhà ô tô dừng đỗ, xe tải tránh nhau. Nhà thiết kế 4 tầng dạng biệt thự bê tông cốt thép chắc chắn, khách mua có thể đập bỏ xây dựng tòa Buiding 9 tầng như hàng xóm. Sổ đỏ vuông đẹp sẵn sàng chuyển nhượng. Giá bán: 39 tỷ - Cần bán gấp + có thương lượng 
",Nhà riêng,, 07/10/2023,04/11/2023,Bán,2474849,,,1.0,1.0,1.0,1.0,1.0,1.0,1.0,1.0,1.0,1.0,1.0,1.0,1.0,1.0,,,,
"
Trung tâm Đống Đa 150m2 4T mặt tiền 7m ô tô dừng đỗ phố Nguyễn Chí Thanh 21 tỷ
","
21
Tỷ ","
150
m2
","['Hà Nội', 'Quận Đống Đa', 'Mua bán Nhà riêng tại Đường Nguyễn Chí Thanh']","
Bán nhà 4 tầng mặt tiền 7m diện tích 150m2 phố Nguyễn Chí Thanh, trung tâm quận Đống Đa.Vị trí đẹp nhất phố Nguyễn Chí Thanh, tiện ích xung quanh ngập tràn đường trước nhà ô tô tránh.Nhà thiết kế 4 tầng bê tông cốt thép chắc chắn.Giá bán: 21 tỷ - có thương lượngLH: Mr Tuấn 
",Nhà riêng,, 07/10/2023,04/11/2023,Bán,2482170,,,,,,,,,,,,,,,,,,,,
"
Bán nhà mặt ngõ 3 mặt thoáng phố Nguyễn Thị Định ô tô đỗ cửa vào nhà 85m2 giá hơn 10 tỷ
","
10,3
Tỷ ","
85
m2
","['Hà Nội', 'Quận Cầu Giấy', 'Mua bán Nhà riêng tại Đường Nguyễn Thị Định']","
Nhà bán thiết kế 3 tầng lợi thế 3 mặt thoáng tổng diện tích 85m2 một sàn, ngõ trước nhà ô tô đỗ cửa ra vào thoải mái.Nhà bán thuộc mặt ngõ lớn phố Nguyễn Thị Định, dân cư ổn định, an ninh tốt, tiện ích vô vàn sẵn sàng phục vụ.Sổ đỏ phân lô sẵn sàng giao dịch.Giá bán: 10.3 tỷ - Có thương lượngLH: Mr Tuấn 0901 747 *** 
",Nhà riêng,, 07/10/2023,04/11/2023,Bán,2483196,Sổ đỏ,,1.0,1.0,1.0,1.0,1.0,1.0,1.0,1.0,1.0,1.0,1.0,1.0,1.0,1.0,,,,
"
Bán tòa nhà Apartment Trích Sài ven Hồ Tây,8 tầng MT 8,5m,dòng tiền 170tr/tháng
","
25,5
Tỷ ","
100
m2
","['Hà Nội', 'Quận Tây Hồ', 'Mua bán Nhà riêng tại Đường Trích Sài']","
Bán tòa nhà APARTMENT , 8 tầng , mặt tiền 8,5m, đường TRÍCH SÀI ven Hồ Tây - Diện tích 110m2, 8 tầng căn hộ , 1 tầng hầm để xe, thanh máy nhập khẩu tốc độ cao - Tổng 24 căn hộ khép kín , full nội thất , dòng tiền thu về 170tr/tháng, hiện tại tòa nhà đã cho thuê full phòng, quý anh chị mua về chỉ việc vận hành , dòng tiền rất ổn định - Vị trí tòa nhà đường trích sài – Tây Hồ, đi bộ 2p ra Hồ Tây lộng gió, sân thượng penhou view Hồ Tây - Gía bán: 25,5 tỷ - sổ đỏ chính chủ , thiện trí giao dịch
",Nhà riêng,, 07/10/2023,04/11/2023,Bán,2559659,,,1.0,1.0,1.0,1.0,1.0,1.0,1.0,1.0,1.0,1.0,1.0,1.0,1.0,1.0,,,,
"
Mặt Phố - Bán Đất Tặng Nhà - 4 Tầng - <80M. Chỉ 7 Tỷ. Gara Ô Tô. KInh Doanh Siêu Đỉnh.
","
7
Tỷ ","
80
m2
","['Hà Nội', 'Mua bán Nhà riêng tại Quận Hoàng Mai']","
Mặt Phố - Hoàng Mai - Bán Đất Tặng Nhà - 4 Tầng- Diện tích <80M - 4 tầng - Giá 7 tỷ - Ô tô đỗ đỗ cửa- Nhà vị trí đẹp, ngay ngã ba. Giao thông tấp nập, thuận tiện, thông ra Trương Định, Đền Lừ - Khu vực kinh doanh đa dạng: Spa, nail, hiệu thuốc, hàng ăn, tạp hóa..., - Gần các trường: KTQD, BHXD, DDHBK, ĐHH Hà Nội... - Gần các BV lớn: Bạch Mai, Bưu Điện, ĐH Y... - 2 phút ra BX Nước Ngầm, bx Giáp Bát... - Giá trị tương lai thành 2 mặt phố.- Sổ đỏ chính chủ, pháp lý chuẩn. LIÊN HỆ: 032.678.3***
",Nhà riêng,, 07/10/2023,04/11/2023,Bán,2559050,,,,,,,,,,,,,,,,,,,,
"
Bán gấp nhà Đội Cấn Quận Ba Đình , nhà 4 tầng , vào ở ngay được
","
8,84
Tỷ ","
68
m2
","['Hà Nội', 'Quận Ba Đình', 'Mua bán Nhà riêng tại Đường Đội Cấn']","
chủ cần tiền , bán gấp nhà 4 tầng , phố Đội Cấn , vào ở ngay được- Vị trí ngay phố Đội Cấn , ngõ thông sang Phan kế Bính, Linh lang- Gần ngã tư văn cao , Đội cấn , Liễu giai- Diện tích 68m2- Gía bán 130tr/m2 ( khách thiện trí có thương lượng thêm)- sổ đỏ chính chủ , sãn sàng giao dịch
",Nhà riêng,, 07/10/2023,04/11/2023,Bán,2559623,,,,,,,,,,,,,,,,,,,,
"
Bán nhà đẹp phố Nguyễn Thị Định, Gara ô tô 7 chỗ - Nhà mới tinh 5 tầng, Thang máy - Vỉa hè. Giá Tốt
","
22,9
Tỷ ","
73
m2
","['Hà Nội', 'Quận Cầu Giấy', 'Mua bán Nhà mặt phố tại Đường Nguyễn Thị Định']","
NHÀ PHÂN LÔ - GARA Ô TÔ 7 CHỖ - NHÀ MỚI TINH ĐẬP HỘP 5 TẦNG THANG MÁY - VỈA HÈ Ô TÔ TRÁNH - 2 THOÁNG TRƯỚC SAU + Vị trí trung tâm Cầu Giấy ngay ngã 3 giao Trần Duy Hưng, Nguyễn Ngọc Vũ. Ngõ thông tứ tung, vừa ở vừa kinh doanh VP tuyệt đẹp.+ Diện tích 73 m2 - Mặt tiền 4,3 mét. Thiết kế 5 tầng:- Tầng 1: Gara + Phòng khách. - Tầng 2,3,4: Mỗi tầng 2 phòng.- Tầng 5: Bếp chờ + Phòng thờ. + Sổ đỏ vuông vắn, sẵn sàng giao dịch. - Sổ đỏ phân lô vuông như bao diêm, cất két. GIÁ: 22,9 Tỷ. LIÊN HỆ TRỰC TIẾP ANH PHAN 0963843*** Địa chỉ tài sản: Phố Nguyễn Thị Định, Phường Trung Hòa, Quận Cầu Giấy, Hà Nội
",Nhà mặt phố,, 07/10/2023,04/11/2023,Bán,2559502,Sổ đỏ,,1.0,1.0,1.0,1.0,1.0,1.0,1.0,1.0,1.0,1.0,1.0,1.0,1.0,1.0,,,,
