Title,Price,Area,Address,Gen_descrip,Loại hình,Tình trạng pháp lý,Ngày đăng,Ngày hết hạn,Loại tin,ID tin,Hướng nhà,Bình nóng lạnh,Bồn tắm,Vòi hoa sen,Bồn cầu,Bồn rửa mặt,Số phòng ngủ,Đường vào,Mặt tiền,Số tầng,Nội thất,Máy hút mùi,Tủ bếp,Bàn ăn,Kệ TV,Tủ trang trí,Giường ngủ,Bàn phấn,Tủ quần áo,Bàn ghế P.khách
"
Cần bán nhà phố Trạm,KD,gần phố, Gara ô tô, ngõ thông. 63m2, MT 4.5m (LH:0973041***)
","
11,5
Tỷ ","
63
m2
","['Hà Nội', 'Quận Long Biên', 'Mua bán Nhà riêng tại Đường Phố Trạm']","
Nhà dân xây 5 tầng chắc chắc, phân lô. gần mặt Phố, cầu vĩnh tuy, AEon mall.chủ nhà để lại full nội thất chỉ việc về ở+ Tầng 1: Gara oto, bếp+ Tầng 2: Phòng khách, Phòng làm việc+ Tầng 3: Hai phòng ngủ+ Tầng 4: Hai phòng ngủ+ Tầng 5: Phòng thờ, Sân phơiSổ vuông vắn Chính Chủ Liên Hệ ngay 0973.041.7***Bộ
",Nhà riêng,Sổ hồng, 04/10/2023,01/11/2023,Bán,2553461,,,,,,,,,,,,,,,,,,,,
"
Vua Mặt Phố: Bán nhà Mp Hoàng Ngọc Phách: 45.3m 3tg, 3 mặt tiền, nở hậu, 13.5 tỷ - Cam Kết Thật
","
13,5
Tỷ ","
45,3
m2
","['Hà Nội', 'Quận Đống Đa', 'Mua bán Nhà mặt phố tại Phố Hoàng Ngọc Phách']","
VUA MẶT PHỐ: Bán nhà Mặt phố Hoàng Ngọc Phách: 45.3m 3tg, 3 mặt tiền, nở hậuLUÔN LUÔN CAM KẾT THÔNG SỐ THẬT VÀ TRÁCH NHIỆM1/ Sổ đỏ: 45.3m  2/ Mặt tiền: 4.92m (nở hậu)3/ Hè: 2,4m 4/ Giá trung bình: 298tr/m25/ Ưu điểm: Thửa đất vuông vắn, dễ thiết kế. Nhà 3 mặt thoáng, mặt tiền khá rộng, thích hợp vừa ở vừa kinh doanh, khu nhiều tập thể, đông dân cư, tiện kinh doanh được nhiều loại mặt hàng, thời trang, spa, nhà hàng, ngân hàng… Giá rẻ cạnh tranh so với những căn nhà mặt phố khác cùng phân khúc.6/ Nhược điểm: dự án treo, (nếu làm đường chỉ đền bù tầm 100-120tr/m có thể Luật đất đai 2023 ban hành sẽ đc giá 150 – 200tr/m)7/ Sổ đỏ: 1 Chủ dễ giao dịch và đàm phán.8/ Người mua phù hợp: Đầu tư dòng tiền hoặc Đầu tư mạo hiểm (lãi cao) Có quan hệ và hiểu biết về quy hoạch khu vực. Có dòng tiền ổn định lâu dài (tầm 5-10 năm). Nắm được quy định mới về Luật đất đai năm 2023 (rà soát và công bố bỏ quy hoạch những tuyến đường không khả thi và quá thời gian)Bạn đã biết căn nhà này nhưng chưa đạt được giá vừa ý? Thêm thông tin về căn nhà này? Hợp tác với Chúng tôi để có giá độc quyền!GỌI NGAY cho chúng tôi bất cứ lúc nào bạn muốn. Nếu chúng tôi bận chưa kịp nghe máy, xin thông cảm và để lại tin nhắn, chúng tôi sẽ gọi lại bạn ngay khi có thể.Hotline: Mr Kim: 0911530000***Mr Thắng: 0988410*** Người đi mua nhà thường vướng mắc ở bước nào trong 4 bước bắt buộc:Bước 1: Tìm nhà (xác định được mức tiền của mình nên và có thể mua ở đâu, loại nhà nào?)Bước 2: Xác minh + Định giá (trở ngại chính khiến người mua không nhận ra giá trị căn nhà đẹp)Bước 3: Đàm phán (Phần lớn người mua đều bỏ cuộc ở bước này do giá thường lệch quá xa kỳ vọng và thiếu sự hợp tác, kiên trì theo đuổi)Bước 4: Giao dịch (thời điểm tiềm ẩn nhiều rủi ro pháp lý nhất).Vua Mặt Phố có công thức phù hợp cho cả 4 bước nêu trên ở kênh youtube Vua Mặt Phố, có review nhà mặt phố, có video định giá từng tuyến phốĐỊNH GIÁ miễn phí (Theo công thức 29 tiêu chí) nhà mặt phố 4 Quận nội thành Hà Nội sau 3 phútHỗ trợ Đàm Phán + Cập nhật giáCam kết bảo mật thông tin khách hàng.Chúng tôi có dữ liệu hơn 2000 căn mặt phốCó Giấy Phép Hành Nghề Có cơ chế HOÀN TIỀN MÔI GIỚI cho Khách mua Đầu tư nếu chúng tôi nhận định giá sai.Cảm ơn bạn đã quan tâm và đọc tin! Tin đăng trên web có thể hết hạn nhưng đây là công việc chúng tôi cam kết gắn bó, duy trì trọn đời. bạn hãy yên tâm và thoải mái nhất khi gọi điện, chúng tôi luôn sẵn sàng phục vụ!
",Nhà mặt phố,Sổ đỏ, 04/10/2023,01/11/2023,Bán,2553326,,,,,,,,,,,,,,,,,,,,
"
Dự án đẳng cấp nhất Q.Thanh Xuân, 3PN góc giá chỉ từ 8,6tỷ - HTLS 0% khi vay
","
4,6
Tỷ ","
72
m2
",['Mua bán Căn hộ chung cư  Viha Complex'],"
- Vị trí: 107 Nguyễn Tuân, Thanh Xuân, Hà Nội.- Hệ tiện ích đỉnh cao tạo sự khác biệt: Bể bơi bốn mùa – bể bơi trẻ em, khu xông hơi, bể sục Jacuzzi, phòng tập Gym Yoga, Boxing, khu thưởng trà-café; đặc biệt không gian Sky Park ngắm cảnh thành phố hiếm có.- Pháp lý đầy đủ, sở hữu lâu dài--------------------------ĐA DẠNG CĂN HỘ* Diện tích: từ 72 - 118m2* Thiết kế các loại căn hộ: 2PN - 2PN+1 - 3PN  * Bàn giao dự kiến quý IV/2024--------------------------CHÍNH SÁCH BÁN HÀNG- Thanh toán theo tiến độ 6 đợt (chiết khấu 2%)- Thanh toán sớm 70% (chiết khấu 4%)- Vay ngân hàng hỗ trợ lãi suất 0% trong 12 tháng--------------------------_ _""Viha Leciva 107 Nguyễn Tuân - Cuộc sống hoàn hảo""_ _ * Liên hệ ngay: 0983 378 *** Để nhận hỗ trợ thông tin chi tiết nhanh và chính xác.#Vihaleciva107NguyenTuan#Vihacomplex#Chungcucaocap#ChungcuquanThanhXuan#ChungcuNguyenTuan
",Căn hộ,Sổ hồng, 04/10/2023,01/11/2023,Bán,2553440,Đông-Nam,1.0,1.0,1.0,1.0,1.0,,,,,,,,,,,,,,
"
Giá rẻ bất ngờ, căn Studio nội thất cao cấp, view đẹp, giá hấp dẫn (chỉ 900tr) tại Vinhomes OCP
","
900
Triệu ","
31
m2
",['Mua bán Căn hộ chung cư  Vinhomes Ocean Park'],"
- Nhà đẹp lung linh - rinh ngay kẻo lỡ* Thông tin chi tiết:- Diện tích: 31m2.- View thoáng, đẹp, nội thất xịn sò- Nội thất: Full đồ, đến ở luôn không cần sắm thêm gì-----------------------------------------* Tiện ích nội khu chuẩn quốc tế:- Hồ bơi, vườn dạo bộ, khu vui chơi trẻ em.- Khu TDTT (tennis, bóng rổ, bơi... ).- Khu BBQ ngoài trời.- Khu TTTM, nhà trẻ, gym, spa...- Phòng lánh nạn, an ninh đảm bảo...* Khách quan tâm liên hệ cho em qua SĐT để được tư vấn cụ thể căn hộ: 0984 678 *** (Xem nhà 24/7)
",Căn hộ,Sổ đỏ, 06/09/2023,01/11/2023,Bán,2203687,,,,,,,,,,,,,,,,,,,,
"
Cần Bán nhà Nguyễn Sơn, Long Biên, thang máy, gara ôtô. 75m2 giá 10.9 tỷ
","
10,9
Tỷ ","
75
m2
","['Hà Nội', 'Quận Long Biên', 'Mua bán Nhà riêng tại Đường Nguyễn Sơn']","
Nhà xây 5 tầng bê tông cốt thép. Vị trí víp đáng sống ở Long Biên. Ngõ rộng thoáng, tiện ích xung quanh nhiều.- Nhà xây để khe thoáng nên mở được cửa sổ các phòng rất thoáng.- Tầng 1 gara ô tô, phòng trống.- Tầng 2 phòng khách, bếp.- Tầng 3,4 mỗi tầng 2 phòng khép kín.- Tầng 5 phòng thờ sân phơi trồng cây.Sổ đỏ chính chủ.Liên hệ ngay 09730417***Bộ.
",Nhà riêng,Sổ hồng, 04/10/2023,01/11/2023,Bán,2553406,,,,,,,,,,,,,,,,,,,,
"
Cần bán Biệt Thự nhà vườn Việt Hưng, vị trí đẹp gần vincom. 200m2, MT 10m. Giá 31 tỷ
","
31
Tỷ ","
200
m2
","['Hà Nội', 'Quận Long Biên', 'liền kề tại Phường Việt Hưng', 'Mua bán Nhà biệt thự']","
Biệt thự thiết kế theo kiến trúc Pháp sang trọng và hiện đại, Full nội thất toàn gỗ quý tự nhiên cao cấp.- Tầng 1 : Gara + Phòng khách + phòng ăn + Bếp.- Tầng 2 : 1 phòng ngủ Master, Wc, 1 phòng ngủ, Phòng trà.- Tầng 3 : 2 phòng ngủ, wc khép kín, phòng thờ, Sân phơi.- Tầng áp mái: Phòng sinh hoạt chungSổ đỏ vuông vắn, chính chủLiên hệ ngay 09730417***Bộ
","Nhà biệt thự, liền kề",Sổ hồng, 04/10/2023,01/11/2023,Bán,2553399,,,,,,,,,,,,,,,,,,,,
"
Nhà đẹp Trung Văn, Nam Từ Liêm, ô tô đỗ gần nhà, ngõ thông 33m2 5 tầng, giá chỉ 2.7 tỷ
","
2,7
Tỷ ","
33
m2
","['Hà Nội', 'Quận Nam Từ Liêm', 'Mua bán Nhà riêng tại Đường Đại Linh']","
Nhà đẹp Trung Văn, Nam Từ Liêm, Oto đỗ gần nhà, ngõ thông 33m2*5T, giá chỉ 2.7 tỷ!Nhà có thiết kế hiện đại, kết cấu chắc chắn từ móng, tối ưu công năng sử dụng gồm 5 tầng:+ Tầng 1: Phòng khách, bếp, wc.+ Tầng 2,3,4: Mỗi tầng 1 phòng, wc.+ Tầng 5: Phòng thờ, sân phơi, máy giặt.* Nội thất: Nhà đã được trang bị đầy đủ nội thất cơ bản hiện đại. Gạch lát loại chống xước A1, trần thạch cao vĩnh tường, đèn led tiết kiệm điện, thiết bị vệ sinh Inax, cửa nhôm kính Việt Pháp, cửa cuốn, cửa thông phòng bằng gỗ, tủ bếp gỗ Sồi...* Vị trí: Giao thông thuận tiện thông ra nhiều tuyến đường đại lộ thăng long, vành đai 3, tố hữu. Gần công viên Thiên văn học, Aeon Mail Hà Đông, siêu thị BigC, Trung tâm hội nghị quốc gia, trạm y tế, sân bóng và rất nhiều dịch vụ tiện ích khác...- Sổ đỏ chính chủ.- Hỗ trợ vay vốn ngân hàng với lãi xuất ưu đãi.- Gía: 2.7 tỷ (có thương lượng với khách có thiện chí mua).- Liên hệ: Anh Quân  xem nhà (miễn TG, MG).Trân trọng cảm ơn quý bạn đã đọc tin!
",Nhà riêng,Sổ đỏ, 04/10/2023,01/11/2023,Bán,1840741,Tây-Nam,1.0,1.0,1.0,1.0,1.0,3,3m,"3,8m",5,nội thất hiện đại đầy đủ!,1.0,1.0,1.0,1.0,1.0,1.0,1.0,1.0,1.0
"
Bán nhà riêng quận Hà Đông - Hà Nội giá 2.68 tỷ
","
2,68
Tỷ ","
35
m2
","['Hà Nội', 'Quận Hà Đông', 'Mua bán Nhà riêng tại Đường La Nội']","
Cc bán nhà Dương Nội, cạnh kdt Dương Nội 35m2*4T, giá chỉ 2,68 tỷ! Nhà chính chủ xây mới vuông vức, móng ép cọc bê tông chắc chắn, hiện đại có đầy đủ hồ sơ xây dựng và bản vẽ thiết kế. + Tầng 1: Phòng khách, khu bếp, wc. + Tầng 2, 3: Mỗi tầng 02 ngủ, wc. + Tầng 4: Phòng thờ, khu máy giặt, sân phơi thoáng rộng. * Nội thất: Được thiết kế theo hình thức hiện đại. * Vị trí: Siêu đắc địa chỉ vài bước chân ra phố, sát ngã tư Dương Nội, gần siêu thị lớn Aeon Mall Hà Đông. Công viên lớn nhất Thiên Văn Học, các khu biệt thự liền kề, gần chợ, UBND phường, trường học mầm non, cấp 1, cấp 2, rất nhiều tiện ích xung quanh. Giao thông thuận tiện... + Giá chỉ 2.68 tỷ có thương lượng với khách thiện chí (hỗ trợ vay vốn ngân hàng nếu khách có nhu cầu). + Quý khách quan tâm vui lòng liên hệ: Anh Quân xem nhà miễn phí. (miễn trung gian môi giới).  Trân trọng cảm ơn bạn đã đọc tin.
",Nhà riêng,Sổ đỏ, 04/10/2023,01/11/2023,Bán,1868297,Tây-Nam,1.0,1.0,1.0,1.0,1.0,3,3m,"3,5m",4,nội thất đầy đủ hiện đại,1.0,1.0,1.0,1.0,1.0,1.0,,,1.0
"
Bán nhà mặt ngõ - ô tô thông suốt - kinh doanh - chùa láng - 2 mặt tiền - 63m2 x 4 tầng - mt 4.3m
","
13
Tỷ ","
63
m2
","['Hà Nội', 'Quận Đống Đa', 'Mua bán Nhà riêng tại Phố Chùa Láng']","
BÁN NHÀ MẶT NGÕ - Ô TÔ THÔNG SUỐT - KINH DOANH - CHÙA LÁNG - 2 MẶT TIỀN - 63M2 X 4 TẦNG - MT 4.3M 
- Diện tích 63m2- Nhà 4 tầng đang cho thuê- Mặt tiền 4.3m vuông đẹp 2 mặt tiền- Giá: 13 tỷ (thương lượng thêm) 
+ Nhà hiện tại đang cho thuê ở và kinh doanh, doanh thu mỗi tháng cũng xấp xỉ 40tr, mỗi tầng 2 phòng cầu thang giữa. 
+ Chủ thiện chí bán để mua nhà mặt phố. 
+ Vị trí đẹp để xây ở và kết hợp kinh doanh, mở cửa hai ngõ. 
+ Phía trước nhà thoáng sáng là sân của ĐH Ngoại Thương, kinh doanh sầm uất đông khách. 
+ Sổ đỏ chính chủ vuông đẹp, sẵn sàng giao dịch. 
",Nhà riêng,Sổ đỏ, 04/10/2023,01/11/2023,Bán,2553240,,,,,,,,,,,,,,,,,,,,
"
Bán gấp lô 55m2 mặt phố Tôn Thất Tùng 19,8 tỷ, mặt tiền 6,8m 19,8 tỷ - 55 m2
","
19,8 - 20
Tỷ ","
55
m2
","['Hà Nội', 'Quận Đống Đa', 'Mua bán Nhà mặt phố tại Đường Tôn Thất Tùng']","
Chủ nhà gửi bán lô đất vị trí vàng gần ngã tư Tôn Thất Tùng giao với Trường Chinh. - Diện tích lô đất 55m2, mặt tiền 6,8m. - Vị trí đẹp thích hợp xây dựng làm cửa hàng giới thiệu sản phẩm dược hoặc thiết bị y tế… - Lô đất đối diện hồ bệnh viện đại học Y, đi 50m qua đường là tới bệnh viện Đại Học Y. - Giá bán: 19,8 tỷ
",Nhà mặt phố,Sổ đỏ, 04/10/2023,01/11/2023,Bán,2553241,Đông,,,,,,,,,,,,,,,,,,,
"
Bán đất Hòa Lâm, Ứng Hòa mặt 20 m chỉ từ 6.5 triệu/m2, sđcc, lô góc, ô tô vào đất
","
6,5
Triệu ","
326
m2
","['Hà Nội', 'Huyện Ứng Hòa', 'Mua bán Đất tại Xã Hòa Lâm']","
Hót! Hót! bán đất Hà Nội mặt tiền 20m - Hoà Lâm Ứng Hoà chỉ từ 6.5tr/m- Mặt tiền 20 m hai thoáng- Đường bê tông to xe tải đánh võng- Trung tâm xã gần tất cả các tiện ích, cách Uỷ Ban xã Hòa Lâm 300m, trạm y tế 200 m2, cách trường tiểu học Hòa Lâm 300m, cách đường Quốc lộ 300m- Có thể xây Xây biệt thự phân lô tách thửa , kho xưởng ...
",Đất,, 04/10/2023,01/11/2023,Bán,2471605,,,,,,,,,,,,,,,,,,,,
"
Bán nhà phố thương mại shophouse Bắc Từ Liêm - Hà Nội giá thỏa thuận
","
Thỏa thuận
","
160
m2
",['Mua bán Nhà phố thương mại Shophouse  The Jade Orchid Garden'],"
Khách quen cần chuyên nhượng một số căn shophouse thuộc dự án JADE SQUARE- Vị trí kinh doanh cực kỳ thuận lợi, đón lượng khách hàng nhiều và ổn định, độc quyền kinh doanh- Đường rộng hè thoáng, hiển thị tốt, tiếp cận tốt, đỗ xe tốt. Không gian bên trong rộng, thoáng, không cột, có hầm cực kỳ dễ bố trí. Khu có đơn vị quản lý đảm bảo an ninh và chăm sóc cảnh quan - Hoàn toàn không phải kiểu chợ trời.- Giá tốt nhất khu vực trung tâm mới Tây Hồ Tây. Loại duy nhất tại đây có giá dưới 30 tỷ- Anh chị có nhu cầu liên hệ em để được kết nối trực tiếp với chủ nhà: 0936 091 *** 
",Nhà phố thương mại Shophouse,Giấy tờ hợp lệ, 03/10/2023,31/10/2023,Bán,2552890,Nam,,,,,,,,,,,,,,,,,,,
"
Bán CĂN 2PN Hai Bà Trưng - Hà Nội giá thỏa thuận
","
Thỏa thuận
","
90
m2
",['Mua bán Căn hộ chung cư  Sun Grand City Ancora Residence'],"
Chuyển công tác vào Nam , gia đình tôi bán 2 căn hộ tại tòa Sun Ancora Lương Yên : + Cả  2 căn có diện tích 90m , 2pn 2wc+ Ban công view sông & view phố+ Gia đình ở nên giữ gìn , nhà mới+ Nhà vuông vức , gia chủ ở có nhiều lộc+ Giá bán : 6.3 tỷ bao phí có thương lượng LH xem nhà : 094.686.7*** (sms , zalo , call )
",Căn hộ,, 03/10/2023,31/10/2023,Bán,2552661,,,,,,,,,,,,,,,,,,,,
"
Cơ hội sở hữu căn 3PN đẹp cuối cùng tại dự án Hoàng Thành Pearl, Mỹ Đình
","
5,8
Tỷ ","
108
m2
",['Mua bán Căn hộ chung cư  Hoàng Thành Pearl'],"
 Cơ hội sở hữu căn 3PN đẹp cuối cùng tại dự án Hoàng Thành Pearl, Mỹ Đình , căn 3PN diện tích 108-114 m2, Full nội thất liền tường cao cấp, công viên nội khu 3000 m2Cập nhật chính sách bán hàng tháng 10/2023 tại dự án Hoàng Thành Pearl - Mỹ Đình.Thanh toán theo tiến độ bằng vốn tự có:Đặt cọc 100 triệu, ký thỏa thuận đặt cọc:TT theo tiến độ thông thường, chia làm 5 đợt, ký HĐMB khách hàng đóng 30% giá trị căn hộ. KH được chiết khấu 1,5% giá trị căn hộ.TT sớm: Chia làm 3 đợt, ký HĐMB khách hàng đóng 70% giá trị căn hộ. KH được chiết khấu 2,5% giá trị căn hộ.Thanh toán dùng gói hỗ trợ lãi suất ngấn hàng:Khách hàng đóng 30% giá trị căn hộ để kỹ HĐMB và hỗ trợ khoản vay ngân hàng 40% giá trị căn hộ và được hỗ trợ lãi suất 0% và ân hạn nợ gốc kể từ ngày giải ngân đến ngày 30/6/2024.Giá bán căn hộ chỉ từ 50 triệu/m²:Căn 2PN dt 79 - 80 - 81 m² bao gồm 2PN, 2 logia có giá bán từ 4,X tỷ (đặt cọc thiện chí)Căn 3PN dt 107 - 114 m² bao gồm 2PN, 3logia có giá bán từ 5,3 tỷ - 6,1 tỷ .Hiện tại căn 2PN đã hết hàng và dự án Hoàng Thành Pearl đang tạo cơn sốt căn hộ chung cư tại khu vực Mỹ Đình khi căn hộ có thiết kế đẹp, bàn giao full nội thất, giá bán hấp dẫn và đang hoàn thiện cơ điện để bàn giao sớm cho cư dânBảng hàng hiện tại còn các căn 3PN ở tầng 3,7.9.10,12B, 15 và 21 .Căn góc đẹp nhất trong bảng hàng:Căn 01 dt 109 m2: Ban công TN View Vinhomes Gardenia, cửa sổ ĐN có giá bán từ 5,6 tỷ - 5,8 tỷCăn 04 dt 109 m2: Ban công TN View Vinhomes Gardenia, cửa sổ TB View HDmoon, The Zei có giá bán 5,8 tỷ- 6 tỷCăn 08 dt 113 m2: Ban công ĐB View công viên nội khu, cửa sổ TB có giá bán từ 5,6 tỷ - 5,8 tỷCăn 10 dt 113 m2: Ban công ĐB View công viên nội khu, cửa sổ ĐN có giá bán từ 6 tỷ - 6,2 tỷHOÀNG THÀNH PEARL “VIÊN NGỌC TRAI” QUÝ GIÁ GIỮA LÒNG HÀ NỘITòa tháp Hoàng Thành Pearl phiên bản giới hạn đã gây “sốt” thị trường chung cư Hà Nội bởi sức hút đến những giá trị hiện tại và tinh hoa tương lai.Vị trí đắc địa, liên kết vùng hoàn hảo: nằm ngay cửa ngõ phía Tây Thủ đô, tiệm cận mạng lưới hạ tầng giao thông tỏa đi bốn phương.Đa dạng tiện ích nội khu, bao phủ mọi nhu cầu cuộc sống như khu vui chơi, phòng tập, thư viện, nổi trội nhất là công viên ngọc trai tỏa sáng, sân khấu trung tâm...Tiệm cận đầy đủ tiện ích ngoại khu: bệnh viện, trường học các cấp, bến xe, đường sắt...----------Mật độ xây dựng: 29,7%Diện tích căn hộ thiết kế 2 và 3 phòng ngủ. với 12 căn hộ trên một mặt sàn với 6 thang máy:- 2PN: Diện tích 79 - 81m2,- 3PN: Diện tích 108 - 112m2100% các Phòng ngủ và phòng khách đều đón ánh sáng trực tiếp tự nhiênHình thức sở hữu: Lâu dàiHoàn thành : 31/3/2024Hoàng Thành Pearl - Tổ hợp chung cư, shophouse tại Mỹ ĐìnhĐơn vị phân phối độc quyền: Đất Xanh Miền Bắc Tư vấn, tham quan căn hộ, dự án Hoàng Thành PearlMr Cường 0947 897 *** 
",Căn hộ,Sổ hồng, 03/10/2023,31/10/2023,Bán,2552672,Tây-Nam,,,,,,,,,,,,,,,,,,,
"
Bán nhà riêng Quận Ba Đình siêu rộng siêu thoáng mát
","
4,2
Tỷ ","
40
m2
","['Hà Nội', 'Quận Ba Đình', 'Mua bán Nhà riêng tại Đường Phúc Xá']","
- Vị trí thuận tiện không thiếu thứ gì chợ gần nhà, bệnh viện medlatec, trường học các cấp.- Ngõ nông xe máy tránh hoặc 3 gác vào nhà, ô tô đỗ cách nhà chỉ khoảng 30m có cả bãi ô tô.- Thiết kế nhà gồm 4 tầng có tổng 4 ngủ 2 sân phơi 2 hướng và giếng trời cực thoáng. - Nhà chính chủ sổ đỏ đầy đủ gọi điện trực tiếp làm việc với chủ.
",Nhà riêng,, 27/09/2023,25/10/2023,Bán,2512323,,,,,,,4,,4m,4,False,,,,,,,,,
"
Cần tiền bán gấp căn Liền Kề Ngân Hà Galaxy 90m2 x 6 Tầng x MT5,2m - Tố Hữu Vạn Phúc Hà Đông
","
15,8
Tỷ ","
90
m2
","['liền kề  Khu đô thị Ngân Hà (TSQ Galaxy Vạn Phúc)', 'Mua bán Nhà biệt thự']","
Cần bán gấp liền kề Ngân Hà Vạn Phúc TSQ Galaxy 89.7m². Quý khách liên hệ: 09639896***click để xemMặt tiền 5m2 - sổ đỏ chính chủ.Xây thô 5 tầng 1 tum.+ Vị trí: Đường Tố Hữu, Phường Vạn Phúc, Hà Đông, Hà Nội.+ Bàn giao: Xây thô và hoàn thiện mặt ngoài.+ Hình thức sở hữu: Sổ đỏ lâu dài sang tên luôn.Tiện ích trong dự án:+ Trung tâm thương mại và phố mua sắm.+ Công viên cây xanh và lối dạo bộ.+ Trường học mầm non quốc tế.+ Bãi đỗ xe thông minh 5 tầng quy mô 500 xe.Lưu ý: Mẫu nhà thiết kế như trong ảnh- Từ ảnh thứ 4 trở đi.(Thêm 2,5 tỷ hoàn thiện nhà)+ Vị trí: https://maps.app.goo.gl/xkjPTNjYC7XJMumW9Liên hệ xem nhà: 09639896***click để xem
","Nhà biệt thự, liền kề",Sổ đỏ, 03/10/2023,31/10/2023,Bán,2552307,Tây-Bắc,1.0,1.0,1.0,1.0,1.0,,,,,,1.0,1.0,1.0,1.0,1.0,1.0,1.0,1.0,1.0
"
Bán nhà riêng Quận Tây Hồ - Hà Nội giá 6.20 Tỷ
","
6,2
Tỷ ","
51
m2
","['Hà Nội', 'Quận Tây Hồ', 'Mua bán Nhà riêng tại Đường Võng Thị']","
Bán nhà Võng Thị, Tây Hồ  51m2, giá nhỉnh 6 tỷ   BÁN NHÀ - CỰC HIẾM CÁCH HỒ TÂY 50M   * Mô Tả :   - Nhà 5 tầng, mặt tiền 4m, cách ô tô tải 50m   - Vị trí đắc địa, nhà 2 mặt thoáng, ánh sáng tự nhiên, thoáng mát, khu vực phân lô víp dân trí cao   - Cách Hồ Tây vài bước, tiện ích với các BV, trường học, TTTM Lotte, các trục giao thông lớn   * Thiết Kế :   - Sân cổng để xe   - Tầng 1 : phòng khách, bếp ăn, + wc   - Tầng 2: có 2 phòng ngủ rộng đầy đủ nội thất hiện đại, tiện nghi sang trọng, 1wc   - Tầng 3, có 2p ngủ rộng 1 wc   - Tầng 4 phòng thờ, phòng máy giặt, sân phơi, tiểu cảnh   - Tầng 5 để trồng cây   Sổ đỏ vuông đẹp, chính chủ   * Giá bán thương lượng trực tiếp 0819860*** ( Em Huy )   Cảm ơn
",Nhà riêng,Sổ đỏ, 03/10/2023,31/10/2023,Bán,2552167,,1.0,1.0,1.0,1.0,1.0,,,,,,1.0,1.0,1.0,1.0,1.0,1.0,1.0,1.0,1.0
"
Bán nhà cổ linh 50m 4T siêu đẹp vỉa hè rộng kinh doanh thuận lợi 10 tỷ
","
10
Tỷ ","
50
m2
","['Hà Nội', 'Quận Long Biên', 'Mua bán Nhà riêng tại Đường Cổ Linh']","
+ Vị trí: Gần TTTM Aeon Long Biên, cầu Vĩnh Tuy, 10 phút sang Time city. - Đường trước nhà 8m ô tô dừng thoải mái. - Cách chợ Thạch Bàn chỉ 200m. - Gần trường THPT Thạch Bàn. - Gần đường 5, Cao Tốc Hà Nội Hải Phòng giao thông rất thuận tiện. Tầng 1: Kinh doanh+ phòng bếp+ vệ sinh. Tầng 2 + 3: mỗi tầng 1 phòng ngủ + vệ sinh Tầng 4: sân phơi, làm phòng ngủ hoặc thêm tầng thoải mái. + Sổ đỏ nét căng sẵn sàng giao dịch. + Liên Hệ: 03571683***Ms Dương chuyên bán nhà đất khu vưc Quận Long Biên, Ba Đình để được tư vấn.
",Nhà riêng,Sổ đỏ, 03/10/2023,31/10/2023,Bán,2552175,,1.0,1.0,1.0,1.0,1.0,,,,,,1.0,1.0,1.0,1.0,1.0,1.0,1.0,1.0,1.0
