Title,Price,Area,Address,Gen_descrip,Loại hình,Tình trạng pháp lý,Ngày đăng,Ngày hết hạn,Loại tin,ID tin,Hướng nhà,Bình nóng lạnh,Máy hút mùi,Tủ bếp,Bàn ăn,Kệ TV,Tủ trang trí,Giường ngủ,Bàn phấn,Tủ quần áo,Bồn tắm,Vòi hoa sen,Bồn cầu,Bồn rửa mặt,Bàn ghế P.khách
"
Bán nhà riêng Quận Hai Bà Trưng - Hà Nội giá 7.60 Tỷ
","
7,6
Tỷ ","
50
m2
","['Hà Nội', 'Quận Hai Bà Trưng', 'Mua bán Nhà riêng tại Đường Đại Cồ Việt']","
Nhà 4 tầng, nội thất toàn gỗ Lim Lào, ngõ thông xe 3 gác, ô ô tô cách nhà 20m, gần Bộ Giáo Dục, CV Thống Nhất, Đại học Bách Khoa, trường Tô Hoàng, Trường Tây sơn, khu Hành chính quận Hai Bà Trưng, 5 phút ra Vincom Bà Triệu. Khu Đại Cồ Việt, Hoa Lư, Phố Huế, Bạch Mai, Tạ Quang Bửu.Sổ đỏ chính chủLH: Mr Kiên- 0987209***
",Nhà riêng,Sổ đỏ, 03/10/2023,31/10/2023,Bán,2551170,,,,,,,,,,,,,,,
"
Căn hộ 2 phòng ngủ Vinhomes Times City - Diện tích 79,2m² - Giá 4 tỷ 700 triệu
","
4,7
Tỷ ","
79
m2
",['Mua bán Căn hộ chung cư  Khu đô thị Vinhomes Times City'],"
Cần bán gấp căn 2 phòng ngủ tại tòa Park 12 Vinhomes Times City cần bán với các thông tin sau: Diện tích: 79m² - Mới làm full nội thất đẹpSố phòng ngủ: 2Số WC: 2Hướng ban công: Hướng Đông NamGiá bán: 4 tỷ 700trLiên hệ xem căn hộ: 0919.889.896***Không tiếp môi giới
",Căn hộ,Sổ hồng, 03/10/2023,31/10/2023,Bán,2551096,Đông-Nam,1.0,1.0,1.0,1.0,1.0,1.0,1.0,1.0,1.0,1.0,1.0,1.0,1.0,1.0
"
Bán nhà gần Cầu Diễn 5 TỶ 64m 3 tầng Nam Từ Liêm lô góc ô tô đỗ cửa
","
5
Tỷ ","
64
m2
","['Hà Nội', 'Quận Nam Từ Liêm', 'Mua bán Nhà riêng tại Đường Hàm Nghi']","
+ Cách bến xe Mỹ Đình vài phút đi xe, sân vận động Mỹ Đình 1km, ngay sát khu đô thị VINHOME Gardenia, gần bệnh viên Đa khoa Chữ Thập Xanh, bệnh viên Từ Liêm, Trung tâm Y Tế Nam Từ Liêm.+ Gần các trường Đại học Thương Maị, Ngoại Ngữ, Sư Phạm, Cao đẳng Du Lịch, Học Viện, Báo Chí Tuyên Truyền, Trường Múa.+ Sổ đỏ vuông đẹp pháp lý sạch sẵn sàng giao dịch.Liên hệ: Gia Huy 0336923*** (vui lòng nhắn qua số zalo).Gia Huy chuyên nhà đất thổ cư khắp Hà Nội.Tư vấn hợp đồng pháp lý sổ Đỏ 24/7.
",Nhà riêng,Sổ đỏ, 02/10/2023,30/10/2023,Bán,2550749,,,,,,,,,,,,,,,
"
Nhà gần phố-Diện tích rộng-Chủ thiện chí bán-Nhiều tiện ích
","
5,2
Tỷ ","
64
m2
","['Hà Nội', 'Quận Hai Bà Trưng', 'Mua bán Nhà riêng tại Phố Bạch Mai']","
273 Bạch MaiDiện tích: 54/64mGiá: 5.2 tỷ Mô tả : Ngõ 273 ngay sát ngã tư Bạch Mai - Thanh Nhàn - Lê Thanh Nghị . Từ nhà ra mặt phố chỉ vài chục mét - Trước nhà có khoảng sân 10m2 , để xe thoải mái , diện tích sử dụng 64m , khách mua về xây đua từ tầng 2 lên hết 64m . Thiết kế - Tầng 1 : Phòng khách + 1 phòng ăn + 1 bếp + wc - Tầng 2 : 2 phòng ngủ + 1 phòng thờ + sân phơi + 1 wc SỔ ĐỎ CHÍNH CHỦ 
",Nhà riêng,Sổ đỏ, 02/10/2023,30/10/2023,Bán,2550699,,1.0,1.0,1.0,1.0,1.0,1.0,1.0,1.0,1.0,1.0,1.0,1.0,1.0,1.0
"
Nhà Lê Đức Thọ 5.2tỷ 46m 6 tầng Nam Từ Liêm chủ tự xây chắc chắn ô tô cách 15M
","
5,2
Tỷ ","
50
m2
","['Hà Nội', 'Quận Nam Từ Liêm', 'Mua bán Nhà riêng tại Đường Lê Đức Thọ']","
NHÀ LÊ ĐỨC THỌ 5.2 TỶ 46m 6 TẦNG NAM TỪ LIÊM CHỦ TỰ XÂY CHẮC CHẮN Ô TÔ CÁCH 15MMÔ TẢ+ Gần các đường lớn như Lê Đức Thọ, Trần Hữu Dực, Tân Mỹ, Nguyễn Cơ Thạch, Nguyễn Hoàng, Lê Quang Đạo, …+ Nhà cách ô tô 15m, ngõ thẳng, nông. Có sân cổng để xe thoải mái, gần các trường Đại học Thương Maị, Ngoại Ngữ, Sư Phạm, Cao đẳng Du Lịch, Học Viện, Báo Chí Tuyên Truyền, Trường Múa.+ Gần bệnh viên Đa khoa Chữ Thập Xanh, bệnh viên Từ Liêm, Trung tâm Y Tế Nam Từ Liêm, siêu thị.- Tầng 01 phòng khách, bếp và WC.- Tầng 2, 3, 4, 5 mỗi tầng 02 phòng (08 phòng WC ở giữa).- Tầng 06 phòng thờ (hoặc Ngủ), sân phơi.+ Sổ đỏ vuông đẹp pháp lý sạch sẵn sàng giao dịch.Liên hệ: Gia Huy 0336923*** ( vui lòng nhắn qua số zalo ).Gia Huy chuyên nhà đất thổ cư khắp Hà Nội.Tư vấn hợp đồng pháp lý sổ Đỏ 24/7.
",Nhà riêng,Sổ đỏ, 02/10/2023,30/10/2023,Bán,2550682,,,,,,,,,,,,,,,
"
Trung tâm quận Thanh Xuân-Nhà 4 lô góc-Chủ tự xây chắc chắn-An sinh đỉnh.
","
5,1
Tỷ ","
39
m2
","['Hà Nội', 'Quận Thanh Xuân', 'Mua bán Nhà riêng tại Đường Nguyễn Trãi']","
262B. Nguyễn Trãi DT: 39m,nhà 4 tầng,mặt tiền: 4.8mGiá 5.1 tỷ Mô tả:+ Ngõ 262B Nguyễn Trãi ba gác tránh xe máy thoải mái, nhà gần phố, khu vực trung tâm quận Thanh Xuân, giao thông thuận tiện, an sinh đỉnh. Xung quanh nhiều tiện ích: Các trường Đại học lớn, Royal City, nhà ga tàu điện ngay đầu ngõ…+ Nhà xây 4 tầng chủ tự xây, khung cột chắc chắn chủ mới về chỉ việc ở. Lô góc 2 mặt thoáng sáng.-T1: Khách, bếp, vệ sinh.-T2,3: Mỗi tầng 2 ngủ, vệ sinh.-T4: Phòng thờ, sân phơi.+ Sổ đỏ chính chủ, đẹp 
",Nhà riêng,Sổ đỏ, 02/10/2023,30/10/2023,Bán,2550680,,,,,,,,,,,,,,,
"
Bán nhà mặt phố Quận Hoàng Mai - Hà Nội giá 4.30 Tỷ
","
4,3
Tỷ ","
29
m2
","['Hà Nội', 'Mua bán Nhà mặt phố tại Quận Hoàng Mai']","
-Bán nhà mới xây,29m2,5 tầng mặt phố Tân Mai -—Mặt tiền 4m1 .phố kinh doanh buôn bán tấp lập,tiện ích bảo là,gần trườn cấp 1,2 Tân Mai,100m đến chợ đầu mối phía nam,giao thương 8 hướng.Lh:0963250***(Lâm)  
",Nhà mặt phố,, 02/10/2023,30/10/2023,Bán,2550555,,,,,,,,,,,,,,,
"
Bán nhà-Trần Phú-hoàng mai-hà nội .diện tích 35m2
","
2,3
Tỷ ","
35
m2
","['Hà Nội', 'Quận Hoàng Mai', 'Mua bán Nhà riêng tại Phường Trần Phú']","
-Nhà mới xây ,4 tầng,1 tum gồm 3 Phòng ngủ,3 wc,Phòng khách,bếp ăn ,mặt tiền 3,8m ngõ ôtô tránh 10m,khu vực vô vàn tiện ích Gần ủy ban phường,mầm non,cấp 1,2 .khu vực hàng xóm thân thiện,an ninh rất tốt.Lh:0963250***(lâm)
",Nhà riêng,, 02/10/2023,30/10/2023,Bán,2550501,,,,,,,,,,,,,,,
"
Bán nhà riêng Quận Hoàng Mai - Hà Nội giá 2.80 Tỷ
","
2,8
Tỷ ","
34
m2
","['Hà Nội', 'Mua bán Nhà riêng tại Quận Hoàng Mai']","
  🌹🌹🌹  NHÀ  ĐẸP---5 TẦNG - ĐỦ CÔNG NĂNG- NGÕ NÔNG THOÁNG - GẦN ĐƯỜNG Ô TÔ - GẦN CHỢ __3 BƯỚC RA TRƯỜNG HỌC+Khu vực nhiều người tìm mua.+ Nhà 5 tầng còn mới đẹp, khách chỉ việc mang đồ về ở.+ Thiết kế mỗi tầng 1 phòng rộng, Tổng 3 phòng ngủ, 1 kh,bếp,1 thờ, sân phơi.+ Sổ đỏ chính chủ.Lh:0963250***(lâm)
",Nhà riêng,, 02/10/2023,30/10/2023,Bán,2550459,,,,,,,,,,,,,,,
"
Hơn 3 tỷ có nhà Khương Đình Thanh Xuân ở ngay 35m2 *4T- Ngõ 3m thoáng- Cạnh ngã Tư Sở
","
3,2
Tỷ ","
35
m2
","['Hà Nội', 'Quận Thanh Xuân', 'Mua bán Nhà riêng tại Đường Khương Đình']","
Bán nhà Khương Đình Thanh Xuân 34m²* 4 tầng- Ngõ 3m thoáng trước sau- Ngay đầu Ngã Tư Sở- Hàng xóm RoyalCity. Lh 090.200.6***- Nhà đầu Phố Khương Đình, cách đường ô tô vài chục mét, đi ra Nguyễn Trãi, Ngã Tư Sở rất gần. Khu vực trung tâm, tiện ích không thiếu gì.- Nhà dân xây 4 tầng chắc chắn, có thể lên thêm tầng nếu cần.- Sổ đỏ chính chủ, sẵn sàng giao dịch.- Giá bán 3.2 tỷ- LH xem nhà trực tiếp 090.200.6***
",Nhà riêng,, 02/10/2023,30/10/2023,Bán,2550147,,,,,,,,,,,,,,,
"
Bán nhà biệt thự, liền kề Quận Hà Đông - Hà Nội giá 160.00 Triệu
","
160
Triệu ","
170
m2
","['Hà Nội', 'Quận Hà Đông', 'liền kề tại Đường Nguyễn Văn Trác', 'Mua bán Nhà biệt thự']","
 RA MẮT BIỆT THỰ SOLASTA MANSION ĐẦU TƯ ĐỢT 1 - KHÔNG CHÊNH - 108 LÔDiện tích biệt thự ưu việt 170m2 - Mặt tiền 8,5m rộng nhất phân khúcXung quanh dự án 14 tòa chung cư đã ở full khoảng 10,000 dânĐối diện trường đại học Phenikaa hiện có 15,076 sinh viênCạnh Bệnh Viện Nhi Hà Nội (Hoàn Thành 2024)Kết nối Hạ Tầng tuyến Lê Quang Đạo kéo dài và gần vành đai 4Giá đợt 1 mua được là thắngChính sách cực kỳ tốtEarly Bird 1.5%Tiến độ thông thường CK 5 %Thanh toán sớm CK6% trên dòng tiền đóng sớm.Vay vốn ngân hàng: Ngân hàng hỗ trợ 50% tổng giá trị 18- 21 tháng.45% vốn tự có đóng trong vòng 7 tháng.- Miễn phí 3 năm quản lý dịch vụ.------------------------------------------- Thông tin tổng quan dự án:+ Tên dự án: Solasta Mansion Nam Cường+ Chủ đầu tư tiềm lực và uy tín: Tập đoàn Nam Cường+ Quy mô: 653 căn biệt thự - Đợt 1 năm 2023 chỉ ra 108 căn Diện tích đa dạng:* Biệt thự diện tích 170m2 chiếm 75% số căn* Biệt thự shopvilla 212,5m2 chiếm 15% số căn* Biệt thự lô góc và các lô khác diện tích từ 177,18m2 - 425,28m2 chiếm 10% số căn-------------------------------------------Hotline: Mr Hưng 08.1212.1***xem thực tế Da và chọn lô đẹp
","Nhà biệt thự, liền kề",Sổ đỏ, 02/10/2023,30/10/2023,Bán,2550099,Đông-Nam,,,,,,,,,,,,,,
"
Bán nhà riêng Đồng Tâm - Đại La - Quận Hai Bà Trưng - Hà Nội
","
3,8
Tỷ ","
46
m2
","['Hà Nội', 'Quận Hai Bà Trưng', 'Mua bán Nhà riêng tại Phố Đại La']","
Chủ nhà gửi bán lô đất tại ngách 128c/27 Đại La, phường Đồng Tâm, quận Hai Bà Trưng, Hà Nội.- Hiện trạng đang là nhà cấp 4- Tổng diện tích 46m2- Lô đất đẹp, vuông vắn, xe ô tô nhỏ có thể vào được ngay cửa.- Từ vị trí lô đất đi ra ngã tư Giải Phóng – Đại La 400m, cách trường đại học Kinh Tế Quốc Dân 300m, Cách ký túc xá Đại Học Kinh Tế Quốc Dân 300m, Cách trường Bách Khoa 1km, cách trường đại học Mở 1 km, cách chợ Mơ 2,5km.LH: 084 52 95***
",Nhà riêng,, 02/10/2023,30/10/2023,Bán,2550093,,,,,,,,,,,,,,,
"
Bán nhà 40m*5 tầng- 4PN- Phố Khương Đình-Thanh Xuân- Nhà phân lô- Ngõ 3m- Giá 3.96 tỷ
","
3,96
Tỷ ","
40
m2
","['Hà Nội', 'Quận Thanh Xuân', 'Mua bán Nhà riêng tại Đường Khương Đình']","
Nhà phố Khương Đình 40m² xây dựng 5 tầng mặt tiền 4m giá 4 tỷ.Mô tả:Nhà nằm khu vực trung tâm của quận Thanh Xuân, nhà cách Ngã Tư Sở vài trăm mét, khu vực dân trí cao, dân cư đông đúc.+ Ngõ 236 là ngõ ô tô. Nhà ngõ rộng, gần phố, khu trung tâm nên di chuyển đi đâu cũng rất thuận tiện.+ Tổng 4 phòng ngủ, đủ công năng sử dụng, nội thất xịn xò, các phòng ngủ đều lát sàn gỗ đầy đủ rất đẹp, phòng nào cũng có cửa sổ rất thoáng, sáng. Khách thiện chí mua chủ tặng lại nội thất.+ Thiết kế:- Tầng 1: Để xe, phòng khách, bếp + vệ sinh.- Tầng 2: 2 phòng ngủ + vệ sinh.- Tầng 3: 2 phòng ngủ + vệ sinh.- Tầng 4: Phòng thờ rộng, sân phơi, khu vực trồng cây- Liên hệ: 090.200.6***#Bán nhà Quận Thanh Xuân#Bán đất Quận Thanh Xuân#Bất động sản Thanh Xuân
",Nhà riêng,, 02/10/2023,30/10/2023,Bán,2550069,,,,,,,,,,,,,,,
"
Bán căn hộ Quận Nam Từ Liêm - Hà Nội giá 1.46 Tỷ
","
1,46
Tỷ ","
291
m2
","['Hà Nội', 'Quận Nam Từ Liêm', 'Mua bán Căn hộ chung cư tại Phường Tây Mỗ']","
<!--td {border: 1px solid #cccccc;}br {mso-data-placement:same-cell;}-->Bán căn Studio diện tích tim tường 29,1m, giá đầu tư dòng tiền cực tốtTổng quan tòa TK1-The Tonkin Vinhomes Smart CityTên gọi : Tòa TK1Vị trí: Nằm kế cận nhà để xe nổi 10 tầng và tòa TK2Chiều cao: 38 tầngThiết kế: Theo layout hình chữ Z với mật độ 16 căn/sàn, 7 thang máy hiện đạiLoại hình căn hộ: Studio; 1PN; 1PN+1; 2PN (2WC); 2PN + 1 (2WC); 3PNDiện tích: 25m2 82m2Tổng số căn hộ: Gần 586 cănMức giá: Trung bình 65tr/m2Thời điểm bàn giao: 12/2022 Hình thức sở hữu: sở hữu lâu dài 
",Căn hộ,Sổ hồng, 02/10/2023,30/10/2023,Bán,2550096,Đông-Bắc,,1.0,1.0,,,,,,1.0,,1.0,1.0,1.0,
"
[Cho thuê 1+1 ngủ The Zen Gamuda, 9 Triệu Full đồ)
","
9
Triệu ","
55
m2
","['Hà Nội', 'Quận Hoàng Mai', 'Mua bán Căn hộ chung cư tại Phường Yên Sở']","
✔️Do nhu cầu chưa vào ở ngay nên mình cần cho thuê căn hộ 1+1 (55m2) tòa the Zen Gamuda, thiết kế 2 ngủ (phòng ngủ chính view bể bơi trẻ em và hồ yên sở, có thể ngắm hoàng hôn rất chill. Phòng ngủ phụ bố chí 2 giường tầng, có thiết kế cả bàn học và tủ quần áo, thích hợp cho gia đình 1-2 con nhỏ tiểu học). ✔️Giá thuê net: 9 triệu/tháng có gia lộc ✔️ full đồ (máy giặt, nóng lạnh, 3 điều hòa xịn, ti vi, sofa kéo ra thành giường, giường, tủ quần áo, tủ giầy,…) chỉ cần mang vali vào ở. ✔️ Nhà có 1 ban công phòng khách view xuống bể bơi trẻ em, ban công gió mát, chỉ cần bật quạt đã như đang bật điều hòa. Cửa chính gần giếng trời, mở cửa ra gió lồng lộng. ✔️ Điện nước theo giá nhà nước. ✔️Dịch vụ 5 sao bao trọn tiện ích tầng 5 gồm: 1 bể bơi vô cực dành cho người lớn, 1 bể bơi riêng cho trẻ em, Phòng gym miễn phí. Ngoài ra còn có các phân khu vui chơi cho trẻ em ở tầng 5. ✔️Không gian dưới tầng 1 vô cùng rộng rãi với nhiều công viên xanh cho người lớn đi dạo, sân cỏ rộng như sân bóng đã để trẻ con thỏa thích vui chơi. - Dịch vụ tầng 1: phòng khám, phòng tiêm chủng của đại học quốc gia, siêu thị Winmart tổng, higland coffe, trường quốc tế liên cấp…..) - Gần chợ dân sinh Yên Duyên, gần trường tiểu học, THCS và THPT Yên Sở. * Liên hệ: Chính chủ 0936 328 *** (chị Trang)
",Căn hộ,Sổ đỏ, 02/10/2023,30/10/2023,Bán,2549951,Tây,1.0,1.0,1.0,1.0,1.0,1.0,1.0,1.0,1.0,1.0,1.0,1.0,1.0,1.0
"
Bán nhà riêng Quận Thanh Xuân - Hà Nội giá thỏa thuận
","
Thỏa thuận
","
34
m2
","['Hà Nội', 'Quận Thanh Xuân', 'Mua bán Nhà riêng tại Đường Khuất Duy Tiến']","
Nhà đẹp – 10m ra Phố – Ngã tư Nguyễn Trãi – Khuất Duy Tiến. - Diện tích: 36m2, MT 3,8M, 5 tầng.- Vị trí trung tâm của nhiều trường ĐH Lớn: Đại học Hà Nội, Kiến Trúc, Công nghệ Giao thông, Kỹ thuật mật mã, HV An Ninh.....vv - Ngõ vào rộng thoáng, 30m có bãi gửi ô tô.- Phố sầm uất, tiện ích đầy đủ ( đường – trường – chợ - bệnh viện ) đủ cả.- Là nơi tập chung của rất nhiều các trường Đại Học lớn, trên dưới đều có TTTM.- Thiết kế hiện đại, chắc chắn, Full tiện nghi.- Tầng 1: PK + Bếp  Tầng 2, 3,4 : PN + WC  Tầng 5: sân phơi + phòng thờ.- NHÀ ĐẸP – SỔ ĐẸP – GIAO DỊCH NGAY.LH e Long: SDT/ ZALO ( 0862.910.*** ).
",Nhà riêng,Sổ đỏ, 02/10/2023,30/10/2023,Bán,2549915,Tây-Nam,,,,,,,,,,,,,,
"
Bán nhà cổ linh siêu víp 4T vỉa hè rộng kinh doanh thuận lợi giá 10 tỷ
","
10
Tỷ ","
50
m2
","['Hà Nội', 'Quận Long Biên', 'Mua bán Nhà riêng tại Đường Cổ Linh']","
+ Vị trí: Gần TTTM Aeon Long Biên, cầu Vĩnh Tuy, 10 phút sang Time city. - Đường trước nhà 8m ô tô dừng thoải mái. - Cách chợ Thạch Bàn chỉ 200m. - Gần trường THPT Thạch Bàn. - Gần đường 5, Cao Tốc Hà Nội Hải Phòng giao thông rất thuận tiện. Tầng 1: Kinh doanh+ phòng bếp+ vệ sinh. Tầng 2 + 3: mỗi tầng 1 phòng ngủ + vệ sinh Tầng 4: sân phơi, làm phòng ngủ hoặc thêm tầng thoải mái. + Sổ đỏ nét căng sẵn sàng giao dịch. + Liên Hệ: 03571683***Ms Dương chuyên bán nhà đất khu vưc Quận Long Biên, Ba Đình để được tư vấn.
",Nhà riêng,Sổ đỏ, 02/10/2023,30/10/2023,Bán,2549844,,1.0,1.0,1.0,1.0,1.0,1.0,1.0,1.0,1.0,1.0,1.0,1.0,1.0,1.0
