Title,Price,Area,Address,Gen_descrip,Loại hình,Tình trạng pháp lý,Hướng nhà,Bình nóng lạnh,Máy hút mùi,Tủ bếp,Bàn ăn,Kệ TV,Tủ trang trí,Giường ngủ,Bàn phấn,Tủ quần áo,Bồn tắm,Vòi hoa sen,Bồn cầu,Bồn rửa mặt,Bàn ghế P.khách,Ngày đăng,Ngày hết hạn,Loại tin,ID tin,Số phòng ngủ,Đường vào,Mặt tiền,Số tầng,Nội thất
"
Bán căn hộ Quận Hà Đông - Hà Nội giá 1.950 Tỷ căn hộ siêu đẹp DT 77m 2pn sđcc toà ct1 NT Fuill
","
1,38
Tỷ ","
77
m2
","['Hà Nội', 'Quận Hà Đông', 'Mua bán Căn hộ chung cư tại Đường 70A']","
Căn hộ ở rất có lộc, nhà đẹp không thấm ẩm, xung quanh tòa nhà bạt ngàn tiện ích, các tuyến đường giao thông đi lại thuận lợi.5Gia đình làm ăn được lộc nên chuyển xuống liền kề, nên gia đình mình muốn nhượng lại căn 2 ngủ tầng trung đẹp CT1  chung cư Xa La cho gia đình nào có nhu cầu.Chi tiết cụ thể như sau:- Diện tích: 77m.- Thiết kế: 2 ngủ, 2 vệ sinh, 1 khách, 1 ban công.- sổ đỏ chính chủ sang tên ngay  - Hướng cửa: Tây bắc , ban công Đông nam , thoáng mát- Nội thất để lại: 2 bộ giường tủ +3 điều hoà +  Nhà đã có sàn gỗ Malaysia 12mm, tủ bếp gỗ thịt, trần thạch cao, Khách mua chỉ cần mang theo đổ cá nhân về ở.- LH : zalo Em Lưu 09885201***xem nhà trực tiếp
",Căn hộ,Sổ đỏ,Tây-Bắc,1.0,1.0,1.0,1.0,1.0,1.0,1.0,1.0,1.0,1.0,1.0,1.0,1.0,1.0, 01/10/2023,29/10/2023,Bán,2368521,,,,,
"
Chính chủ bán căn 60m 2pn 2wc sỏ đỏ chính chủ giá bán thoả thuận , NT Full đồ
","
0,00175
Triệu ","
77
m2
",['Mua bán Căn hộ chung cư  Khu đô thị mới Đại Thanh'],"
 5Gia đình làm ăn được lộc nên chuyển xuống liền kề, nên gia đình mình muốn nhượng lại căn 2 ngủ tầng trung đẹp CT10 chung cư đại thanh  cho gia đình nào có nhu cầu.Chi tiết cụ thể như sau:- Diện tích: 60m².- Thiết kế: 2 ngủ, 2 vệ sinh, 1 khách, 1 ban công.Pháp lý rõ ràng sang tên nhanh gọn- Hướng cửa: ĐN . TB- Nội thất để lại: Nhà đã có sàn gỗ Malaysia 12mm, tủ bếp gỗ thịt, trần thạch cao, toàn bộ cánh cửa làm bằng gỗ Lim Nam Phi,... Khách mua chỉ cần mang theo đổ cá nhân về ở. LH : MR LƯU zalo  xem nhà 24/24   
",Căn hộ,Sổ đỏ,Đông-Nam,1.0,1.0,1.0,1.0,1.0,1.0,1.0,1.0,1.0,1.0,1.0,1.0,1.0,1.0, 01/10/2023,29/10/2023,Bán,2457266,,,,,
"
Bán căn hộ Quận Hà Đông - Hà Nội giá 1.830 Tỷ chính chủ bán căn góc 77m 2pn 2wc sổ đỏ chính chủ
","
1,83
Tỷ ","
77
m2
","['Hà Nội', 'Quận Hà Đông', 'Mua bán Căn hộ chung cư tại Đường 70A']","
Tôi chính chủ cần bán gấp căn hộ tầng 18  Xa La, khu đô thị Xa La, Hà Đông, Hà Nội.Căn hộ thiết kế như sau: Căn góc ban công rộng thoáng mát.Diện tích: 77m².2 phòng ngủ, 2 vệ sinh, 1 phòng khách rộng, 1 bếp.Hướng cửa: Tây Nam . Ban công: Đông Bắc.Giấy tờ pháp lí: Sổ đỏ chính chủ.Nội thất để lại: Full nội thất, sàn gỗ, trần thạch cao, tủ bếp, điều hòa, bình nóng lạnh.Giá bán: 1,50tỷ (bao sang tên, có thương lượng mạnh).LH : MR Lưu zalo 0988520***
",Căn hộ,Sổ đỏ,Tây-Nam,1.0,1.0,1.0,1.0,1.0,1.0,1.0,1.0,1.0,1.0,1.0,1.0,1.0,1.0, 01/10/2023,29/10/2023,Bán,2450899,,,,,
"
Chính chủ bán căn hộ tầng tr tại tòa CT2, KĐT Xa La - Hà Đông. Sổ đỏ chính chủ. Full nội thất đẹp
","
1,75
Tỷ ","
64
m2
","['Hà Nội', 'Quận Hà Đông', 'Mua bán Căn hộ chung cư tại Đường 70']","
 Làm ăn được lộc, gia đình đã mua được căn hộ 3 phòng ngủ - Vì vậy có nhu cầu chuyển nhượng lại căn hộ 2 phòng ngủ tại tòa CT2, KĐT Xa La, Hà Đông, Hà Nội- Diện tích: 64m2- Thiết kế căn hộ: 2 phòng ngủ, 2vệ sinh, 1 phòng khách + khu vực bếp, 1 ban công đông nam  thoáng- Nội thất: Gia đình thiết kế nội thất nên ở rất giữ gìn và làm tâm huyết, sàn gỗ Malay, tủ bếp, bàn ghế sofa, điều hòa, nóng lạnh, giường, tủ quần áo,... Khách mua chỉ việc về ở- Pháp lý rõ ràng: Sổ hồng chính chủ, sẵn sàng giao dịch- Hỗ trợ khách mua trả góp đến 70%- Giá bán: Thương lượng- Liên hệ xem nhà: Anh Lưu Xin cảm ơn 
",Căn hộ,Sổ đỏ,Tây-Bắc,,,,,,,,,,,,,,, 01/10/2023,29/10/2023,Bán,2547135,,,,,
"
Bán căn hộ Hà Đông - Hà Nội giá 1.66 Tỷ nhà siêu đẹp 64m 2pn 2wc sổ đỏ lâu dài giá chỉnh 1,730 tỷ
","
1,73
Tỷ ","
64
m2
",['Mua bán Căn hộ chung cư  CT6 Xa La'],"
Căn hộ đẹp tiện ích. Bán nhanh căn hộ 2PN - 2VS  toà ct4 DT 64,5m² tại toà ct6 xa la  Nhà đã đẹp, thiết kế gọn gàng tỉ mỉ. Nội thất: Full như hình (Ảnh thật 100%). Căn góc tầng trung , 2 ban công đông nam Căn hộ toà ct6 ngay gần mặt đường thuận tiện giao thương. Giá 1,730tỷ hỗ chợ vay bank (chủ nhà giá nào cũng bán). LH: MRS Lưu 0988520***  xem nhà E tư vấn và xem nhà miễn phí 24/24. Hỗ trợ vay ngân hàng 70% giá trị hđ.
",Căn hộ,Sổ đỏ,Tây-Nam,1.0,1.0,1.0,1.0,1.0,1.0,1.0,1.0,1.0,1.0,1.0,1.0,1.0,1.0, 01/10/2023,29/10/2023,Bán,2454444,,,,,
"
Bán căn hộ Quận Hà Đông - Hà Nội giá 1.75 bán căn góc tòa CT2, Xa La . Sổ đỏ chính chủ.
","
1,75
Tỷ ","
64
m2
","['Hà Nội', 'Quận Hà Đông', 'Mua bán Căn hộ chung cư tại Đường 70']","
Làm ăn được lộc, gia đình đã mua được căn hộ 3 phòng ngủ - Vì vậy có nhu cầu chuyển nhượng lại căn hộ 2 phòng ngủ tại tòa Ct2 , KĐT Xa La, Hà Đông, Hà Nội- Diện tích: 64m2- Thiết kế căn hộ: 2 phòng ngủ, 2vệ sinh, 1 phòng khách + khu vực bếp, 1 ban công  đông nam thoáng mát- Nội thất: Gia đình thiết kế nội thất nên ở rất giữ gìn và làm tâm huyết, sàn gỗ Malay, tủ bếp, bàn ghế sofa, điều hòa, nóng lạnh, giường, tủ quần áo,... Khách mua chỉ việc về ở- Pháp lý rõ ràng: Sổ hồng chính chủ, sẵn sàng giao dịch- Hỗ trợ khách mua trả góp đến 70%- Giá bán:  1,750 tỷThương lượng- Liên hệ xem nhà: MR Lưu zalo 0988520***
",Căn hộ,Sổ đỏ,Tây-Bắc,1.0,1.0,1.0,1.0,1.0,1.0,1.0,1.0,1.0,1.0,1.0,1.0,1.0,1.0, 30/09/2023,28/10/2023,Bán,2547137,,,,,
"
Bán căn hộ Huyện Hoài Đức - Hà Nội giá 3.54 Tỷ
","
3,54
Tỷ ","
66,49
m2
","['Hà Nội', 'Huyện Hoài Đức', 'Mua bán Căn hộ chung cư tại Đường 70A']","
chỉ từ 3.5 tỷ khách hàng sở hữu ngay căn hộ 2 ngủ cao cấp.Với đầy đủ tiện ích bể bơi tràn viền, bể bơi ngoài trời, clubhouse, khối thương mại dịch vụ, quảng trường thương mại, trường học liên cấp tiêu chuẩn cao Đoàn Thị Điểm, Trường quốc tế St. Paul MericanHệ thống ăn uống từ bình dân đến sang trọng ngay từng nội khuTất cả các bệnh viện, trường học, siêu thị được kết nối với các khu lân cận như Splendora, VinhomeVinhomes CityNhận nhà 31/12/2023.Bàn giao nội thất cơ bản.Hỗ trợ vay 50 - 65% giá trị căn hộ HTLS đến 2 nămTặng 2 năm phí dịch vụ.Quản lý vận hành CBRE.Đạt tiêu chuẩn phòng cháy chữa cháy an toàn nhất cả nước .
",Căn hộ,Giấy tờ hợp lệ,Đông-Nam,1.0,1.0,1.0,1.0,1.0,1.0,1.0,1.0,1.0,1.0,1.0,1.0,1.0,1.0, 30/09/2023,28/10/2023,Bán,2547239,,,,,
"
Cần bán gấp căn hộ chung cư Khu đô thị mới Xa La, 3 phòng ngủ, 104 m2, giá 2.5 tỷ tại Hà Đông
","
2,55
Tỷ ","
104
m2
",['Mua bán Căn hộ chung cư  Khu đô thị mới Xa La'],"
   Do không có nhu cầu sử dụng lênnhượng lại căn hộ chung cư tại tòa ct2 xalaĐT 104m 3 phòng ngủ 2 nhà vệ sinhpháp lí sổ đỏ chính chủ , lâu dàiGiá mong muốn nhỉnh 2 tỉAC quan tâm hotline em 0988 520 *** để xem nhà trực tiếp   
",Căn hộ,Sổ hồng,Tây-Bắc,1.0,1.0,1.0,1.0,1.0,1.0,1.0,1.0,1.0,1.0,1.0,1.0,1.0,1.0, 30/09/2023,28/10/2023,Bán,2177179,,,,,
"
Cần Bán GẤP Nhà số 25 LK27, 110m2, 4 tầng, Phố Trịnh Văn Bô, giá 20 tỷ (có thương lượng).
","
20
Tỷ ","
110
m2
","['Hà Nội', 'Quận Nam Từ Liêm', 'liền kề tại Đường Trịnh Văn Bô', 'Mua bán Nhà biệt thự']","
Bán GẤP Nhà số 25 LK27, 110m2 xây 4 tầng, MT 5m, mặt Phố Trịnh Văn Bô rộng 30m, Vỉa hè 5m.☑ Diện tích sổ đỏ: 110m² x 4 tầng, mặt tiền 5m;☑ Vị trí: Mặt Phố Trịnh Văn Bô (rộng 30m, vỉa hè rộng 5m), rất thuận tiện Kinh doanh buôn bán, làm văn phòng...☑ Pháp lý: Sổ đỏ chính chủ.☑ Giá bán: 20 Tỷ (có thương lượng) Liên hệ: 0961466*** (Mrs.Giang)
","Nhà biệt thự, liền kề",Sổ đỏ,,,,,,,,,,,,,,,, 30/09/2023,28/10/2023,Bán,2546888,,,,,
"
BT Starlake Tây Hồ Tây 353m2, 4 tầng, mặt tiền 38m, nhà lô góc VIP, giá 140 tỷ
","
140
Tỷ ","
353
m2
","['Hà Nội', 'Quận Tây Hồ', 'liền kề tại đường Tây Hồ', 'Mua bán Nhà biệt thự']","
BT Starlake Tây Hồ Tây 353m2, 4 tầng, MT 38m.Giá 140 tỷ.Khu vực Ngoại Giao Đoàn Starlake đẳng cấp vip hiếm nhà bán - lô góc - nội thất xịn.Mô tả:Biệt thự đẳng cấp chỉ dành giới khách thượng lưu, toàn quan chức ở, sân vườn rộng, chạy xung quanh nhà, bể cá koi.+ Tầng hầm để xe ô tô, phòng ngủ, WC xịn xò.+ Tầng 1: Phòng khách vip rộng thênh thang, nội thất đẳng cấp, phòng bếp bar bên cạnh, phòng ăn, kho, ngủ nhỏ, WC.+ Tầng 2: Hành lang rộng thoáng, 1 ngủ master, WC khép kín, 1 ngủ nhỏ.+ Tầng 3: Cũng 2 ngủ, đều có phòng khách, phòng đọc sách riêng.+ Tầng 4: Sân thượng, phòng tập thể thao, phòng thờ, kho sân phơi.Pháp lý chuẩn mực, sổ đỏ nở đẹp.- Liên hệ E. Tuấn để được tư vấn và hỗ trợ xem nhà 24/7
","Nhà biệt thự, liền kề",Sổ đỏ,,,,,,,,,,,,,,,, 30/09/2023,28/10/2023,Bán,1797495,,,,,
"
Bán LK 116m2 4 tầng mặt tiền 5.8m, có hầm, view vườn hoa, ngay sát công viên - Giá 24 tỷ
","
24
Tỷ ","
116
m2
","['liền kề  The Jade Orchid Garden', 'Mua bán Nhà biệt thự']","
Jade Orchid là dự án duy nhất Hà Nội Giá lên gấp đôi vẫn rẻSản phẩm cđt này thường cao hơn 1.5-2 lần các cdt Việt Nam khác nhất là mấy CĐT nhà nước như Romantic, Ngoại Giao Đoàn, Udic, Tp Giao Lưu... Cho nên nó phải lên Gấp 3 - 4 lần thì mới đúng giá.Liền kề nhỏ là cầu rất lớn khu vực trên này, do nó vừa miếng. Nhược điểm rất lớn liền kề vùng trên này là thiết kế xấu, và đa số không phải cao cấp - loại này khắc phục cả 2. Liền kề Romantic giống IPhone 5 còn Ciputra tầm Iphone 10 còn Jade Orchid Tầm Iphone 13 - Càng về sau đời càng cao hơn và giá càng cao hơn.Ở sướng - oách - giá rẻ bằng 1/2 - vừa miếng chỉ 24->28.5 tỷ - đóng nhẹ chỉ 10% - NHẬN NHÀ GIÁ LÊN GẤP ĐÔI LÀ BẰNG XUNG QUANH, không có cho mà mua do CẦU Ở QUÁ KHỦNG, dân ở KÍN HẾT có ai bán đâuAnh chị NÊN XEM LẠI DỰ ÁN JADE ORCHID VÌ ĐẾN ANH CHỊ TRONG CIPUTRA HAY STARLAKE KỂ CẢ VIỆT KIỀU chắc chắn có lý doAnh chị ấy ko bao giờ mua BỪA BÃI NẾU MUA LUNG TUNG THÌ ĐÃ KO GIÀU THẾ.Jade dù lộc mỏng vẫn thoát được - vì người mua nó là đội vừa miếng liền kề - nhiều vô kể.Nó có lộc to cộng với người tiêu dùng cuối cùng nhiều thì thoát hàng cho khách đầu tư rất DễAnh/chi xem có lấy ko nhé. So với mặt bằng bán lại hiện nay tầm 240-260 tr/m2 căn nhỏ - thì căn này 183 tr/m2 là rẻ (trực tiếp cdt)Bán lại 240-260 tr/m2 loại nhỏ ở sướng, oách vẫn rẻ nhất khu - bên ciputra liền kề khu K loại nhỏ là 350-400 tr/m2, romantic hay khu H starlake lk nhỏ cũng tầm giá đóKhu này, căn hộ ko đội lái , giá lên gấp đôi thì thời này chắc chắn càng lên. Căn hộ khu này còn lên thì loại này lên càng mạnhCĐT VIMEFULLAND TOÀN LÀM CAO CẤP - giá bds của nó thường cao hơn bình thường tầm 1.5-2 lầnTức nếu hiệu chỉnh cả thương hiệu cdt thì GIÁ NÓ PHẢI LÊN 3-4 LẦN MỚI NGANG THỊ TRƯỜNGA/C quan tâm tới dự án.- Liên hệ e Tuấn để được tư vấn và hỗ trợ xem nhà 24/7.
","Nhà biệt thự, liền kề",Sổ đỏ,Bắc,,,,,,,,,,,,,,, 30/09/2023,28/10/2023,Bán,1867128,4,"11,5m",58m,4,Xây Thô Mặt Ngoài 
"
Bán nhà cấp 4 có gác xép Quận Thanh Xuân - Hà Nội
","
2,6 - 2,7
Tỷ ","
43
m2
","['Hà Nội', 'Quận Thanh Xuân', 'Mua bán Đất tại Đường Bùi Xương Trạch']","
Số nhà 47(240), ngõ 271, Phố Bùi Xương Trạch, tổ 15, Khương Đình, Thanh Xuân Hà Nội ngõ thông, có hồ sơ kỹ thuật thửa đất, đang chờ làm sỏ đỏ ( Có bản đồ quy hoạch đất). Gần trường ĐH Y, ĐH KTQD, ĐH Bách khoa Hà Nội....
",Đất,,,,,,,,,,,,,,,,, 30/09/2023,28/10/2023,Bán,2546851,,,,,
"
Bán gấp căn góc 2 ngủ 64m2 giá 2.x tỷ Full đồ cao cấp tại le grand jardin KĐT sài đồng long biên
","
2,85
Tỷ ","
64
m2
",['Mua bán Căn hộ chung cư  Le Grand Jardin Sài Đồng'],"
Do chuyển công tác nên cần bán gấp căn góc mới Le Grand Jardin KĐT Sài ĐồngChủ đầu tư uy tín tập đoàn BRGHệ thống tiện ích hiện đại với nhiều trài nhiệm cho cuộc sống thăng hoaVị trí đắc địa: Khu đô thị sài đồng - Long Biên - Hà Nội+ Diện tích thông thủy 64m².+ Thiết kế 2PN + 1WC.+ Ban công View Hồ Sài Đồng+ Sổ đỏ chính chủ.+ Để lai full nội thất hiện đại cao cấp, chỉ mang vali đến và ở.+ Giá bán chỉ 2.x tỷ ( thương lượng )* Chi tiết liên hệ xem nhà miễn trung gian: 09113391***sms, call, zalo). 
",Căn hộ,Sổ đỏ,,1.0,1.0,1.0,1.0,1.0,1.0,1.0,1.0,1.0,,1.0,1.0,1.0,1.0, 30/09/2023,28/10/2023,Bán,2223786,,,,,
"
Cần bán nhà cấp 4 mặt phố Hồ Văn Chương (nhà 2 mặt tiền, mặt ngõ rộng hơn 3m)
","
Thỏa thuận
","
40
m2
","['Hà Nội', 'Quận Đống Đa', 'Mua bán Nhà riêng tại Đường Hồ Văn Chương']","
Cần bán nhà cấp 4 mặt phố Hồ Văn Chương (nhà 2 mặt tiền, mặt ngõ rộng hơn 3m).Mặt tiền nhà 4m95 sâu hơn 8m. Sổ đỏ chính chủ.Giá thoả thuận
",Nhà riêng,,,,,,,,,,,,,,,,, 30/09/2023,28/10/2023,Bán,2546786,,,,,
"
Vip đống đa – 7 tỷ, phân lô ô tô - vỉa hè - tầm tiền hiếm - kinh doanh đỉnh - sát hồ hoàng cầu!
","
7,5
Tỷ ","
35
m2
","['Hà Nội', 'Quận Đống Đa', 'Mua bán Nhà riêng tại Đường Võ Văn Dũng']","
VIP ĐỐNG ĐA – 7 TỶ, PHÂN LÔ Ô TÔ - VỈA HÈ - TẦM TIỀN HIẾM - KINH DOANH ĐỈNH - SÁT HỒ HOÀNG CẦU!
 
Nhà phố Võ Văn Dũng, 35m, mặt tiền 3.5m, giá 7.5 tỷ. Ở sướng, Kinh doanh đỉnh, sát hồ Hoàng Cầu, tầm tiền cực hiếm.
+ Khu phân lô cán bộ cấp cao, nơi tập trung nhiều văn phòng Công ty, kinh doanh cafe, Spa…
Ngõ ô tô chạy vòng quanh, vỉa hè, sạch đẹp.
+ Nhà xây được 4 năm, mới đẹp, thiết kế thông sàn cầu thang cuối, phù hợp kinh doanh, văn phòng, online, spa...
+ Hiện chủ đang cho thuê gần 20tr/tháng. 
+ Phù hợp cho khách tài chính quanh 7 tỷ đang tìm nhà ở, kinh doanh, tự mở văn phòng, đầu tư giữ tiền với dòng tiền ổn định.
 
Liên hệ xem nhà: Hoàng Ngà – (zalo-call)
#Đống_Đa, #Hoàng_Cầu, #Võ_Văn_Dũng, #Kinh_Doanh, #Spa, #Văn_Phòng, #Ô_tô, #Cho_Thuê, #Dòng_Tiền
",Nhà riêng,Sổ đỏ,,,,,,,,,,,,,,,, 30/09/2023,28/10/2023,Bán,2546663,4,,,4,
"
Cần tiền bán nhanh 185m mt Lý Thái Tổ, phố cổ Hội An - rẻ hơn thị trường 10 giá
","
9,8
Tỷ ","
185
m2
","['Hà Nội', 'Quận Ba Đình', 'Mua bán Nhà mặt phố tại Phố Bà Huyện Thanh Quan']","
Cần tiền bán nhanh 185m mt Lý Thái Tổ, phố cổ Hội AnDt 185mvNgang 7m5 sâu 25,5mCó sẵn nhà cấp 4 đang cho thuê 7tr/ tháng ( cho thuê tạm - vì cần bán)Khu vực đông đúc, sầm uất của tuyến đường nàyGiá cực rẻ - chỉ 53tr/mvLH Thu0932414***Đã sao chépđi xem ngay#đất_mặt_tiền_phố_cổ#đất_Lý_Thái_Tổ#đất_mt_trung_tâm_pố_cổ#đất_xây_nhà_hàng_phố_cổ
",Nhà mặt phố,,Đông-Nam,,,,,,,,,,,,,,, 30/09/2023,28/10/2023,Bán,2419793,,,,,
"
Nhà trường chinh 7tầng thang máy, kinh doanh đỉnh, hơn 7 tỷ có thương lượng. lh: 0948358***
","
7,2
Tỷ ","
38
m2
","['Hà Nội', 'Quận Đống Đa', 'Mua bán Nhà riêng tại Đường Trường Chinh']","
NHÀ TRƯỜNG CHINH 7TẦNG THANG MÁY, KINH DOANH ĐỈNH, HƠN 7 TỶ CÓ THƯƠNG LƯỢNG. LH: 
Bán nhà Trường Chinh, 38m, 7 tầng, Thang Máy, Kinh doanh cực đỉnh, đường thông thoáng, ngõ thẳng tắp, 30m ra phố.
Khu #phân_lô #quân_đội, #dân_trí cao, #an_ninh đảm bảo.
#Nhà mới xây 7 tầng #thang_máy, #thiế_tkế #thông_sàn. Làm văn phòng hoặc kinh doanh đều hợp lý.
#Sổ đẹp không tỳ vết. Sắn sàng giao dịch.
LH xem nhà: #HoàngNgà - # (zalo – call)
#Trường_Chinh, #Ngã_Tư_Sở, #Đống_Đa #Nhà_Tây_Sơn, #Nhà_Thanh_Xuân, #Lê_Trọng_Tấn, #Vương_Thừa_Vũ, #Nguyễn_Trãi, #Tô_Vĩnh_Diện, #Hoàng_Văn_Thái,
",Nhà riêng,Sổ đỏ,,,,,,,,,,,,,,,, 30/09/2023,28/10/2023,Bán,2546534,5,,,7,
"
Nhà lê trọng tấn 7tầng thang máy 30m ra phố hơn 7 tỷ có thương lượng. lh: 0948358***
","
Thỏa thuận
","
--
","['Hà Nội', 'Quận Thanh Xuân', 'Mua bán Nhà riêng tại Đường Lê Trọng Tấn']","
NHÀ LÊ TRỌNG TẤN #7TẦNG #THANGMÁY 30M RA PHỐ HƠN 7 TỶ CÓ THƯƠNG LƯỢNG. LH: 
Bán nhà #Lê_Trọng_Tấn, 38m, 7 tầng, Thang Máy, đường thông thoáng, ngõ thẳng tắp, 30m ra phố.
Khu #phân_lô #quân_đội, #dân_trí cao, #an_ninh đảm bảo.
#Nhà mới xây 7 tầng #thangmáy, #thiếtkế #thông sàn.
#Sổ đẹp không tỳ vết. Sắn sàng giao dịch.
LH xem nhà: #Hoàng_Ngà - (zalo – call)
 #Nhà_Ngã_Tư_Sở, #Nhà_Đống_Đa #Nhà_Tây_Sơn, #Nhà_Thanh_Xuân, #Lê_Trọng_Tấn, #Vương_Thừa_Vũ, #Nguyễn_Trãi, #Tô_Vĩnh_Diện, #Hoàng_Văn_Thái
",Nhà riêng,Sổ đỏ,,,,,,,,,,,,,,,, 30/09/2023,28/10/2023,Bán,2546338,5,,,7,
