Title,Price,Area,Address,Gen_descrip,Loại hình,Tình trạng pháp lý,Hướng nhà,Ngày đăng,Ngày hết hạn,Loại tin,ID tin,Bình nóng lạnh,Máy hút mùi,Tủ bếp,Bàn ăn,Kệ TV,Tủ trang trí,Giường ngủ,Bàn phấn,Tủ quần áo,Bồn tắm,Vòi hoa sen,Bồn cầu,Bồn rửa mặt,Bàn ghế P.khách,Số phòng ngủ,Căn góc,Nội thất
"
Bán Shophouse chân đế Chung Cư Eurowindow River Park, 3 tầng, tổng diện tích 253m2, giá 10 tỷ
","
10
Tỷ ","
253
m2
",['Mua bán Nhà phố thương mại Shophouse  Euro River Park'],"
Chuyển mục đích gia đình có việc cần bán lại căn shophouse 3 tầng chân đế chung cư Eurowindown River Park.- Hướng Tây Nam nằm trên mặt đường Đông Hội - đường Trường Sa.- Căn nhà mình nằm tại chân đế toà Park 3, trước mặt là vỉa hè rất rộng 10m.- Diện tích tầng 1 - 75m, tầng 2 - 89m, tầng 3 - 89 m - Tổng diện tích: 253m.- Mặt tiền 4.5m - dài 20.8m.- Trần cao 4,8m nên rất thoáng.- Nhà đã hoàn thiện cơ bản mặt ngoài, có cửa kính, cửa cuốn, cầu thang, hệ thống điện, phòng cháy chữa cháy (bàn giao nguyên bản chủ đầu tư).- Rất thích hợp mở công ty, kinh doanh spa, trung tâm tiếng anh, nhà hàng, cafe, shop thời trang...- Giá bán 10 tỷ (có thương lượng).- Căn nhà mình đang chờ sổ, giao dịch theo hợp đồng mua bán CĐT.- Xem trong vui lòng liên hệ
",Nhà phố thương mại Shophouse,Giấy tờ hợp lệ,Tây-Nam, 30/09/2023,28/10/2023,Bán,2546220,,,,,,,,,,,,,,,,,
"
Chính chủ Bán căn hộ GS20610 Vinhomes Smart City, Quận Nam Từ Liêm - Hà Nội giá 1.40 Tỷ
","
1,4
Tỷ ","
30
m2
","['Hà Nội', 'Quận Nam Từ Liêm', 'Mua bán Căn hộ chung cư tại Đường Đại lộ Thăng Long']","
Chính chủ cần tiền bán nhanh căn hộ GS2 0610 Vinhomes Smart City.Nội thất đầy đủ, cao cấp, có đầy đủ đồ điện tử như tivi, tủ lạnh, máy giặt, ...Sổ đỏ chính chủ sẵn sàng giao dịch, hỗ trợ vay BIDV 70% giá trị căn hộ.Dự án Vinhomes Smart City xanh, sạch, đẹp, an ninh, di chuyển thuận lợi đến Cầu Giấy, Thanh Xuân, Đống Đa, Mỹ Đình, Hà ĐôngNhiều trường học, công viên, trung tâm thương mại,...Liên hệ xem nhà 0903251***
",Căn hộ,Sổ đỏ,, 28/09/2023,26/10/2023,Bán,2543713,1.0,1.0,1.0,1.0,1.0,1.0,1.0,1.0,1.0,1.0,1.0,1.0,1.0,1.0,,,
"
Bán đất Huyện Đông Anh - Hà Nội giá thỏa thuận
","
Thỏa thuận
","
115
m2
","['Hà Nội', 'Huyện Đông Anh', 'Mua bán Đất tại Đường Lễ Pháp']","
ĐẤT ĐẤU GIÁ LỄ PHÁP, TIÊN DƯƠNG, ĐÔNG ANH  - Thông tin khu đất đấu giá Lễ Pháp Tiên Dương:+ Diện tích: 115,5m - 143,2m+ Số tầng xây: 5 tầng+ Mật độ xây dựng: 86.9%+ Đường nhựa rộng 13,5m đến 25m (cả vỉa hè lát đá xanh) tùy vị trí.+ Hạ tầng: khu vui chơi nội khu, điện ngầm, đèn chiếu sáng, cứu hỏa, thoát nước...+ Bên cạnh là quy hoạch khu công viên cây xanh và hồ điều hòa. - Vị trí  + Bám trục đường 25m nối trung tâm Đông Anh với đường Võ Nguyên Giáp+ Cách đường Võ Nguyên Giáp 150m+ Cách cầu Nhật Tân 1,5km, đi sang phố mất 5 phút+ Sát khu công viên của dự án tổ hợp y tế chất lượng cao TH Medical và Công viên Kim Quy chuẩn bị triển khai+ Bên kia đường là khu dự án thành phố thông minh BRG - Liên hệ Tư vấn : 0916222560***0965148*** ( call/mess/zalo )
",Đất,,, 29/09/2023,27/10/2023,Bán,2546037,,,,,,,,,,,,,,,,,
"
Chính chủ - Bán chung cư N2 Lạc Long Quân - Võng Thị - Tây Hồ, giá từ 550tr/căn, sổ đỏ riêng
","
550 - 820
Triệu ","
50 - 65
m2
","['Hà Nội', 'Quận Tây Hồ', 'Mua bán Căn hộ chung cư tại Đường Lạc Long Quân']","
Chính chủ - Bán chung cư N2 Lạc Long Quân - Võng Thị - Tây HồLiên hệ Hưng chủ đầu tư: 0982882***Giảm giá sâu cho khách hàng mua nhà trong tháng - nhận nhà ngay.Giá bán: 550tr - 650tr - 700tr - 800tr - 906tr - hơn 1 tỷ.Diện tích: 45m2 - 48m2 - 50m2 - 52m2 - 55m2 - 65m2 - 70m2Nội thất: Sàn gỗ, tủ bếp, trần thạch cao, thiết bị vệ sinh, bình nóng lạnh, đèn led.Tòa nhà thiết kế tầng 1 để xe, có đầy đủ hệ thống phòng cháy chữa cháy tự động, an ninh tòa nhà bảo vệ chuyên nghiệp.Tôi là chủ: 0982882*** ( Miễn Môi Giới - Trung Gian )Liên hệ trực tiếp Hưng chủ đầu tư để mua nhà giá gốc - add Zalo để nhận video căn hộ.
",Căn hộ,Sổ đỏ,, 29/09/2023,27/10/2023,Bán,2374346,1.0,1.0,1.0,1.0,1.0,1.0,1.0,1.0,1.0,1.0,1.0,1.0,1.0,1.0,,,
"
Bán nhà riêng Quận Hoàng Mai - Hà Nội giá 3.75 Tỷ
","
3,75
Tỷ ","
36
m2
","['Hà Nội', 'Quận Hoàng Mai', 'Mua bán Nhà riêng tại Phường Lĩnh Nam']","
Nhà mới xây btct chắc chắn,Nhà 5 Tầng,4 phòng ngủ,tiện ích vô vàn,Gần trường học,vài trục bước ra chợ lĩnh nam,khu vực dân chí cao an ninh tốt.Lh:0963250***(lâm)
",Nhà riêng,,, 29/09/2023,27/10/2023,Bán,2545929,,,,,,,,,,,,,,,,,
"
SIÊU CẤP nhà đẹp không chỗ chê, S 38/41m2 4 tầng mặt tiền hơn 4m Phố Quan Nhân giá CHỉ 6,98tỷ
","
6,9 - 6,98
Tỷ ","
38 - 41
m2
","['Hà Nội', 'Quận Thanh Xuân', 'Mua bán Nhà riêng tại Phố Quan Nhân']","
- 5M Ô TÔ TRÁNH GẦN CHỢ GẦN CÂY XĂNG - BÃI GỬI Ô TÔ CỬA NHÀ.- Ô TÔ ĐỖ CẠNH NHÀ NGÀY ĐÊM.- Hướng Đông Nam.- Tầng 1 phòng khách + bếp + vệ sinh- Tầng 2 phòng khép kín + sảnh rộng và kho để đồ.- Tầng 3 phòng khép kín + sảnh rộng.- Tầng 4 phòng thờ + 1 phòng ngủ.Sổ đỏ két sắt sẵn sàng giao dịch.=> liên hệ 03841108***để được hỗ trợ tư vấn MIỄN PHÍ tận tâm, chu cháo, UY TÍN
",Nhà riêng,,, 29/09/2023,27/10/2023,Bán,2545667,,,,,,,,,,,,,,,,,
"
Báo thủ chính chủ bán nhà 29m2 2tầng mặt tiền 3,5m giá chỉ có 2tỷ9
","
2,9 - 2,9
Tỷ ","
29 - 30
m2
","['Hà Nội', 'Quận Thanh Xuân', 'Mua bán Nhà riêng tại Phố Quan Nhân']","
Vị trí trung tâm, phố Quan Nhân tiếp giáp 3 quận Cầu Giấy – Đống Đa – Thanh Xuân, giao thông thuận tiện, ngập tràn tiện ích, khu vực rất nhiều khách tìm kiếm.đi từ ngõ 21 Lê Văn Lương hoặc 116 Nhân Hòa ô tô cách vài bước chân, ăn điểm tuyệt đối.Nhà hiện trạng 2 tầng, 3 mặt thoáng.- Thiết kế:+ Tầng 1: Khách +1 ngủ + Vs.+ Tầng 2: 1 ngủ rộng, sân phơi.Khung cột bê tông vững chắc, chủ xác định bán đất tặng nhà, khách mua về ở tạm hoặc đập đi xây mới đều phù hợp. Sổ đỏ nở hậu, sẵn sàng giao dịch.+ liên hệ 03841108***để được tư vấn, hỗ trợ thắc mắc miễn phí siêu tận tình
",Nhà riêng,,, 29/09/2023,27/10/2023,Bán,2545630,,,,,,,,,,,,,,,,,
"
70m2 vân nội full thổ cư rộng 4 sâu 17 giá 2 tỉ
","
2
Tỷ ","
67
m2
","['Hà Nội', 'Huyện Đông Anh', 'Mua bán Đất tại Đường Vân Nội']","
Ô đẹp Vân Nội, Đông Anh gần chợ, hình chữ nhật A4 rộng 4 sâu 17 kích thước tuyệt vời cho xây nhà ống- Đẹp, không lỗi phong thuỷ, Chỉ có 1 ô duy nhất, bán đi là hết- Chợ,trường,cầu Nhật Tân, view tp thông minh- Sổ đẹp, pháp lý chuẩn, giá 30tr/1m2.(zalo 24/7)
",Đất,Sổ đỏ,, 29/09/2023,27/10/2023,Bán,2529652,,,,,,,,,,,,,,,,,
"
SIÊU SỐC nhà chủ 49m2x 4T mặt tiền 4m Phố Khương Hạ , giá Chỉ 5,2tỷ
","
5,2 - 5,2
Tỷ ","
49 - 50
m2
","['Hà Nội', 'Quận Thanh Xuân', 'Mua bán Nhà riêng tại Phố Khương Hạ']","
+ nhà ở ngõ rộng+ mái thoáng, nhận ánh sáng mặt trời+ gần đường chính+ an ninh bảo vệ tốt+ nghách thông
",Nhà riêng,,, 29/09/2023,27/10/2023,Bán,2545591,,,,,,,,,,,,,,,,,
"
3 ô đất bắc hồng hấp dẫn về giá mời qua thẩm định
","
1,25
Tỷ ","
44
m2
","['Hà Nội', 'Huyện Đông Anh', 'Mua bán Đất tại Đường Bắc Hồng']","
Đất Bắc Hồng, Đông Anh thổ cư khổ vuông diện tích nhỏ cùng ~ giá- 52m2 Bắc Hồng - giá 24 ngõ 2m3 - đất ở đẹp- 44m2 Bắc Hồng - giá 30 ngõ 3m4 ô tô to - đất đầu tư - 46m2 Bắc Hồng giá 30, ngõ ô tô morning - đất gần chợ- Chợ,trường cấp 2,3 , cầu Nhật Tân, ra Võ Nguyên Giáp, ga Bắc Hồng- Sổ đẹp, pháp lý chuẩn.Vui lòng l.hệ anh Xuân (zalo 24/7)#muadatdonganh #bandatdonganh #muabandatdonganhhanoi #muadatdonganhgiare #giadatdonganh
",Đất,Sổ đỏ,, 29/09/2023,27/10/2023,Bán,2536199,,,,,,,,,,,,,,,,,
"
Đất bắc hồng, đông anh kích thước chuẩn giá mềm nhất huyện
","
1,25
Tỷ ","
60
m2
","['Hà Nội', 'Huyện Đông Anh', 'Mua bán Đất tại Đường Bắc Hồng']","
- Thửa đất kích thước tốt rộng 4m5 phù hợp với xây nhà, hợp đầu tư gần đường to, ngõ vào 2m4 - Gần trường, chợ Bắc Hồng, UBND xã Bắc Hồng, khu dân cư tập trung- Cách Võ Nguyên Giáp 1 đoạn ngắn 1 phút đi xe- Sổ đỏ pháp lý chuẩn☎️ (zalo 24/7).#bdsdonganh,#bdshanoi
",Đất,Sổ đỏ,, 29/09/2023,27/10/2023,Bán,2525758,,,,,,,,,,,,,,,,,
"
Đất sáp mai, đông anh thổ cư đê sông hồng, cạnh đảo dừa
","
29
Triệu ","
70
m2
","['Hà Nội', 'Huyện Đông Anh', 'Mua bán Đất tại Đường Sáp Mai']","
- Ngõ vào thoáng, nông, ô tô moning đỗ trước đất- Khổ đất đẹp hợp xây nhà ống(tiền-hâu 4m), hợp để đầu tư, ra cầu Thượng Cát trong 4p(~ 400m) - Gần cổng C - KCN BTL, từ đất đi 8.3km qua cầu TL sang Xuân Đỉnh ~ 16p- Đất ven sông, không gian lý tưởng tránh xa bụi bặm, số lượng rất ít- Sổ đỏ, pháp lý chuẩn>> cơ hội hiếm có, hãy mạnh mẽ và sáng suốt tận dụng cơ hội mua bds Đông Anh với điểm giá bắt đáy liên lạc ☎️ anh Xuân (zalo 24/7).#bdsdonganh,#bdshanoi
",Đất,Sổ đỏ,, 29/09/2023,27/10/2023,Bán,2544123,,,,,,,,,,,,,,,,,
"
Đẳng cấp nhà ở, Chủ bán nhà riêng Quận Hà Đông - Hà Nội 35m2 x 2Tầng giá 2.55 Tỷ
","
2,55 - 2,55
Tỷ ","
35 - 36
m2
","['Hà Nội', 'Quận Hà Đông', 'Mua bán Nhà riêng tại Đường 19/5']","
+ Nhỏ tiền, khu vực dân trí cao an ninh tốt tiện ích không thiếu thứ hạ tầng khu đô thị Văn Quán.+ Nhà phía sau rất thoáng vì tiếp giáp với trụ sở tỉnh Ủy (cũ) lên mở được cửa sổ vô tư.+ Nhà xây 2 tầng BTCT chịu lực, không chung tường chung móng, móng chủ nhà xây kiên cố có thể chồng thêm 2,3 tầng thoải mái.+ Tầng 1: Phòng khách, bếp. vệ sinh.+ Tầng 2: Bố trí 02 phòng, vệ sinh+ Nhà có khoảng sân riêng, cổng riêng để xe máy thoải mái.
",Nhà riêng,,, 29/09/2023,27/10/2023,Bán,2545545,,,,,,,,,,,,,,,,,
"
Chủ đầu tư mở bán chung cư Trích Sài - Võng Thị, view 55-65-98m2, ôtô đỗ cửa, sổ đỏ riêng
","
500 - 900
Triệu ","
52 - 98
m2
","['Hà Nội', 'Quận Tây Hồ', 'Mua bán Căn hộ chung cư tại Đường Trích Sài']","
CHỦ ĐẦU TƯ TRỰC TIẾP MỞ BÁN DỰ ÁN  CHUNG CƯ TRÍCH SÀI- VÕNG THỊ, view Hồ Tây, DT từ 30 - 50 - 55 -65 -98m2 ô tô đỗ cửaI. VỊ TRÍ+ Tòa nhà có vị trí vàng vô cùng đắc địa, cách  Hồ Tây chỉ 30m, không gian sống vô cùng thoáng mát và trong lành, công viên vui chơi giải trí.+ Cạnh Bệnh viện Medlatec, Bệnh Viện Thu Cúc, + Cạnh Trường học Đông Thái, Chu Văn An, Sân Vận Động Quần Ngợ, Chợ Tam Đa..+ Ngay nút giao Trích Sài - Văn Cao - Hoàng Hoa Thám - Liễu Giai.2. DIỆN TÍCH - THIẾT KẾ   Diện tích từ 30 - 35 -37 – 45 – 48 – 50 -55 – 65- 96 - 98 m2 ( thiết kế từ 1 – 2 -  3 ngủ)3.  GIÁ BÁN Căn 1 ngủ:  30m2- 35m2- 37m2: Giá  500-700- 850 triệu/ cănCăn 2-3 ngủ:  48m2 - 50m2 –55m2-  65m2– 96m2 – 98m2: Giá 900 triệu - 1100 triệu – 1250 triệu – 1.500 triệu/ căn4. PHÁP LÝ: Sổ đỏ riêng, hợp đồng mua bán công chứng nhà nước, giấy phép XD…đầy đủ theo quy định pháp luật5. THIẾT BỊ - NỘI THẤT - Sàn gỗ hoặc gạch men , trần thạch cao, bếp, tủ bếp trên dưới, máy hút mùi, bình nóng lạnh, thiết bị chiếu sáng, thiết bị vệ sinh, đầu chờ internet, cáp,  …Tòa nhà được trang bị 2 thang máy nhập khẩu tốc độ cao, 2 thang bộ, bảo vệ 24/24 Liên hệ Hotline: Chủ Đầu Tư xem mua giá gốc và hưởng chiết khấu cao
",Căn hộ,Sổ đỏ,, 29/09/2023,27/10/2023,Bán,1575458,1.0,1.0,1.0,1.0,1.0,1.0,1.0,1.0,1.0,1.0,1.0,1.0,1.0,1.0,2,Có,Có
"
Mở bán chung cư CT5 Nguyễn Trãi-Thượng Đình, 35-52-61m2, giá từ 500 triệu/căn
","
500 - 950
Triệu ","
35 - 52
m2
","['Hà Nội', 'Quận Thanh Xuân', 'Mua bán Căn hộ chung cư tại Đường Nguyễn Trãi']","
Dự án: Chung cư chính chủ - Nguyễn Trãi- Thượng Đình– 1-2- 3 ngủ - ở ngay từ 500tr – 950tr - 1.2 tỷ/cănVị trí đắc địa: view Hồ Cự Lộc- Quan Nhân thoáng mát, đi lại thuận tiện đường ô tô- Gần các trường đại học: Đại học Hà Nội, ĐH Xã Hội Và Nhân Văn, Công Đoàn, Đại Học Đại Nam, Đại Học Đông Đô, Học Viện Cảnh Sát….- Tòa nhà nằm trong khu dân trí cao, gần trường, chợ, bệnh viện. Mặt ngõ rộng, ô tô vào tận nơi.Diện tích căn hộ 35m2 – 45m2 – 48m2 -52m2 – 56m2 -65m2Giá bán từ 550tr – 700tr – 900tr – 1 tỷ - 1.2 tỷ/căn - Pháp lý: Đầy đủ giấy tờ theo quy định pháp luật, Cam kết tách sổ đỏ vĩnh viễn từng căn cho khách mua căn hộ- Nội thất cơ bản được nhập khẩu, thang máy tốc độ cao, an ninh tốt, bảo vệ 24/24.+ Giá bán tất cả các căn hộ đã bao gồm VAT, chi phí tách sổ và mọi chi phí khác, khách hàng không phải mất bất kỳ khoản chi phí nào hết.
",Căn hộ,Sổ đỏ,, 29/09/2023,27/10/2023,Bán,1620791,1.0,1.0,1.0,1.0,1.0,1.0,1.0,1.0,1.0,1.0,1.0,1.0,1.0,1.0,2,Có,Có
"
Chính chủ mở bán chung cư Thượng Đình-Cạnh Royal City, 1-2 ngủ 30-55m2, giá từ 500tr/căn
","
500 - 990
Triệu ","
30 - 55
m2
","['Hà Nội', 'Quận Thanh Xuân', 'Mua bán Căn hộ chung cư tại Phường Thượng Đình']","
MỞ BÁN TRỰC TIẾP CHUNG CƯ THƯỢNG ĐÌNH- CẠNH ROYAL CITY1. Vị trí chung cư Thượng Đình - Cạnh  Royal City Nguyễn TrãiTòa nhà chung cư chính kinh tọa lạc ngay gần TTM Royal City, quận Thanh Xuân, đường vào rộng rãi, có bãi gửi ô tô cách 100m, khu vực dân trí cao.Gần ngã tư sở, nguyễn trãi, vũ tông phan. Khương đình, đặc biệt, gần các trường đại học lớn như, + Gần nhiều trường Đại Học Khoa Học Xã Hội, ĐH An Ninh, Y Hà Nội, Học Viện Ngân Hàng, ĐH Thủy Lợi, ….và gần nhiều trường học cấp 1,2,3 ...-CHUNG CƯ ĐÃ HOÀN THIỆN XONG GIAO NHÀ NGAY, CĂN HỘ THIẾT KẾ HIỆN ĐẠI, SANG TRỌNG2.  Diện tích và giá bán căn hộ Chính Kinh Royal City.CH STUDIO  25m2-28m2 , 500tr - 550tr     CH 1 phòng ngủ, 33m2-38m2, Giá  600tr - 750tr.CH 2 phòng ngủ, 48m2 - 55m2, Giá 1.220tr - 1.260trCH 3 phòng ngủ 56m2, Giá 1.350tr.3. Nội thất.Chung cư được trang bị đầy đủ nội thất được nhập khẩu từ châu âu, thang máy, thang bộ, PCCC đạt tiêu chuẩn, bảo vệ 24/24.4. Pháp lý.- Đảm bảo tính pháp lý của căn hộ theo quy định của pháp luật. - Cam kết tách sổ hồng đồng sở hữu mỗi hộ.**** Liên hệ ngay Hotline Chủ Đầu Tư
",Căn hộ,Sổ đỏ,, 29/09/2023,27/10/2023,Bán,1623517,1.0,1.0,1.0,1.0,1.0,1.0,1.0,1.0,1.0,1.0,1.0,1.0,1.0,1.0,2,Có,Có
"
Chính chủ mở bán chung cư Quân Nhân-Nguyễn Trãi, view Hồ, đường ô tô, 35-60m2, giá từ 550 triệu/căn
","
550 - 1100
Triệu ","
35 - 60
m2
","['Hà Nội', 'Quận Thanh Xuân', 'Mua bán Căn hộ chung cư tại Phố Quan Nhân']","
CHỦ ĐẦU TƯ TRỰC TIẾP MỞ BÁN CHUNG CƯ QUAN NHÂN- NGUYỄN TRÃI- CỰ LỘC, ĐƯỜNG Ô TÔ* Vị trí: Nằm trong khu dân trí cao: Gần trường mầm non, trường tiểu học Nguyễn Trãi, ĐH Y Hà Nội, ĐH Ngân Hàng, ĐH Thủy Lợi, Công Đoàn, ĐH Kinh Tế Quốc Dân, ĐH Bách Khoa, ĐH Xây Dựng, Khoa Học Xã Hội Nhân Văn.,..Tiện ích xung quanh rất thuận tiện cho các hộ gia đình sinh sống nơi đây: Gần chợ, gần bệnh viện Bạch Mai, cạnh các khu vui chơi như Royal City.* Quy mô và thiết kế: Chung cư Nguyễn Trãi - Ngã Tư Sở được thiết kế sang trọng với quy mô gồm 04 căn/ 01 tầng các căn hộ được thiết kế từ 1PN - 2PN - 3PN, 01 ban công, 1 bếp, 1WC 2WC.Các phòng đều được thiết kế thoáng mát, hợp lý đem lại cho gia đình bạn một tổ ấm đầy đủ tiện nghi.* Nội thất: Chung cư Nguyễn Trãi - Ngã Tư Sở được trang bị đầy đủ nội thất cao cấp từ sàn gạch, trần thạch cao, bếp âm, hút mùi, tủ bếp trên dưới, hệ thống điện trang trí, chiếu sáng, các đầu chờ điều hòa, internet, truyền hình cáp,...* Giá bán: Chung cư Nguyễn Trãi - Ngã Tư Sở sở hữu một mức giá vô cùng hợp lý:* Diện tích: 35m2 - 42m2- 48m2 - 51m2 - 56m2 - 60m2* Gía bán: 550tr - 800tr - 1.050tỷ - 1.160tỷ - 1.230tỷ.Hơn nữa khi khách hàng mua nhà và thanh toán nhanh được hưởng chiết khấu cao lên đến 50triệu.* Pháp lý: Khi mua căn hộ chung cư Nguyễn Trãi - Ngã Tư Sở quý khách hàng hoàn toàn yên tâm về giấy tờ pháp lý: Được nhận đầy đủ giấy tờ theo quy định của nhà nước hiện hành.
",Căn hộ,Sổ đỏ,, 29/09/2023,27/10/2023,Bán,1620785,1.0,1.0,1.0,1.0,1.0,1.0,1.0,1.0,1.0,1.0,1.0,1.0,1.0,1.0,2,Có,Có
"
Bán chung cư N01 Lê Duẩn - Hồ Ba Mẫu - Cạnh Đại học Bách Khoa, 1-2 ngủ, 30-55m2, sổ đỏ riêng
","
560 - 990
Triệu ","
30 - 55
m2
","['Hà Nội', 'Quận Đống Đa', 'Mua bán Căn hộ chung cư tại Đường Lê Duẩn']","
CHỦ ĐẦU TƯ MỞ BÁN TRỰC TIẾP DỰ ÁN CHUNG CƯ  N01 LÊ DUẨN- HỒ BA MẪU, CẠNH ĐẠI HỌC BÁCH KHOADỰ ÁN ĐÃ HOÀN THIỆN XONG, BÀN GIAO NGAY NHÀ, FULL NỘI THẤT*THIẾT KẾ SANG TRỌNG HIỆN ĐẠI, NHIỀU ÁNH SÁNG TỰ NHIÊNVỊ TRÍ CẠNH NHIỀU TRƯỜNG ĐẠI HỌC NHƯ : ĐH Kinh tế Quốc Dân, ĐH Bách Khoa, ĐH Xây Dựng...,Đại Học Y-  Giá bán: 520tr - 650tr - 745tr - 850tr -  hơn 1 tỷ / CĂN- Diện tích: 30m2 - 35m2 - 42m2 - 45m2 - 48m2 -55m2 => Thiết kế 1 đến 2 ngủ + khách + bếp+ ban công thoáng. Nội thất: Sàn gỗ, tủ bếp, trần thạch cao, thiết bị vệ sinh, bình nóng lạnh, đèn Led. Tòa nhà thiết kế tầng 1 để xe, tầng trên cùng là tầng tum sân phơi chung còn lại là các tầng căn hộ, có đầy đủ hệ thống phòng cháy chữa cháy tự động, an ninh tòa nhà bảo vệ chuyên nghiệp.=>Giấy tờ pháp lý: Khách hàng mua căn hộ nhận được sổ hồng vĩnh viễn từng căn riêng, hợp đồng mua bán công chứng**** LIÊN HỆ TRỰC TIẾP CHỦ ĐẦU TƯ XEM NHÀ***
",Căn hộ,Sổ đỏ,, 29/09/2023,27/10/2023,Bán,1565213,,,,,,,,,,,,,,,1,Có,
