Title,Price,Area,Address,Gen_descrip,Loại hình,Ngày đăng,Ngày hết hạn,Loại tin,ID tin,Tình trạng pháp lý,Hướng nhà,Bình nóng lạnh,Máy hút mùi,Tủ bếp,Bàn ăn,Kệ TV,Tủ trang trí,Giường ngủ,Bàn phấn,Tủ quần áo,Bồn tắm,Vòi hoa sen,Bồn cầu,Bồn rửa mặt,Bàn ghế P.khách,Đường vào,Mặt tiền,Số phòng ngủ,Số tầng
"
Siêu phẩm-Chính chủ bán nhà riêng siêu đẹp 40m2x C4 mặt tiền 3,6m giá Chỉ 1,7tỷ
","
1,7 - 1,7
Tỷ ","
40 - 41
m2
","['Hà Nội', 'Quận Thanh Xuân', 'Mua bán Nhà riêng tại Phường Khương Trung']","
+ Là căn hộ tập thể tầng 1 nóc không có ai, quan hệ tốt có thể lên tầng và chuyển đổi nốt phần 28m vào sổ, cách mặt phố Khương Trung chỉ 50m.+  Đi lại cực kỳ thuận tiện. + Diện tích 40m2, sổ đỏ 12m riêng biệt, giao dịch ngay. + đã sửa lại nội thất sạch đẹp, chỉ việc vào ở. Phòng ngoài cùng là khách, bếp. Tiếp đến là 1 ngủ nhỏ, vệ sinh, trong cùng là phòng ngủ lớn.Liên Hệ 03841108***để được hỗ trợ tận tình chu đáo
",Nhà riêng, 29/09/2023,27/10/2023,Bán,2545501,,,,,,,,,,,,,,,,,,,,
"
Bán nhà Hồng Mai - 3 thoáng - 39.5m2 - 3.4 tỷ
","
3,4
Tỷ ","
39,5
m2
","['Hà Nội', 'Mua bán Nhà riêng tại Quận Hai Bà Trưng']","
BÁN NHÀ HỒNG MAI - 3 THOÁNG - 39.5M2 - 3.4 tỷ_ Nhà được thiết kế đầy đủ công năng, chắc chắn. Các phòng rộng rãi, tiện nghi sinh hoạt._ Diện tích rộng rãi. Trước nhà có cả khoảng sân riêng của căn được thiết kế được trồng nhiều cây xanh, tạo cảm giác thoáng mát, dễ chịu. Sân rộng nên có thể dùng để để xe an toàn. Căn góc 3 thoáng đãng. Dân trí cao, hàng xóm thân thiện_ Tiện ích đầy đủ. Đi bộ 3 bước là ra mặt phố Hoàng Mai, đầy đủ hàng quán, tiểu thương. Đi bộ thêm vài bước nữa là đến chợ trung tâm Hồng Mai, đầy đủ đồ ăn tươi. Ngay đầu phố còn có Phòng khám Mai Hương rất tiện lợi_ Giao thông thuận lợi. Di chuyển dễ dàng đến phố Bạch Mai, Chùa Quỳnh và Kim Ngưu và các bệnh viện và trường Đại học lớn._Sổ đỏ chính chủ_Liên hệ Quốc Anh chuyên BDS Hà Nội tại 0813739*** (di động hoặc Zalo) để được tư vấn và xem nhà
",Nhà riêng, 29/09/2023,27/10/2023,Bán,2545461,Sổ đỏ,,,,,,,,,,,,,,,,,,,
"
Bán căn hộ 2PN 65m2 GoldSeason 47 Nguyễn Tuân giá 2.98 Tỷ
","
2,98
Tỷ ","
65
m2
",['Mua bán Căn hộ chung cư  GoldSeason 47 Nguyễn Tuân'],"
Gia đình không còn nhu cầu sử dụng nên cần bán nhanh căn hộ tại tòa Summer 2 chung cư 47 Nguyễn Tuân GoldSeason.- Thông thủy 60m², cửa vào TN ban công ĐB.- Thiết kế 2 ngủ 1 vệ sinh, 2 logia.- Tặng lại toàn bộ nội thất cho chủ mới.- Sổ đỏ chính chủ, pháp lý lâu dài.Giá bán nhanh 2,98 tỷ.Liên hệ xem nhà số: 0338 662 ***
",Căn hộ, 29/09/2023,27/10/2023,Bán,2397405,Sổ đỏ,Tây-Nam,1.0,1.0,1.0,1.0,1.0,1.0,1.0,1.0,1.0,1.0,1.0,1.0,1.0,1.0,,,,
"
Bán nhanh căn hộ 107 m² C14 Bắc Hà giá rẻ nhất thị trường
","
3,2
Tỷ ","
107
m2
",['Mua bán Căn hộ chung cư  C14 - Bộ Công An'],"
Gia đình chuyển nhà, em cần bán nhanh căn hộ 107 m² C14 Bắc Hà, căn hộ 3 ngủ 3 vệ sinh, thoải mái cho gia đình sử dụng.Tầng cao view thoáng, là căn góc đẹp nhất tòa CT1 C14.Giá 3,2 tỷ thuế phí thương lượng
",Căn hộ, 29/09/2023,27/10/2023,Bán,2545262,Sổ đỏ,Tây-Bắc,,,,,,,,,,,,,,,,,,
"
Gia đình cần bán gấp đất thổ cư 132m Trung Văn Quận Nam Từ Liêm - Hà Nội
","
10
Tỷ ","
132
m2
","['Hà Nội', 'Quận Nam Từ Liêm', 'Mua bán Đất tại Đường Cương Kiên']","
Gia đình cần tiền nên cần bán gấp. _ Mảnh đất 132m tại Phố Đại Linh, Trung Văn, Nam Từ Liêm, Hà Nội _ Đặc điểm: + Đất 3 mặt ngõ. + Có nhà gác xép rộng sử dụng như 2 tầng + Cung đường thuận tiện, Gân toà nhà bảo hiểm mới xây, gần trường cấp 1,2,3 và trường mầm non, cách Trung tâm hội nghị Quốc gia chỉ 2 cây + Giáp đường dự án sắp mở _ Giá bán: 10 tỷ
",Đất, 29/09/2023,27/10/2023,Bán,2545218,Sổ đỏ,,,,,,,,,,,,,,,,,,,
"
Gia đình cần bán gấp đất thổ cư 132m tại Trung Văn Nam Từ Liêm Hà Nội
","
10
Tỷ ","
132
m2
","['Hà Nội', 'Quận Nam Từ Liêm', 'Mua bán Đất tại Đường Cương Kiên']","
Gia đình cần tiền nên cần bán gấp._ Mảnh đất 132m tại Phố Đại Linh, Trung Văn, Nam Từ Liêm, Hà Nội _ Đặc điểm: + Đất 3 mặt ngõ. + Có nhà gác xép rộng sử dụng như 2 tầng + Cung đường thuận tiện, Gân toà nhà bảo hiểm mới xây, gần trường cấp 1,2,3 và trường mầm non, cách Trung tâm hội nghị Quốc gia chỉ 2 cây + Giáp đường dự án sắp mở _ Giá bán: 10 tỷ
",Đất, 29/09/2023,27/10/2023,Bán,2545210,Sổ đỏ,,,,,,,,,,,,,,,,,,,
"
Ôtô Tải Tránh Kinh Doanh Nguyễn Khang 67m2 4T Giá 13.5Tỷ
","
13,5
Tỷ ","
67
m2
","['Hà Nội', 'Quận Cầu Giấy', 'Mua bán Nhà mặt phố tại Đường Nguyễn Khang']","
🔥🔥🔥 PHÂN LÔ QUÂN ĐỘI - Ô TÔ TẢI THÔNG - KINH DOANH.Nhà nằm mặt ngõ thông, rộng 6m, ô tô qua lại tránh xe rộng rãi, kinh doanh tốt. Nguyễn Khang song song với phố Vũ Phạm Hàm, trung tâm quận Cầu Giấy. Thiết kế:Tầng 1: Để xe, Khách, Bếp, Wc.Tầng 2,3 :2 ngủ,Tầng 4: Phòng thờ, Sân phơi.📕 Sổ đỏ chính chủ, sẵn sàng giao dịch ngay.Liên hệ ngay (24/7): 05823900***Hữu Dân Chuyên Tư Vấn BĐS Cầu Giấy, Ba Đình, Tây HồKết nối trực tiếp chủ nhà, miễn phí xem nhà 100%.
",Nhà mặt phố, 29/09/2023,27/10/2023,Bán,2545020,Sổ đỏ,Đông-Nam,,,,,,,,,,,,,,,,,,
"
Mở bán căn liền kề Hud Sơn Tây - Giá từ 3.56 tỷ
","
3,56
Tỷ ","
75
m2
","['Hà Nội', 'Thị xã Sơn Tây', 'liền kề tại Đường Quang Trung', 'Mua bán Nhà biệt thự']","
Theo quy hoạch chung xây dựng thủ đô Hà Nội đến năm 2023, tầm nhìn đến năm 2050, thị xã Sơn Tây trở thành trung tâm kinh tế, văn hóa,  khoa học - kỹ thuật phía Tây Bắc của Hà Nội, là đô thị vệ tinh, đô thị nghỉ dưỡng đẳng cấp.  Vì vậy, HUD Sơn Tây đã ra đời để đón đầu làn sóng phát triển của thị xã Sơn Tây Vị trí đắc địa- Nằm tại vị trí đắc địa: Ngay trung tâm thị xã Sơn Tây, khu vực kinh doanh sầm uất.- Cơ sở hạ tầng đã hoàn thiện và đi vào sử dụng.- Khu vực dân cư đông đúc, gần chợ, trường học Quỹ căn đa dạng- Thiết kế xây 4 tầng, hoàn thiện mặt ngoài- Mặt tiền từ 5m. Đường trước nhà 12m, 17.5m- Diện tích căn thường 75m² - 85m² - 88m² - giá bán chỉ từ 3,56 tỷ cả nhà và đất- Căn góc từ 96,8m² - 106,3m² - 122,9m² - giá bán từ 5 tỷ cả nhà và đất- Sở hữu lâu dài.Liên hệ: Mr.Hiếu - 0969.112.***
","Nhà biệt thự, liền kề", 29/09/2023,27/10/2023,Bán,2545128,Giấy tờ hợp lệ,Đông-Bắc,,,,,,,,,,,,,,,,,,
"
Bán gấp biệt thự vườn Pandora 53 Triều Khúc full nội thất – thang máy
","
39,8
Tỷ ","
143
m2
","['liền kề  Pandora Tower', 'Mua bán Nhà biệt thự']","
Gia đình tôi cần tiền bán gấp căn biệt thự vườn khu đô thị Pandora:- Diện tích sổ đỏ 142,5m2, mặt tiền 7m hướng Tây Nam- Biệt thự xây 5 tầng kiên cố, có thang máy. Được KTS thiết kế và hoàn thiện sân vườn cảnh quan bể cả Koi, cây xanh…- Khu Nhà vườn Pandora là khu đô thị khép kín, an ninh 3 lớp, Khu nhà vườn xanh mát, nhiều cây xanh, cộng đồng văn minh. Môi trường sống đẳng cấp, không có điểm trừ. - Anh chị mua có thể vào ở ngay, sổ đỏ trao ngay. Nhà hoàn thiện để ở nên mọi vật liệu đều chọn loại siêu cao cấp, và giám sát thi công tỉ mỉ: Gỗ Mun hoa Lào quý hiếm, gỗ gụ, cửa cầu thang gỗ gõ. Tất cả đều được gia đình tuyển thợ cao tay làm.* Đặc biệt đường Đại lộ Hoàng Mai rộng 30m đang thi công sau nhà, tương lai sẽ là nhà phố 2 mặt tiền thông sang đại đô thị The Manor Central Park- Tình trạng pháp lý: sổ đỏ cất két sẵn sàng công chứng.- Giá bán 39,8 tỷ có thương lượng cho khách thiện chí.Anh/chị qua xem vui lòng liên hệ: 0901498***
","Nhà biệt thự, liền kề", 29/09/2023,27/10/2023,Bán,2544899,Sổ đỏ,Tây-Nam,1.0,1.0,1.0,1.0,1.0,1.0,1.0,1.0,1.0,1.0,1.0,1.0,1.0,1.0,,,,
"
Chính chủ cần chuyển nhượng shophouse nhà phố Hải Âu 2 giá rẻ nhất dự án Vinhomes Ocean Park
","
Thỏa thuận
","
72,5
m2
","['liền kề  Vinhomes Ocean Park', 'Mua bán Nhà biệt thự']","
Do không có nhu cầu sử dụng nên cần chuyển nhượng lại căn shophouse nhà phố,phân khu hải âu 2 dự án vinhomes ocean par.Vị trí rất đắc địa cho việc kinh doanh vì nằm trên trục đường 30m,kết nối từ tttm vin com đến bệnh viện vinmec là trục đường kinh doanh đông đúc nhộn nhịp nhất của dự án vinhomes ocean park sau này.Mặt tiền.7,5m2Xây dựng.72,5m2,xây dựng 3,5 tầngHoàn thiện mặt ngoài theo cđtHướng nhà Đông namSỔ đỏ chính chủ
","Nhà biệt thự, liền kề", 29/09/2023,27/10/2023,Bán,2065074,Sổ đỏ,Đông-Nam,,,,,,,,,,,,,,,30m,75m,,
"
Giá rẻ bất ngờ shophouse 150m2 trục đường 30m Hải Âu 2 Vinhomes Ocean Park,Gia Lâm
","
Thỏa thuận
","
150
m2
",['Mua bán Nhà phố thương mại Shophouse  Vinhomes Ocean Park'],"
Cần  bán nhanh nên giá và  nhất trục hải âu 2,dự án vinhomes ocean park,gia lâmDo không có nhu cầu kinh doanh và cần thanh khoản để lo công việc nên chủ nhà gửi bán căn shophouse 150m2 tại trục đường 30m,trục đường huyết mạch  và kinh doanh sầm uất dự án vinhomes ocean park.Trục hải âu 2 với mặt đường rộng 30m và gần nhà để xe 5 tầng duy nhất của phân khu thấp tầng của dự án với lợi thế đó nên các văn phòng và nhà hàng về hoạt động kinh doanh buôn bán rất nhiều tương lại gần sẽ là tuyến phố kinh doanh sầm  uất nhất của dự án vinhomes ocean park,gia lâm.Diện tích.150m2Xây dựng.63,5m2/sàn(3,5 tầng)Mặt tiền.10m rất phù hợp để kinh doanh nhà hàngSổ đỏ chính chủ
",Nhà phố thương mại Shophouse, 29/09/2023,27/10/2023,Bán,1937236,Sổ đỏ,Tây-Bắc,,,,,,,,,,,,,,,,,,
"
Nhà 6 tỷ, tây sơn, trung tâm - đống đa, giao thông thuận tiện, kinh doanh. lh: 0948358***
","
6
Tỷ ","
56
m2
","['Hà Nội', 'Quận Đống Đa', 'Mua bán Nhà riêng tại Đường Tây Sơn']","
NHÀ 6 TỶ, TÂY SƠN, TRUNG TÂM - ĐỐNG ĐA, GIAO THÔNG THUẬN TIỆN, KINH DOANH. LH: 
Nhà ngay Ngã Tư Sở, Trung tâm Đống Đa – Hai Thoáng – Dân xây, giao thông thuận tiện, kinh doanh online siêu hợp lý.
💎 Diện tích: 55m2 x 5 tầng . Mặt Tiền 4.6m. Giá 6 tỷ có thương lượng
💎 Vị trí đẹp, Ngay #Trung_tâm #Đống_Đa khu vực #Trung_tâm đi đâu cũng tiện, gần ĐH Thủy Lợi, Công Đoàn, HV Ngân hàng…
🏠 50m ra mặt phố Tây Sơn – Ngã Tư Sở. Giao thông thuận tiện, thông tất cả các quận.
🏠 Nhà 5 tầng, dân xây chắc chắn, thừa công năng
🧧 Sổ đỏ đẹp chính chủ vuông đẹp.
Liên Hệ : (zalo - call)#tayson #dongda #ngatuso #Láng, #Láng_Hạ, #Nguyễn_Chí_Thanh, #Hoàng_Cầu, #Đống_Đa, #Ô_Chợ_Dừa, #Vũ_Ngọc_Phan
",Nhà riêng, 29/09/2023,27/10/2023,Bán,2544790,Sổ đỏ,,,,,,,,,,,,,,,,,,6,5
"
Cần bán căn góc 3PN2WC tecco garden giá tốt nhất thị trường. CK 8%, HTLS 0% 18th, Nhận nhà + sổ đỏ
","
24
Triệu ","
101
m2
",['Mua bán Căn hộ chung cư  Tecco Garden'],"
Thiết kế căn hộ: 3PN, 01 phòng khách. 01 phòng bếp và 02 phòng vệ sinh.Các phòng vuông vắn và đón sáng tự nhiên với 02 lô gia rộng thoáng.Rộng rãi từ 12,5 - 20,8m và 1 phòng đa năng từ 10 - 11,4m tương đương phòng ngủ chính tại các dự án khác.- Không gian chung siêu rộng, từ 30 - 31,4m, là không gian để gia đình sum họp, quây quần.- Tiện nghi đủ đầy dưới chân nhà, công viên xanh thoáng đãng cho ông bà, bố mẹ thư giãn, con trẻ chạy nhảy vui đùa.- Mật độ cư dân cực thấp, chỉ 8 căn / sàn / 4 thang máy riêng biệt.Đặc biệt: Cam kết mua lại nguyên giá sau 18 tháng và chịu toàn bộ phí chuyển nhượng nếu khách hàng không đủ khả năng chi trả lãi ngân hàng hoặc cảm thấy không phù hợp.Chính sách thanh toán:- Chỉ cần trả trước 30% giá trị căn hộ tương đương khoảng 1 tỷ, KH được nhận nhà ở ngay, 70% còn lại trả chậm trong 24 tháng với 8 đợt thanh toán, mỗi đợt 10% và cách nhau 3 - 4 tháng.Hoặc:- Hỗ trợ vay ngân hàng 60% với lãi suất 0%/ 18 tháng, mức vay tối đa 70%.- Thanh toán sớm 70% được ck 6%, 30% còn lại được thanh toán thành 2 lần trong 12 tháng.- Thanh toán sớm 100% được ck 8%.
",Căn hộ, 29/09/2023,27/10/2023,Bán,2544702,Sổ hồng,Đông-Nam,,,,,,,,,,,,,,,,,,
"
Bán gấp trong tháng Eco Green 100m2 3 ngủ 2wc Giá 3.8x tỷ - Sang tháng chủ nhà tăng giá
","
3,85
Tỷ ","
100
m2
",['Mua bán Căn hộ chung cư  Eco Green City'],"
Thiết kế: - Diện tích: 100m2, tầng cao siêuđẹp view công viên. - 3 phòng ngủ, 2 vệ sinh, 1 phòng khách, 1 bếp rộng rãi nhiều diện tích. - Nội thất cơ bản chủ nhà ở giữ gìn nhà cửa nên còn mới.- Hướng cửa ĐB, Ban công Tây Nam.- Sổ đỏ chính chủ trao tận tay không phải lo về pháp lý. - Giá: 3.8 tỷ (không bao sang tên). Vị trí: - Nằm ngay trên mặt đường Nguyễn Xiển, cách nút giao Khuất Duy Tiến - Nguyễn Trãi 1km. - Cách khu đô thị cao cấp The Manor Central Park >1km. Tiện ích: - Xung quanh là các trung tâm mua sắm, công viên, sân chơi cho trẻ em, của hàng tiện lợi, trường học từ mầm non đến đại học... Phục vụ nhu cầu sinh hoạt của người dân. - Bãi đỗ xe 3 tầng (2 nổi, 1 hầm) 1 ô tô trên 1 căn hộ. - Thuận tiện di chuyển sang các quận huyện lân cận và trung tâm thành phố
",Căn hộ, 29/09/2023,27/10/2023,Bán,2544657,Sổ đỏ,Đông-Bắc,,,,,,,,,,,,,,,,,,
"
Cần bán gấp căn 2PN, 55m2 hướng ĐB mát mẻ tại dự án Vinhomes Ocean Park, Giá cắt lỗ: 1.69ty
","
1,69
Tỷ ","
55
m2
",['Mua bán Căn hộ chung cư  Vinhomes Ocean Park'],"
Dự án Vinhomes Ocean ParkDiện tích:55m2Full đồ liền tường xịn xòTầng trung cực đẹpHướng ĐB cực mát mẻ Giá cắt lỗ:1.69ty 
",Căn hộ, 29/09/2023,27/10/2023,Bán,2544539,Sổ hồng,Đông-Bắc,,,,,,,,,,,,,,,,,,
"
Bán đất Huyện Mê Linh - Hà Nội giá thỏa thuận
","
Thỏa thuận
","
52
m2
","['Hà Nội', 'Huyện Mê Linh', 'Mua bán Đất tại Thị trấn Quang Minh']","
Lô đất 52m2 vừa túi tiền để mua ở hoặc đầu tư vị trí thoángĐường 4,5m Đường thông thoáng vị trí đẹpTổ 9 thị trấn Quang Minh mê linh Hà Nội Đất full thổ cư đường thông ngõ thoángGiá nhỉnh 1xx liên hệ ib trực tiếp
",Đất, 29/09/2023,27/10/2023,Bán,2544458,Sổ đỏ,Bắc,,,,,,,,,,,,,,,,,,
"
6 tỷ_ #trung_tâm #đống_đa - #phố_vip - #ngõ_cực_nông - 2 bãi gửi #ô_tô
","
6,9
Tỷ ","
56
m2
","['Hà Nội', 'Quận Đống Đa', 'Mua bán Nhà riêng tại Phố Vũ Ngọc Phan']","
6 TỶ_ #TRUNG_TÂM #ĐỐNG_ĐA - #PHỐ_VIP - #NGÕ_CỰC_NÔNG - 2 BÃI GỬI #Ô_TÔ
Nhà đẹp, Phố vip, Diện tích 52m, Mặt tiền 4.6m, Giá hơn 6 tỷ
Vị trí tuyển, cách mặt phố 40 mét, cách đường ô tô tránh 25 mét.
Nhà Thiết kế 4 tầng 4 phòng ngủ rộng. WC giữa. 
Nhà còn mới xây dựng cực chắc chắn. Nội thất đầy đủ. Khách mua về chỉ việc xách vali tới ở. 
Sổ đỏ chính chủ, vuông vắn.
Liên hệ: Hoàng Ngà – (zalo, call) #Láng, #Láng_Hạ, #Nguyễn_Chí_Thanh, #Hoàng_Cầu, #Đống_Đa, #Ô_Chợ_Dừa, #Vũ_Ngọc_Phan
",Nhà riêng, 29/09/2023,27/10/2023,Bán,2544442,Sổ đỏ,,,,,,,,,,,,,,,,,,4,4
"
Bán căn hộ Quận Bắc Từ Liêm - Hà Nội giá 3.00 Tỷ
","
3
Tỷ ","
92
m2
","['Hà Nội', 'Quận Bắc Từ Liêm', 'Mua bán Căn hộ chung cư tại Đường Phạm Văn Đồng']","
Chung cư ia20 Ciputra 92m2 giá 3ty 0382276***Để đảm bảo quyền lợi khi mua căn hộ - xin vui lòng liên hệ trực tiếp quản lý dự án để chọn căn - tầng.- Mr. Thanh: 0382276***Hiện tôi đang có mấy suất ngoại giao chung cư IA20 Ciputra nhà ở của thành phố Hà Nội dành cho cán bộ cấp cao. Dự án nằm trong quần thể KĐT Ciputra tiếp giáp với hai trục đường huyết mạch chính là Phạm Văn Đồng - Võ Chí Công. Chung cư IA20 Ciputra KĐT Nam Thăng Long được thừa hưởng toàn bộ tiện ích cao cấp đã tích hợp sẵn của KĐT Ciputra, là một phức hợp tòa nhà căn hộ cao cấp trong quần thể Ciputra. Dự án gồm có 02 tòa chung cư cao 29 tầng - 01 tòa cao 40 tầng và biệt thự - liền kề. Khu vực dân trí cao, an ninh đảm bảo 24/24, gần và tích hợp đầy đủ các tiện ích cao cấp, giao thông hết sức thuận tiện, không gian sống đẳng cấp và cảnh quan mang đến hơi thở trong lành.- Diện tích căn hộ: 92m2 - 95m2 - 98m2 - 100m2 - 107m2 - 110m2 - 112m2.- Giá gốc: 16.8tr/m2 – 18,5tr/m2 + chênh ( Chưa bao gồm thuế VAT) + chênh- Vào tên Hợp đồng chính chủ. - Liên hệ trực tiếp: Mr. Thanh: 0382276***- Email: lethanh.ocd@gmail.comI- Tiến độ thanh toán:  - Đóng 30% khi ký hợp đồng và nhận nhà - Đóng 70% bằng vốn tự có hoặc hỗ trợ vay Bank lên 20 năm.II. Thông tin dự án:- Tên dự án: Cụm công trình nhà ở khu I. A20 khu đô thị Nam Thăng Long.- Vị trí: Lô đất I. A20 Khu Đô Thị Nam Thăng Long, Phường Đông Ngạc, Q. Bắc Từ Liêm, TP. Hà Nội (Ciputra - Hà Nội).- Chủ đầu tư: Công Ty CPĐT BĐS Đông Đô - Bộ Quốc Phòng.- Đơn vị thi công: Tập đoàn Vingroup & Tổng công ty đầu tư phát triển hạ tầng đô thị - UDIC.- Đơn vị thiết kế: Công Ty Cổ Phần Kiến Trúc Tây Hồ.- Quy mô khu đất rộng 30.091m2, trong đó:+ Khu cao tầng: 18.329m2, gồm 3 tòa chung cư cao tầng 29-40 tầng.+ Sân vườn: 7.214m2.+ Bãi đỗ xe ngoài trời: 1.020m2.+ Cây Xanh + Sân Chơi: 2.481m2.+ Khu thấp tầng: 5.356m2.+ Giao thông nội bộ: 3.825m2.- Mật độ xây dựng:+ Khu cao tầng: 54,5% đối với khối đế và 35,5% đối với phần thân.+ Khu thấp tầng: 77,6%.III. Vị trí dự án:- Chung cư IA20 Ciputra nằm về phía Tây Bắc Hà Nội, toạ lạc trên đường Phạm Văn Đồng - quận Bắc Từ Liêm và Võ Chí Công quận Tây Hồ - Hà Nội. Phía ông giáp đường Võ Chí Công - vành đai 2, bao quanh bởi sông Hồng và Hồ Tây.- Dự án chung cư I. A20 Ciputra được xây dựng với mục đích chính là đáp ứng nhu cầu nhà ở cho cán bộ cấp cao thuộc các ban ngành như: Văn Phòng Quốc Hội, Văn Phòng Chính Phủ, Văn Phòng Trung Ương Đảng,... Vậy nên, nếu so sánh với các dự án thương mại cùng khu vực, trong quần thể khu đô thị Ciputra, thì giá bán căn hộ tại chung cư I. A20 đang là thấp nhất, cạnh tranh nhất. Đây chính là cơ hội sở hữu/đầu tư căn hộ trong quần thể khu đô thị đẳng cấp bậc nhất thủ đô Hà Nội.- Quản lý dự án: Mr. Thanh: 0382276***- Email: lethanh.ocd@gmail.com. 
",Căn hộ, 29/09/2023,27/10/2023,Bán,2544129,Sổ đỏ,Đông-Bắc,,,,,,,,,,,,,,,,,,
