Title,Price,Area,Address,Gen_descrip,Loại hình,Ngày đăng,Ngày hết hạn,Loại tin,ID tin,Tình trạng pháp lý,Bình nóng lạnh,Máy hút mùi,Tủ bếp,Bàn ăn,Kệ TV,Tủ trang trí,Giường ngủ,Bàn phấn,Tủ quần áo,Bồn tắm,Vòi hoa sen,Bồn cầu,Bồn rửa mặt,Bàn ghế P.khách,Hướng nhà
"
KD sầm uất - mặt phố Trần Quốc Hoàn, Cầu Giấy: Diện tích 80m2 x 8 tầng thang máy có hầm, giá 42 tỷ
","
Thỏa thuận
","
80
m2
","['Hà Nội', 'Mua bán Nhà mặt phố tại Quận Cầu Giấy']","
Cần bán tòa nhà văn phòng tại mặt phố Trần Quốc Hoàn, Q. Cầu Giấy, Diện tích 80m x 8 tầng thang máy, 7 tầng nổi + 1 tầng hầm để xe.Thông tin chi tiết:- Tòa nhà 8 tầng thang máy (7 tầng nổi + 1 tầng hầm để xe) vị trí đắc địa tại đường Trần Quốc Hoàn, Cầu Giấy.- Chủ tòa nhà tâm huyết thiết kế, thang máy nhập khẩu, kết cấu KCBT chắc chắn, móng có thể lên them 2 tầng nữa.- Tòa nhà thiết kế phù hợp với mọi loại hình kinh doanh: Văn phòng, phòng khám, spa, showroom, Siêu thị, cửa hàng tiện ích, khách sạn, trung tâm giáo dục.- Khu vực kinh doanh sầm uất ngày đêm, xung quanh tiện ích gì cũng có: Chợ, siêu thị, ngân hàng, trường mầm non, TH, THCS, THPT.- Đường trước nhà rộng 40m, vỉa hè 5m, có tầng hầm gửi ô tô xe máy.- Giao thông thuận tiện, đi các ngả, đường Trần Quốc Hoàn thông thương với các tuyến phố lớn: Hoàng Quốc Việt, Phạm Tuấn Tài, Phạm Văn Đồng, Nguyễn Phong Sắc, Xuân Thủy, Cầu Giấy, Nghĩa Tân.- Sổ đỏ chính chủ, vuông đẹp, pháp lý sạch, sẵn sàng giao dịch.- Giá: 42 tỷ (Có thương lượng). Liên hệ Linh 0913 106 ***
",Nhà mặt phố, 28/09/2023,26/10/2023,Bán,2543902,,,,,,,,,,,,,,,,
"
Bán biệt thự phố Nguyễn Khánh Toàn, công viên Nghĩa Đô, 90m2, MT 6,8m
","
Thỏa thuận
","
90
m2
","['Hà Nội', 'Mua bán Nhà riêng tại Quận Cầu Giấy']","
Chính chủ bán ngôi biệt thự cực hiếm tại Phố Nguyễn Khánh Toàn, Phường Nghĩa Đô, Quận Cầu Giấy.+ Diện tích 90m², Mặt Tiền 6,8m.+ Thiết kế biệt thự theo phong cách cổ điển & hiện đại: Phòng khách, 4 phòng ngủ, phòng thờ, sân phơi. Phòng nào cũng có cửa sổ, chủ nhà là quan chức lên sắm nội thất toàn bộ bằng gỗ lim & nhập khẩu.+ Ngôi Biệt Thự nằm tại con ngõ Đẹp Nhất Phố Nguyễn Khánh Toàn, cách Công Viên Nghĩa Đô 100m.+ Giao thông thuận lợi: Gần ngã tư Nguyễn Văn Huyên kéo dài cắt Nguyễn Khánh Toàn, thông các đường Lớn: Đào Tấn, Hoàng Quốc Việt, Cầu Giấy.. Vv.+ Sổ đỏ chính chủ, pháp lý rõ ràng, vuông vắn.* Giá 18 tỷ (Có thương lượng). Liên hệ Linh 0913 106 ***
",Nhà riêng, 28/09/2023,26/10/2023,Bán,2543898,,,,,,,,,,,,,,,,
"
Phân lô Nghĩa Tân, vỉa hè, ô tô tránh, kinh doanh đỉnh, 55m2, 5 tầng, MT 4.5m, giá 11 tỷ hơn
","
Thỏa thuận
","
55
m2
","['Hà Nội', 'Mua bán Nhà riêng tại Quận Cầu Giấy']","
+ Nhà nằm trong khu phân lô dành cho cán bộ, vị trí trung tâm quận Cầu Giấy. Hai bên vỉa hè rộng kinh doanh sầm uất ngày đêm. Gần khu văn hóa ẩm thực của quận, tiện ích đỉnh cao, an sinh tuyệt vời.+ Giao thông thuận tiện đi lại mọi nơi, thông các tuyến phố: Hoàng Quốc Việt, Nguyễn Phong Sắc, Nguyễn Văn Huyên, Tô Hiệu, Nghĩa Tân, Phạm Tuấn Tài, Trần Quốc Hoàn... Gần công viên, trường học các cấp từ mầm non đến đại học, gần TTTM, bệnh viện E...+ Nhà thiết kế cầu thang cuối vừa ở vừa làm văn phòng kinh doanh. Chủ mới mua về cải tạo theo thiết kế hiện đại lắp thang máy quá đẹp. Hiện chủ đang cho thuê cả nhà doanh thu 30 triệu/1 tháng.+ Sổ đỏ chính chủ vuông đẹp, pháp lý sạch sẵn sàng giao dịch ngay.+ Giá chào: 11.8 tỷ (có thương lượng). Liên hệ Linh 0913 106 ***
",Nhà riêng, 28/09/2023,26/10/2023,Bán,2543894,Sổ đỏ,,,,,,,,,,,,,,,
"
Bán nhà phố Phan Văn Trường thuộc khu phân lô ĐH Sư Phạm: Nhà có 2 mặt ngõ trước sau
","
Thỏa thuận
","
40
m2
","['Hà Nội', 'Mua bán Nhà riêng tại Quận Cầu Giấy']","
Bán nhà phố Phan Văn Trường thuộc khu phân lô ĐH Sư Phạm:- Nhà có 2 mặt ngõ trước sau, cả 2 mặt ngõ đều trải nhựa, rộng rãi, ô tô qua lại.- Vị trí đẹp để ở, kinh doanh.- Diện tích sổ đỏ = 40m². Từ tầng 2 đua ra cả 2 mặt ngõ - Xây dựng 5 tầng, khung cột chắc chắn.- Trước nhà rộng 5,5m ô tô qua lại.- Gần chợ mua bán thuận lợi, giao thông kết nối thông thương các tuyến: Xuân Thủy, Phạm Văn Đồng Cầu Giấy, Trần Quốc Hoàn, Phạm Tuấn Tài, Hoàng Quốc Việt, Tô Hiệu...Sổ đỏ chính chủ. Giá 7,7 tỷ (còn thương lượng).Chủ nhà rất thân thiện hiền lành, thiện chí bán.Liên hệ: 0913 106 ***
",Nhà riêng, 28/09/2023,26/10/2023,Bán,2543890,,,,,,,,,,,,,,,,
"
Bán căn hộ 69m2 thông thuỷ, 2Pn 2Vs Quận Nam Từ Liêm - Hà Nội giá 2.05 Tỷ
","
2,05
Tỷ ","
69
m2
","['Hà Nội', 'Quận Nam Từ Liêm', 'Mua bán Căn hộ chung cư tại Đường Đại lộ Thăng Long']","
Chính chủ gửi bán căn hộ 2PN 2Vs diện tích thông thuỷ 69m2Vị trí giao lộ giữa đại lộ Thăng Long và Lê Trọng Tấn, cạnh Vinhomes Smart CityNội thất đẹp, chắc chắn, đồ điện tử mới tinh, nhận nhà ở luônSổ đỏ trao tayDi chuyển thuận tiện đến Mỹ Đình, Đống Đa, Cầu Giấy, Hà Đông,...Liên hệ xem nhà Mr Tứ 0903251***
",Căn hộ, 28/09/2023,26/10/2023,Bán,2543775,Sổ đỏ,1.0,1.0,1.0,1.0,1.0,1.0,1.0,1.0,1.0,1.0,1.0,1.0,1.0,1.0,
"
Bán Nhà Thanh Xuân 4 Tầng 3,9 Tỷ Ôtô Đỗ Cửa
","
3,9
Tỷ ","
34
m2
","['Hà Nội', 'Quận Thanh Xuân', 'Mua bán Nhà riêng tại Đường Khương Trung']","
+ Vị trí đẹp của siêu đẹp, ngõ to, xe tải đỗ cửa, dân cư qua lại đông đúc, bãi gửi ô tô gần, ngay sát chợ, trường học, trung tâm hành chính thương mại, thông ra ngõ 183 Vũ Tông Phan. Kinh doanh đỉnh.+ Nhà đẹp lung linh, chắc chắn kiên cố, vuông đét nét căng, thiết kế hợp lý hiện đại 3 tầng 1 gác xếp, ở luôn. Tổng 1 phòng khách bếp, 3 phòng ngủ, có thể ngăn thành 4 phòng ngủ nếu muốn, 1 phòng thờ, 1 sân phơi, 4 WC.+ Pháp lý sạch, sổ đỏ đầy đủ, vuông vắn, 34m2, mặt tiền 3.78m + Nhà đẹp, vị trí đẹp, ngõ đẹp, giá đẹp, hiếm tầm tiền tại khu trung tâm mà ngõ thông, ô tô, kinh doanh, ở luôn
",Nhà riêng, 28/09/2023,26/10/2023,Bán,2526568,,,,,,,,,,,,,,,,
"
Bán căn hộ 2PN Vinhomes Smart City, Quận Nam Từ Liêm - Hà Nội giá 2.16 Tỷ
","
2,16
Tỷ ","
55
m2
","['Hà Nội', 'Quận Nam Từ Liêm', 'Mua bán Căn hộ chung cư tại Đường Đại lộ Thăng Long']","
Chính chủ gửi bán căn hộ 2PN 55m2 khu S1, tầng trung, view thoáng, giá tốt nhất dự án Vinhomes Smart City.Sổ đỏ trao tay, quý khách sẽ nhận nhà ở ngay.Dự án Vinhomes Smart City có vị trí ngay đầu đại lộ Thăng Long, di chuyển thuận tiện tới Mỹ Đình, Cầu Giấy, Đống Đa, Thanh Xuân, Hà Đông,...Dự án rộng 280ha với rất nhiều tiện ích, xanh sạch đẹp, xây dựng quản lý vận hành bởi chủ đầu tư Vinhomes uy tín.Liên hệ xem nhà Mr Tứ 0903251***. 
",Căn hộ, 28/09/2023,26/10/2023,Bán,2543736,Sổ đỏ,1.0,1.0,1.0,1.0,1.0,1.0,1.0,1.0,1.0,1.0,1.0,1.0,1.0,1.0,
"
Bán đất phố Hoàng Quốc Việt, Cầu Giấy, phân lô ô tô kinh doanh 2 mặt đường 60m
","
160 - 170
Triệu ","
60
m2
","['Hà Nội', 'Mua bán Nhà riêng tại Quận Cầu Giấy']","
+ Bán đất phố Hoàng Quốc Việt, Phường Nghĩa Đô, Quận Cầu Giấy, TP Hà Nội, 60m, mặt tiền 5,1m+ 2 mặt đường, khu phân lô, ô tô chạy vòng quanh dừng đỗ ngày đêm, kinh doanh tốt, phù hợp nhiều mục đích sử dụng khi xây tòa nhà 7 tầng: Ở, văn phòng, spa, phòng khám, trung tâm giáo dục,...+ Khu vực phong thủy vượng phát, tập trung nhiều giáo sư, tiến sĩ, quan chức cao cấp, dân trí cao, ngay gần Viện Hàn Lâm, Học Viện Chính Trị Quốc Gia Hồ Chí Minh, Ngoại Giao Đoàn Tây Hồ Tây, Starlake, Đại Học Sư Phạm, Đại học Quốc gia, Học viện Báo chí Tuyên truyền,.. Kết nối giao thông vô cùng thuận lợi với Cầu Giấy, Võ Chí Công, Lạc Long Quân, Trần Quốc Hoàn, Trần Đăng Ninh, Xuân Thủy, Nguyễn Văn Huyên,...+ Sổ đỏ cực đẹp, chính chủ, pháp lý sạch, sẵn sàng giao dịch.
",Nhà riêng, 28/09/2023,26/10/2023,Bán,2543725,Sổ đỏ,,,,,,,,,,,,,,,
"
Căn hộ cao cấp Masteri West Heights 1PN +1 46m2 giá 2,3 tỷ tại Vinhomes Smart City Nam Từ Liêm, HN
","
2,2 - 2,5
Tỷ ","
46 - 54
m2
","['Hà Nội', 'Mua bán Căn hộ chung cư tại Quận Nam Từ Liêm']","
Căn hộ 1PN +1 nội thất nhập khẩu cao cấp 46m2 giá 2,3 tỷ tại Masteri West Heights - Vinhomes Smart CityVị trí: Căn hộ nằm tại toà B,  Khu  Masteri West Heights, Nam Từ Liêm, Hà Nội. Dự án có vị trí đắc địa, ngay trung tâm của khu đô thị Vinhomes Smart City, thuận tiện cho việc đi lại và di chuyển đến công sở, trường học, văn phòng tại quận Cầu Giấy, Nam Từ Liêm, Đống Đa, Thanh Xuân, Hà Đông, các khu nhiều văn phòng như Mỹ Đình, Trung Hoà - Nhân Chính,...Diện tích: Căn hộ có diện tích 46m2, được thiết kế theo phong cách hiện đại, tối ưu diện tích sử dụng. Có 1 phòng khách, 1 phòng ngủ riêng biệt, tạo nên một không gian sống rộng rãi và thoáng mát. Phòng +1 có thể làm phòng làm việc, phòng sinh hoạt chung hoặc phòng cho con nhỏ.Tiện ích: Căn hộ được thừa hưởng toàn bộ tiện ích cao cấp của khu đô thị Masteri West Heights, bao gồm:- Hệ thống an ninh 24/7- Hồ bơi, phòng tập gym, spa- Khu vui chơi trẻ em- Trung tâm thương mại- Rạp chiếu phim- Nhà hàng, quán cà phê- Công viên trung tâm- Hệ thống giao thông hiện đại: Xe buýt điện nội khu miễn phí, và xe buyt điện đi đến các quận nội ngoại thành. Giá bán: Căn hộ được bán với giá 2,3 tỷ đồng. Đây là một mức giá rất hợp lý cho một căn hộ 1PN +1 tại một khu đô thị cao cấp như Masteri West Heights.Liên hệ: Quý khách quan tâm vui lòng liên hệ với chúng tôi để được tư vấn và xem nhà trực tiếp.Hotline: 0903.251.3***gọi điện trực tiếp hoặc nhắn zaloƯu điểm:Vị trí đắc địa, ngay trung tâm của khu đô thị, thuận tiện cho việc đi lại và di chuyển.Thiết kế hiện đại, tối ưu diện tích sử dụng.Thừa hưởng toàn bộ tiện ích cao cấp của khu đô thị Masteri West Heights.Mức giá bán rất hợp lý. Phù hợp với:Các gia đình trẻCác cặp vợ chồng mới cướiCác chuyên gia, người nước ngoài đang làm việc tại Hà NộiSinh viên học tại các quận Cầu Giấy, Đống Đa, Thanh Xuân, Hà Đông, Nam Từ Liêm,...Các nhà đầu tư bất động sảnLiên hệ ngay với chúng tôi 09032513***để được tư vấn và xem nhà trực tiếp.
",Căn hộ, 28/09/2023,26/10/2023,Bán,2457083,Sổ đỏ,1.0,1.0,1.0,1.0,,,,,,1.0,1.0,1.0,1.0,,
"
Bán nhà riêng Quận Hoàng Mai - Hà Nội giá 3.00 Tỷ
","
3 - 6
Tỷ ","
30 - 100
m2
","['Hà Nội', 'Quận Hoàng Mai', 'Mua bán Nhà riêng tại Phường Hoàng Văn Thụ']","
-nhà mới xây 5tầng,diện tích 35m2/1sàn ,gần chợ đầu mối phía nam,cách trường mai động 200m,nhiều tiện ích xung quanh.-tầng 1:để xe,bếp ăn,wc .-tầng 2:Phòng khách,wc.-tầng 3,4:Phòng ngủ,wc.-tầng 5:Phòng thờ,sân phơi.Lh:0963250***(lâm)
",Nhà riêng, 28/09/2023,26/10/2023,Bán,2543738,,,,,,,,,,,,,,,,
"
Chuyển nhượng căn 2Pn tại Le Grand Jardin giá 2.150 tỷ, đã có sổ, full nội thất về ở luôn
","
2,15
Tỷ ","
50
m2
",['Mua bán Căn hộ chung cư  Le Grand Jardin Sài Đồng'],"
Do gia đình chuyển nơi ở nên cần nhượng lại căn hộ 2PN,1WC tại chung cư Le Grand JardinĐã có sổ hồng sở hữu lâu dàiDiện tích sử dụng 50m2, ban công Đông Nam thoáng mát, view công viênFull Nội thất chỉ việc xách vali về ởGiá bán: 2.150 tỷ, bao phí chuyển nhượngLiên hệ xem căn hộ: Mrs Nga- 0865 83 1***
",Căn hộ, 26/09/2023,24/10/2023,Bán,2538655,Sổ hồng,1.0,1.0,1.0,1.0,1.0,1.0,1.0,1.0,1.0,1.0,1.0,1.0,1.0,1.0,Đông-Nam
"
💥 Cần bán gấp nhà - An Dương Vương - diện tích siêu đẹp 66,6m - Giá nhỉnh 6 tỷ
","
Thỏa thuận
","
66
m2
","['Hà Nội', 'Mua bán Nhà riêng tại Quận Tây Hồ']","
- Vị trí nhà rất đẹp, ngõ sạch sẽ thông thoáng, ô tô 7 chỗ vào nhà, gần các trường cấp 1,2 Phú Thượng, cấp 3 Tây Hồ, chợ dân sinh đầy đủ.- Giao thông đi lại thuận tiện kết nối các tuyến phố như Võ Chí Công, Phú Thượng, Phú Xá, đường mới 40m kết nối KĐT Ciputra...- Nhà chủ tự xây 2 tầng, 1 tum đã lâu rất sạch sẽ, ở được ngay, khung cột cực kì chắc chắn. Nhà lô góc 2 thoáng, phòng nào cũng có cửa sổ, ban công. Phù hợp để ở và đầu tư tích lũy hoặc xây Chung cư Mini ăn điểm tuyệt đốiThiết kế:- Tầng 1: Phòng khách, phòng ngủ bếp, wc.- Tầng 2: 3 phòng ngủ, wc.- Tầng tum sân phơi.- Sổ đỏ vuông đẹp, chính chủ cất két sẵn sàng giao dịch.
",Nhà riêng, 28/09/2023,26/10/2023,Bán,2543413,,,,,,,,,,,,,,,,
"
Căn 3PN2WC duy nhất tại Tecco Garden giá tốt nhất. Nhận nhà ở ngay, đã có sổ CK 8% HTLS 0% 18th
","
24
Triệu ","
101
m2
",['Mua bán Căn hộ chung cư  Tecco Garden'],"
Cần bán căn hộ Tecco Garden có thiết kế gồm 3PN,1 phòng khách, 1 phòng bếp và 2 phòng vệ sinh.Các phòng vuông vắn, đón được ánh sáng tự nhiên với 2 lô gia rộng.Diện tích từ 12.5 - 20.8m, 1 phòng đa năng rộng 10 - 11.4m, tương đương phòng ngủ chính như các dự án khác.Thiết kế căn hộ: 3PN, 01 phòng khách. 01 phòng bếp và 02 phòng vệ sinh.- Không gian chung siêu rộng, từ 30 - 31,4m, là không gian để gia đình sum họp, quây quần.- Tiện nghi đủ đầy dưới chân nhà, công viên xanh thoáng đãng cho ông bà, bố mẹ thư giãn, con trẻ chạy nhảy vui đùa.- Mật độ cư dân cực thấp, chỉ 8 căn / sàn / 4 thang máy riêng biệt.Đặc biệt: Cam kết mua lại nguyên giá sau 18 tháng và chịu toàn bộ phí chuyển nhượng nếu khách hàng không đủ khả năng chi trả lãi ngân hàng hoặc cảm thấy không phù hợp.Chính sách thanh toán hấp dẫn:- Chỉ cần trả trước 30% giá trị căn hộ tương đương khoảng 1 tỷ, KH được nhận nhà ở ngay, 70% còn lại trả chậm trong 24 tháng với 8 đợt thanh toán, mỗi đợt 10% và cách nhau 3 - 4 tháng.Hoặc:- Hỗ trợ vay ngân hàng 60% với lãi suất 0%/ 18 tháng, mức vay tối đa 70%.- Thanh toán sớm 70% được ck 6%, 30% còn lại được thanh toán thành 2 lần trong 12 tháng.- Thanh toán sớm 100% được ck 8%.
",Căn hộ, 28/09/2023,26/10/2023,Bán,2543410,Sổ hồng,,,,,,,,,,,,,,,Đông-Nam
"
Bán căn hộ tập thể 61 Hàm Long 60m2 3PN giá chỉ 2.45 tỷ!
","
2,45
Tỷ ","
60
m2
","['Hà Nội', 'Quận Hoàn Kiếm', 'Mua bán Căn hộ chung cư tại Phố Hàm Long']","
Gia đình tôi cần chuyển nhượng lại căn hộ tập thể phố Hàm Long đối diện đại sứ quán Pháp. Căn hộ có diện tích sử dụng hơn 60m2 có thể cơi nới thêm đến 80m2 nếu cần, diện tích trên sổ 43m2. Nhà thoáng sáng nhất khu với 03 phòng ngủ vuông vắn. Nhà nguyên bản nên bán rẻ cho người mua, về cải tạo sửa chữa theo nhu cầu sử dụng, ở hay làm Home Stay đều rất hợp lý!Nhà hộ khẩu quận Hoàn Kiếm, gần nhiều trường học tốt như Ngô sỹ Liên, Trưng Vương, Việt Đức, … 2 phút là lên bờ hồ Hoàn Kiếm, trung tâm nên đi đâu làm gì cũng tiện.Sổ hồng chính chủ, bàn giao nhà ngay.Chỉ tiếp người mua thiện chí, miễn MG, trung gian.
",Căn hộ, 28/09/2023,26/10/2023,Bán,2262243,Sổ hồng,,,,,,,,,,,,,,,
"
Hiếm: Bán nhà 4 tầng, mặt ngõ ô tô 190 Hoàng Mai, 78m2 mặt tiền gần 6m giá 8.25 tỷ!
","
8,25
Tỷ ","
78
m2
","['Hà Nội', 'Quận Hoàng Mai', 'Mua bán Nhà riêng tại Đường Hoàng Mai']","
Tuổi già lên chung cư, gia đình cần bán nhà riêng ngõ 190 đường Hoàng Mai, quận Hoàng Mai, Hà nội.Ngõ 190 Hoàng Mai là ngõ lớn thông khắp nơi, thông ra ngõ 151 Nguyễn Đức Cảnh và các ngõ xung quanh ra Hồ Đền Lừ thoáng mát. Nhà ở gần nhà văn hóa quận Hoàng Mai, mặt ngõ ô tô đỗ cửa, vào nhà thoải mái. Nhà gồm 4 tầng khung rất chắc chắn, 5 phòng ngủ, thoáng sáng ba mặt, đặc biệt mặt tiền rộng gần 6m rất hiếm. Nhà ở thêm mấy chục năm thoải mái hoặc đập đi xây tòa nhà văn phòng, chung cư Mini hay biệt thự để ở đều rất tiện.SĐCC, giao dịch ngay.Giá bán: 8.25 tỷ.LH Anh Dương, 0936.756.***, chỉ tiếp người mua thiện chí, miễn MG, TG.
",Nhà riêng, 28/09/2023,26/10/2023,Bán,2298903,Sổ hồng,,,,,,,,,,,,,,,
"
SỐC 1n+1 51m tòa A Masteri - Smart City chỉ 30% nhận nhà ở ngay, 70% trả dần sau 3 năm giá 2,8 tỷ
","
2,8
Tỷ ","
51
m2
",['Mua bán Căn hộ chung cư  Masteri West Heights'],"
Chính sách khủng dành cho quỹ căn hộ phân khúc cao cấp Masteri trái tim đại dự án Vinhomes Smart CIty Nam Từ Liêm.Chỉ cần thanh toán 30% nhận nhà ở ngay hoặc cho thuê ngay, 70% trả dần nhiều đợt trong 3 năm sau đó, mỗi quý đóng 5% giá nhà, đợt cuối đóng 20% vào 10/2026. Phân khu Masteri nằm vị trí đẹp nhất đại dự án khi đối diện biển hồ cát trắng và công viên trung tâm 10,5ha. Nằm vị trí giao thông kết nối thẳng các tuyến đường lớn đi lại thuận tiện.Bàn giao cao cấp nội thất nhập khẩu xịn xò, mỗi tòa đều có bể bơi trong nhà và vườn thượng uyển nằm tầng thượng tòa nhà.Căn hộ 1pn+1 loại diện  tích to 51m tim tường thiết kế thông minh và tối ưu, có thể setup thành căn 2pn đủ cho gia đình 3-5 người ở thoải mái.Căn tầng trung view nội khu. Giá chỉ nhỉnh 2,8 tỷ. 
",Căn hộ, 28/09/2023,26/10/2023,Bán,2543268,Sổ hồng,,,,,,,,,,,,,,,Tây-Nam
"
Bán căn hộ Quận Ba Đình - Hà Nội giá 2.00 Triệu
","
2 - 4
Triệu ","
23
m2
","['Hà Nội', 'Quận Ba Đình', 'Mua bán Căn hộ chung cư tại Đường 10']","
t is a long established fact that a reader will be distracted by the readable content of a page when looking at its layout. The point of using Lorem Ipsum is that it has a more-or-less normal distribution of letters, as opposed to using 'Content here, content here', making it look like readable English. Many desktop publishing packages and web page editors now use Lorem Ipsum as their default model text, and a search for 'lorem ipsum' will uncover many web sites still in their infancy. Various versions have evolved over the years, sometimes by accident, sometimes on purpose (injected humour and the like).
",Căn hộ, 28/09/2023,26/10/2023,Bán,2543196,,,,,,,,,,,,,,,,
"
Căn hộ hot Hoàng Thành Pearl, nhanh tay sở hữu căn 3 ngủ view nội khu công viên 3000m2
","
5,6
Tỷ ","
108
m2
",['Mua bán Căn hộ chung cư  Hoàng Thành Pearl'],"
Căn hộ chuẩn bị bàn giao vào Quý 1 năm 2024 đẹp nhất Mỹ Đình.+ Căn 3 PN (108 - 113m²) từ 5.5 tỷ trở lên. - Thiết kế, bố trí mặt bằng căn hộ hợp lý, tất cả các phòng có ánh sánh tự nhiên, có logia, không góc chết.- Hệ thống PCCC hiện đại nhất với 1 thang chữa cháy, 3 thang thoát hiểm và 2 gian lánh nạn tại tầng 12B. - Tiến độ xây dựng: Hiện dự án đã cất nóc xong tầng 30/30, hoàn thiện sơn mặt ngoài dự án và lắp đặt thiết bị bàn giao bên trong căn hộ. Với 70% số lượng căn hộ đã bán ra thị trường, thu hút được rất nhiều lượt review tốt của khách hàng. - Vị trí: Vị trí đắc địa của cửa ngõ phía Tây Hà Nội, trong khu quy hoạch phát triển mở rộng của Quận Nam Từ Liêm.- Gần bệnh viện, trường ĐHQG Hà Nội, bến xe và cách trung tâm thành phố khoảng 20p đi đường. - Bàn giao full nội thất liền tường đến từ các thương hiệu cao cấp:+ Cửa Kaadas chống cháy 90 phút, chống ồn cao cấp với 4 chức năng mở khóa.+ Full thiết bị vệ sinh: Grohe (Đức), bồn tắm Bravat bàn giao full.+ Thiết bị nhà bếp: Hafele (Đức) bàn giao full, chậu + vòi rửa, hút mùi, bếp từ.+ Kính Eurowindow tràn viền. - Thanh toán theo tiến độ 5 đợt chiết khấu 1,5% giá trị căn hộ.+ Thanh toán sớm 70% chiếu khấu 2,5% giá trị căn hộ.+ HTLS ngân hàng 0% cho 40% giá trị căn hộ.- Tặng khách hàng 01 tivi LG/Samsung 55inch trị giá 20 triệu VNĐ (tương ứng chiết khấu trực tiếp vào giá bán căn hộ 20 triệu VNĐ). Anh/Chị quan tâm liên hệ để được tư vấn và thăm quan căn hộ mẫu.Hotline/Zalo: 0948909*** 
",Căn hộ, 28/09/2023,26/10/2023,Bán,2543199,,,,,,,,,,,,,,,,
