Title,Price,Area,Address,Gen_descrip,Loại hình,Tình trạng pháp lý,Bình nóng lạnh,Máy hút mùi,Tủ bếp,Bàn ăn,Kệ TV,Tủ trang trí,Giường ngủ,Bàn phấn,Tủ quần áo,Bồn tắm,Vòi hoa sen,Bồn cầu,Bồn rửa mặt,Bàn ghế P.khách,Ngày đăng,Ngày hết hạn,Loại tin,ID tin,Hướng nhà,Số phòng ngủ,Đường vào,Mặt tiền,Chiều sâu
"
Cần BÁN Nhà ĐẸP Đường Nguyễn Trãi - Q. Thanh Xuân, 40m2, 5 Tầng, MT 4,5m, GIÁ 4 Tỷ 788 Triệu
","
4,79
Tỷ ","
40
m2
","['Hà Nội', 'Quận Thanh Xuân', 'Mua bán Nhà riêng tại Đường Nguyễn Trãi']","
CẦN BÁN NHÀ ĐẸP TRONG NGÕ 262B ĐƯỜNG NGUYỄN TRÃI - Q. THANH XUÂN, 40M2, 5 TẦNG, GIÁ 4 TỶ 788 TRIỆU - Diện tích: 40m2, mặt tiền 4,5m, nhà tầng 5 tầng xây dựng chắc chăn, tâm huyết, an sinh tốt.+ Gần nhiều trường Đại học - Bệnh viện lớn, trường học các cấp, gần Ngã Tư Sở - Nguyễn Trãi - Trường Chinh, Gần Ngã tư đường Nguyễn Trãi - Khuất Duy Tiến - Nguyễn Xiển, giao thông thuận tiện các ngả, tiện ích quanh khu đầy đủ,+ Đường ngõ của khu mới làm lại, đổ nhựa sạch sẽ, di chuyển thông thoáng các ngả rất thuận lợi.+ Căn nhà thiết kế 5 tầng xây dựng: phòng ngủ + phòng tâm linh + bếp + sân phơi, WC công năng đầy đủ... + Sổ đỏ chính chủ, nở hậu.- Giá: 4 tỷ 788 triệu (có thương lượng tốt, chủ thiện chí bán). Quý cô/chú/anh/chị quan tâm vui lòng liên hệ: 094l. 66. 8ll8 (hỗ trợ 24/7).
",Nhà riêng,Sổ đỏ,1.0,1.0,1.0,1.0,1.0,1.0,1.0,1.0,1.0,1.0,1.0,1.0,1.0,1.0, 26/09/2023,24/10/2023,Bán,2540029,,,,,
"
Ngoại giao CĐT chung cư Khai Sơn City, 30% nhận nhà, chiết khấu lên tới 1,3 tỷ LH 0973 6688***
","
2,9
Tỷ ","
79
m2
",['Mua bán Căn hộ chung cư  Khai Sơn Hill'],"
Chung cư cao cấp Khai Sơn City - Long Biên. Bùng nổ giao dịch tháng ngâu.- Chính sách ưu đãi chưa từng có của CĐT dành cho khách hàng:+ Chiết khấu lên đến 16,5%.+ Tặng gói quà tân giá: 350 Triệu (Áp dụng cho 3 Khách Hàng cuối cùng trong tháng ngâu).+ Hỗ trợ lãi suất 0%/18 Tháng.+ Miễn Phí dịch vụ 1 năm.Liên hệ nhận ưu đãi ngay.! Hotline: 0973668***+ Diện tich căn hộ từ 77,5m2 - 119,7m2. Thiết kế 2 - 3PN.+ Căn hộ Penhouse + Duplex: 197m2 - 230m2.Đăng ký tham quan căn hộ mẫu và nhận chính sách tốt nhất từ chủ đầu tư.Hotline TPKD: Mr.Dương 0973668***Dự án: Khai Sơn City
",Căn hộ,Sổ đỏ,,,,,,,,,,,,,,, 26/09/2023,24/10/2023,Bán,2539933,Đông-Nam,,,,
"
Trực tiếp CĐT Khai Sơn City - Duy Nhất 3 Suất Cuối Cùng Ck 16,5% + Gói Tân Gia 350 Triệu.
","
2,9
Tỷ ","
79
m2
",['Mua bán Căn hộ chung cư  Khai Sơn Town'],"
Trực tiếp CĐT Khai Sơn City - Duy Nhất 3 Suất Cuối Cùng Ck 16,5% + Gói Tân Gia 350 Triệu. Chỉ 10% Ký HĐMB  TPKD Mr.Dương 0973668***Chung cư cao cấp Khai Sơn City - Long Biên. Bùng nổ giao dịch tháng ngâu.- Chính sách ưu đãi chưa từng có của CĐT dành cho khách hàng:+ Chiết khấu lên đến 16,5%.+ Tặng gói quà tân giá: 350 Triệu (Áp dụng cho 3 Khách Hàng cuối cùng trong tháng ngâu).+ Hỗ trợ lãi suất 0%/18 Tháng.+ Miễn Phí dịch vụ 1 năm.Liên hệ nhận ưu đãi ngay.! Hotline: 0973668***+ Diện tich căn hộ từ 77,5m2 - 119,7m2. Thiết kế 2 - 3PN.+ Căn hộ Penhouse + Duplex: 197m2 - 230m2.Đăng ký tham quan căn hộ mẫu và nhận chính sách tốt nhất từ chủ đầu tư.Hotline TPKD: Mr.Dương 0973668***Dự án: Khai Sơn City
",Căn hộ,Sổ đỏ,,,,,,,,,,,,,,, 26/09/2023,24/10/2023,Bán,2539931,Đông-Nam,,,,
"
Bán nhà trương định dt khủng 47m 5t ô tô. chỉ hơn 3 tỷ
","
3,9
Tỷ ","
47
m2
","['Hà Nội', 'Quận Hoàng Mai', 'Mua bán Nhà riêng tại Đường Trương Định']","
BÁN NHÀ TRƯƠNG ĐỊNH DT khủng 47m 5T Ô tô. chỉ hơn 3 Tỷ. LH - Khu Vực trung tâm 3 phút lên Bạch Mai, 9 phút lên bờ Hồ. Nhà Chủ xây 4 tầng, thiết kế tầng 2 Ngủ rộng + WC. Tổng 4 ngủ rộng. Thừa công năng.- Phố Trương Định thông Nguyễn Đức Cảnh, Hoàng Mai, Tân Mai, Lương Khánh Thiện, thông Hoàng Mai, Nguyễn Đức Cảnh, Đền Lừ, Trương Định, Tân Mai ...- Giá: 3.9 Tỷ (Có TL)- Sổ vuông pháp lý chuẩn, chỉnh.CAM KẾT TT CHUẨN. XEM NHÀ MIỄN PHÍ - LÀM VIỆC CHÍNH CHỦ.- LH Hiền:313 9980
",Nhà riêng,Sổ đỏ,,,,,,,,,,,,,,, 26/09/2023,24/10/2023,Bán,2539648,,4,,,
"
Nhà phố trung tâm Bạch Mai. Thiết kế 2PN thoáng, gần trường chợ, an ninh tốt
","
2,25
Tỷ ","
18
m2
","['Hà Nội', 'Quận Hai Bà Trưng', 'Mua bán Nhà riêng tại Phường Bạch Mai']","
NHÀ PHỐ TRUNG TÂM BẠCH MAI - NHÀ MỚI - GẦN Ô TÔ - NGÕ THÔNG⚡️Thông số:Diện tích: 15/18m2Giá: 2,25 tỷMô tả:+ Vị trí nhà rất đẹp gần ô tô, gần phố, gần chợ. Đi lại giao thông thuận tiện.+ Thiết kế:- Tầng 1: phòng bếp + chỗ để xe + WC- Tầng 2: phòng khách- Tầng 3,4: phòng ngủ khép kín.
",Nhà riêng,,,,,,,,,,,,,,,, 26/09/2023,24/10/2023,Bán,2539550,,,,,
"
Bán nhà Cầu Giấy. CCMN mặt ngõ Trần Duy Hưng. Ngõ thông, rộng. 51m2 x5T. Giá 8.5 tỷ
","
8,5
Tỷ ","
51
m2
","['Hà Nội', 'Quận Cầu Giấy', 'Mua bán Nhà mặt phố tại Đường Trần Duy Hưng']","
Chính chủ bán căn nhà đang làm CCMN nằm ngay mặt ngõ Trần Duy Hưng. Trung tâm Cầu Giấy.Dòng tiền đang ổn định 30tr/tháng với 10P cho thuê.- Diện tích: 51m² x 5 tầng.* Tầng 1: Nhà để xe, phòng bếp, phòng khách.* Tầng 2,3,4,5: Tổng 10P.- Mặt tiền 4m: Có lối xe máy đi vào để xe riêng nên chủ nhà mới có thể setup lại tầng 1 kinh doanh ngon lành.- Mặt ngõ rộng 3m. Những nhà xung quanh đều mở của hàng kinh doanh.Ngõ thông, mặt tiền rộng. 100m ra mặt phố Trần Duy Hưng.Sổ vuông chờ giao dịch.Giá: 8.5 tỷ (có thương lượng).Liên hệ Ms. Thu: 0986.629.***
",Nhà mặt phố,Sổ hồng,1.0,1.0,1.0,1.0,1.0,1.0,1.0,1.0,1.0,1.0,1.0,1.0,1.0,1.0, 26/09/2023,24/10/2023,Bán,2539515,,,,,
"
Bán nhà Cầu Giấy, Yên Hòa, 25/28m2, 5 tầng, 3 PN, giá hơn 3 tỷ, nhà đẹp ở luôn
","
3,35
Tỷ ","
28
m2
","['Hà Nội', 'Quận Cầu Giấy', 'Mua bán Nhà riêng tại Đường Yên Hòa']","
NHÀ ĐẸP FULL NỘI THẤT SANG SỊN GẦN PHỐ. Nhà trong ngõ 42 phố Yên Hòa, diện tích 25/28m2, 5 tầng, mặt tiền 4m, giá 3.35 tỷ. Nhà cách mặt phố Yên HÒA chỉ 100m. Ngõ thoáng. Vị trí cực đẹp, gần Nguyễn Khang , đường Yên Hoà , tiện ích ngập tràn, giao thông thuận tiện. Thiết kế: - Tầng 1: Khách , bếp, wc - Tầng 2,3,4: mỗi tầng 1 ngủ khép kín. - Tầng 5: phòng thờ, sân phơi Sổ đỏ chính chủ 25m2. Nhà đẹp ở luôn. Ảnh thật 100%. Miễn trung gian.
",Nhà riêng,,1.0,1.0,1.0,1.0,1.0,1.0,1.0,1.0,1.0,1.0,1.0,1.0,1.0,1.0, 26/09/2023,24/10/2023,Bán,2539512,,,,,
"
Chủ nhà cần bán gấp Thăng Long Number One căn siêu VIP 3PN 109m2 Giá nhỉnh 4 TỶ RẺ nhất thị trường!
","
4,5
Tỷ ","
109
m2
",['Mua bán Căn hộ chung cư  Thăng Long Number One'],"
Chủ nhà cần bán gấp Thăng Long Number One căn siêu VIP 3PN 109m2 Giá nhỉnh 4 TỶ RẺ nhất thị trường!Mình cần bán gấp chung cư Thăng Long Number One căn 3PN siêu VIP 109M2 Giá Rẻ nhất thị trường!- Thiết kế 109m2. 1PK + 1 Bếp + 3PN + 2WC- Nội thất: FULL NỘI THẤT CAO CẤP KHÁCH CHỈ CẦN XÁCH VALI TỚI Ở.- hướng view siêu đẹp.- Ban công cực rộng thoáng mát, View đẹp.Giá mong muốn 4,5x tỷ--------------------------Liên hệ Đức Giang 0922630*** 
",Căn hộ,,,,,,,,,,,,,,,, 26/09/2023,24/10/2023,Bán,2539510,,,,,
"
Chủ nhà chuyển lên căn 4PN góc cần bán gấp căn 3PN góc giá tốt nhất dự án Vinhomes Gardenia
","
6,1
Tỷ ","
106
m2
",['Mua bán Căn hộ chung cư  Khu đô thị Vinhomes Gardenia'],"
Chủ nhà chuyển lên căn 4PN góc cần bán gấp căn 3PN góc giá tốt nhất dự án Vinhomes GardeniaMình cần bán gấp Căn 3PN+1 Vinhomes Gardenia Hàm Nghi- Thiết kế: 3PN + 1 Phòng làm việc +2WC- Diện tích: 106m2- Nội thất: full nội thất chỉ cần xách vali vào ở luôn.- Tầng trung yên tĩnh thoáng mát- Ban công Đông Nam cực thoáng mát, View bể bơi cực đẹpGiá mong muốn 6,x Tỷ (x tiểu học thôi ạ)- - - - - - - - - - - - - - - - - - - - - - - - - -Liên hệ Đức Giang 0922 630 ***
",Căn hộ,,,,,,,,,,,,,,,, 26/09/2023,24/10/2023,Bán,2539483,,,,,
"
Hiếm: Bán tòa nhà mặt phố Nguyễn Văn Huyên - 8 tầng thang máy - vỉa hè 8m - giá tốt
","
Thỏa thuận
","
50 - 70
m2
","['Hà Nội', 'Quận Cầu Giấy', 'Mua bán Nhà mặt phố tại Đường Nguyễn Văn Huyên']","
+ Nhà mặt phố vip nhất quận.+ Vị trí không thể đẹp hơn.+ Mặt tiền thênh thang, vỉa hè rộng, kinh doanh gì cũng được.+ Thiết 8 tầng thang máy, thông sàn kinh doanh.+ Sổ vuông, pháp lý chuẩn.+ Liên hệ: Em Trường - vua mặt phố để xem nhà và gặp trực tiếp chủ đàm phán giá tốt.+ Kết bạn zalo theo số điện thoại để trao đổi thông tin các căn nhà mặt phố - tòa nhà văn phòng - nhà dòng tiền triệu đô khắp Hà Nội.
",Nhà mặt phố,Sổ đỏ,,,,,,,,,,,,,,, 26/09/2023,24/10/2023,Bán,2539416,,,,,
"
Bán nhà mặt phố Quận Cầu Giấy - Hà Nội giá thỏa thuận
","
Thỏa thuận
","
70
m2
","['Hà Nội', 'Quận Cầu Giấy', 'Mua bán Nhà mặt phố tại Phố Khúc Thừa Dụ']","
+ Nhà mặt phố VIP nhất quận.+ Khu vực tập trung nhiều tòa văn phòng, công ty, quá xá tấp nập ngày đêm.+ Mặt tiền thêng thang, vỉa hè rộng, kinh doanh gì cũng được.+ Thiết kế 7 tầng thang máy thông sàn kinh doanh.+ Sổ vuông, pháp lý chuẩn.+ Liên hệ: EM TRƯỜNG - VUA MẶT PHỐ để xem nhà và gặp trực tiếp chủ đàm phán giá tốt.+ KẾT BẠN ZALO theo số điện thoại để trao đổi thông tin các căn NHÀ MẶT PHỐ - TÒA NHÀ VĂN PHÒNG - NHÀ DÒNG TIỀN TRIỆU ĐÔ khắp Hà Nội.
",Nhà mặt phố,Sổ đỏ,,,,,,,,,,,,,,, 26/09/2023,24/10/2023,Bán,2539403,,,,,
"
Bán tòa nhà văn phòng mặt phố Trương Công Giai - DT 70m2 - MT 5.5m - chỉ hơn 30 tỷ
","
Thỏa thuận
","
70
m2
","['Hà Nội', 'Quận Cầu Giấy', 'Mua bán Nhà mặt phố tại Phường Dịch Vọng']","
+ Nhà thuộc phố vip của quận, khu vực hiếm nhà bán.+ Diện tích, thông số đều tuyệt đẹp, sổ vuông như bánh chưng.+ Vỉa hè cực rộng, mặt tiền thênh thang, kinh doanh hái ra tiền.+ Nhà Thiết kế thông sàn, thang máy.+ Sổ đỏ chính chủ, pháp lý chuẩn.+ Liên hệ: Em Trường - VUA MẶT PHỐ để xem nhà và gặp trực tiếp chủ đàm phán giá tốt.+ Kết bạn Zalo theo số điện thoại để trao đổi thông tin các căn nhà mặt phố - tòa nhà văn phòng - nhà dòng tiền triệu đô khắp Hà Nội.
",Nhà mặt phố,Sổ đỏ,,,,,,,,,,,,,,, 26/09/2023,24/10/2023,Bán,2539362,,,,,
"
Bán nhà riêng Quận Bắc Từ Liêm - Hà Nội giá 5.30 Tỷ nở hậu, cách ô tô 30m
","
5,3
Tỷ ","
50
m2
","['Hà Nội', 'Quận Bắc Từ Liêm', 'Mua bán Nhà riêng tại Đường Phú Diễn']","
- Vị trí đẹp gần UBND Bắc Từ Liêm.- Tiện ích xung quanh đầy đủ, gần Sân vận động Mỹ Đình, đường đua F1, gần Bệnh viện Từ Liêm, Trung tâm Y tế Nam Từ Liêm, và rất nhiều phòng khám chuyên khoa lớn nhỏ.- Gần các trường Đại học Thương mại, Sân khấu điện ảnh, Tài nguyên môi trường, Công nghệ Đông Á, các đường lớn như Hồ Tùng Mậu, Phạm Văn Đồng, Phạm Hùng, Cầu Diễn, Phúc Diễn, Phương Canh, Trịnh Văn Bô.- Khu vực nhiều khách quan tâm.- Tầng 1 phòng khách, bếp, vệ sinh.- Tầng 2, 3 hai phòng ngủ, vệ sinh to.- Tầng 4 phòng thờ, sân phơi.- Sổ đỏ chính chủ sẵn sàng giao dịch.Liên hệ: Gia Huy 0336923*** (vui lòng gọi trực tiếp).Gia Huy chuyên nhà đất thổ cư khắp Hà Nội.Tư vấn hợp đồng pháp lý sổ Đỏ 24/7.
",Nhà riêng,Sổ đỏ,1.0,,1.0,1.0,1.0,1.0,1.0,,1.0,1.0,1.0,1.0,1.0,1.0, 26/09/2023,24/10/2023,Bán,2539293,,,,,
"
Bán nhà Phú Diễn mới xây 5.3 tỷ 56m 4 tầng Bắc Từ Liêm nở hậu, nhà cách oto 30m
","
5,3
Tỷ ","
50
m2
","['Hà Nội', 'Quận Bắc Từ Liêm', 'Mua bán Nhà riêng tại Đường Phú Diễn']","
- Vị trí đẹp gần UBND Bắc Từ Liêm.- Tiện ích xung quanh đầy đủ, gần Sân vận động Mỹ Đình, đường đua F1, gần Bệnh viện Từ Liêm, Trung tâm Y tế Nam Từ Liêm, và rất nhiều phòng khám chuyên khoa lớn nhỏ.- Gần các trường Đại học Thương mại, Sân khấu điện ảnh, Tài nguyên môi trường, Công nghệ Đông Á, các đường lớn như Hồ Tùng Mậu, Phạm Văn Đồng, Phạm Hùng, Cầu Diễn, Phúc Diễn, Phương Canh, Trịnh Văn Bô.- Khu vực nhiều khách quan tâm.- Tầng 1 phòng khách, bếp, vệ sinh.- Tầng 2, 3 hai phòng ngủ, vệ sinh to.- Tầng 4 phòng thờ, sân phơi.- Sổ đỏ chính chủ sẵn sàng giao dịch.Liên hệ: Gia Huy 0336923*** (vui lòng gọi trực tiếp).Gia Huy chuyên nhà đất thổ cư khắp Hà Nội.Tư vấn hợp đồng pháp lý sổ Đỏ 24/7.
",Nhà riêng,Sổ đỏ,1.0,,1.0,1.0,1.0,1.0,1.0,,1.0,1.0,1.0,1.0,1.0,1.0, 26/09/2023,24/10/2023,Bán,2539292,,,,,
"
Căn góc giá đẹp CÒN đúng 2 căn 3 ngủ 3 ban công lô gia Hoàng Thành Pearl chỉ từ 5,9tỷ lh 0763456***
","
5,2 - 6,1
Tỷ ","
108 - 114
m2
",['Mua bán Căn hộ chung cư  Hoàng Thành Pearl'],"
Căn hộ 3PN diện tích 110m² nằm ở tầng trung đẹp, view công viên nội khu...Thiết kế 3PN 2 WC nội thất bàn giao full cao cấp,Phòng khách + ăn: 32 m².Phòng bếp: 6m².Phòng ngủ 1: 11,02m².Phòng ngủ 2: 10,94m².Phòng ngủ Master: 25,23m².Logia 1: 3m².Logia 2: 3,13m².Logia 3: 2,93m².Phòng kho: 4,02m².WC chung: 4,31m².WC master: 4,31m².Căn hộ với lối thiết kế thông minh đảm bảo tất cả các phòng đều có ánh sáng và khí tự nhiên.Nội thất bàn giao xịn sò từ các thương hiệu lớn nhập khẩu như.+ Khách và bếp lắp điều hòa âm trần Daikin 2 chiều.+ Cửa gỗ nhựa lõi thép cao cấp chống cháy, khóa điện tử thông minh Kaadas.+ Chuông cửa hình Hikvision.+ Sàn lát gỗ công nghiệp An Cường dày 12mm.+ Trần ốp thạch cao Vĩnh Tường loại 1.+ Máy hút mùi + Bếp từ, chậu vòi rửa, khóa cửa, thanh ray, bản lề tủ Hafele.+ Tủ bếp tiêu chuẩn MFC cao cấp An Cường, chống ẩm, mốc, chống nước phủ Laminate hoặc sơn Inchem, PU.+ Sàn bếp lát gạch chống trơn Granite.+ Mặt bàn bếp dùng đá nung kết cao cấp Granite.+ Tường WC ốp gach Ceramic 400x800 cao cấp, sang trọng.+ Sàn WC lát gạch Granite 300*600 chất lượng cao chống trơn.+ Thiết bị vệ sinh Grohe, Bồn tắm Bravat, Cabin tắm đứng kính cường lực cao cấp, an toàn, phụ kiện Kinlong or Hafele,+ Xịn xò đến cả từng ổ cắm, Công tắc điện Okom.* Chính sách bán hàng cực kỳ linh hoạt.- Thanh toán sớm 70% chiết khấu sâu.- Thanh toán theo tiến độ được chia làm 6 đợt cực giãn và vẫn được hưởng chiết khấu cao.- Vay Ngân Hàng nhận hỗ trợ 0% lãi suất.Ngoài ra với căn 3 ngủ còn có thêm phần quà tân gia cho những khách hàng chốt căn sớm nhất là 1 tivi LG/Samsung 55inch hoặc triết khấu trực tiếp thêm 20 triệu đồng.Với mục tiêu mang đến một không gian sống xanh, mới lạ, mang phong cách riêng biệt, nhưng vẫn đáp ứng đầy đủ nhu cầu sinh hoạt cho người dân. Nên đặc biệt trong thiết kế toàn bộ dự án chủ đầu tư luôn quan tâm đến phong thủy, do Phong Thủy cũng ảnh hưởng rất nhiều đến sức khỏe và tài vận của Gia đình Khách hang.Đặc biệt nữa chủ đầu tư còn dành cho khách hang quyền quyết định từng thiết bị nội thất cho căn hộ. Khách hàng có thể tự tay lựa chọn từng thứ cho gia đình mình, từ kiểu dáng, màu sắc cho tới giá cả, phù hợp với thẩm mỹ, Phong Thủy nhu cầu sử dụng và trên cơ sở đảm bảo điều kiện kĩ thuật, an toàn.Một điểm cộng nữa là thiết kế căn hộ hợp lý, hướng tới sự tối ưu trong không gian sống cho từng căn hộ, Nếu như các dự án CC cao cấp trước đây thường đi kèm với diện tích căn hộ to thì tại Hoàng Thành Pearl, các căn hộ sở hữu diện tích linh hoạt vừa phải, tạo nên một không gian sống ấm cúng cũng như tối ưu tầm tài chính đầu tư của quý khách.Liên hệ ngay phòng kinh doanh chủ đầu tư để nhận vô vàn ưu đãi.Hotline Mr Quý 0763 456 ***
",Căn hộ,Sổ hồng,1.0,1.0,1.0,1.0,,,,,1.0,1.0,1.0,1.0,1.0,, 26/09/2023,24/10/2023,Bán,2539289,Đông-Bắc,,,,
"
Bán căn hộ giá rẻ - Chung cư Feliz Home Quận Hoàng Mai - Hà Nội
","
Thỏa thuận
","
76
m2
","['Hà Nội', 'Quận Hoàng Mai', 'Mua bán Căn hộ chung cư tại Đường Đền Lừ']","
""Bán căn giá tốt nhất dự án , 2 - 3 ngủ tòa Zen Feliz Home Hoàng Mai, Hà Nội. ⚡️ Căn 1 PN diện tích: 44m2. ⚡️ Căn 2 PN diện tích: 63 - 73 - 77m2. ⚡️ Căn 3 PN diện tích 89 - 112m2 (Ban công siêu đẹp vườn trên không). ⚡️ Bàn giao nội thất cơ bản: Sàn gỗ, gạch ceramic, tường sơn bả, full thiết bị wc, điều hòa âm trần, tủ bếp. Giá hợp lý hơn thị trường. Dự án full tiện ích cơ bản: Trung tâm thương mại, nhà trẻ, bể bơi, công viên, sân vườn. Chính sách ưu đãi: Miễn phí phí bảo trì, hỗ trợ lãi suất 70% giá trị căn hộ, tặng 1 năm phí dịch vụ. Hỗ trợ lãi suất 0% 12 tháng + ân hạn nợ gốc. Thanh toán sớm triết khấu 5% GTCH Đóng tiến độ kéo dãn trong 12 tháng. Liên hệ số hotline để được hỗ trợ đi xem nhà ạ!#muabanchungcuhoangmai #banchungcugiarequanhoangmai #banchungcu2phongnguhoangmai #banchungcu3phongnguquanhoangmai #muabanchungcufelizhomehoangmai
",Căn hộ,Sổ hồng,,,,,,,,,,,,,,, 26/09/2023,24/10/2023,Bán,2539297,,,,,
"
Bán Gấp Lô Đất Nghỉ Dưỡng Sổ Đỏ 1058M2 Nằm Ngay Lõi Khu Đô Thị Vệ Tinh Xuân Mai - HN
","
Thỏa thuận
","
1058
m2
","['Hà Nội', 'Huyện Chương Mỹ', 'Mua bán Đất tại Đường Hồ Chí Minh']","
* Cần bán gấp lô đất trung tâm Chương Mỹ - Hà Nội: - Tại thôn Xuân Linh - xã Thủy Xuân Tiên - Chương Mỹ Hà Nội. - Nằm trong quy hoạch TP Vệ Tinh Xuân Mai của thủ đô Hà Nội. - Diện tích: 1058m2. Có sẵn nhà cấp 4. - Cách QL 21 : 1km. - Cách trường CĐ Cộng ĐỒng Hà Tây: ,8km. - Cách Ngã 4 Xuân Mai: 3,3km. - Nằm trong khu dân cư đông đúc, gần chợ Bê Tông, dân trí cao. - Sát bên các cấp trường từ Mầm Non đến THPT. * Thích hợp để đầu tư hoặc xây nghỉ dưỡng. Liên hệ e ngay để gặp trực tiếp chủ đất là người nhà luôn ạ.
",Đất,Sổ đỏ,,,,,,,,,,,,,,, 26/09/2023,24/10/2023,Bán,1954125,,,5m,,
"
Chỉ 570tr sở hữu siêu phẩm đất nền ven đô HN - khu nghỉ dưỡng hồ Ban Tiện - Sóc Sơn
","
570
Triệu ","
60
m2
","['Hà Nội', 'Huyện Sóc Sơn', 'Mua bán Đất tại Đường Quốc lộ 14']","
Ngày đăng: Hôm nayĐất nền chưa đến 10tr/m2 -ô tô tránh-hồ ban tiện-xã minh trí-sóc sơn. - Diện tích: 60m2. - Giá đầu tư F0. Hiếm có khó tìm nhất khu Đồng Đò và Ban Tiện. - Sát chân hồ Ban Tiện. - Hạ tầng đường rải nhựa, nét căng như phố đi bộ Hồ Gươm Hà Nội. - Đường trục chính ô tô tránh nhau, đường nội khu ô tô đánh võng thoải mái. - Cách sân Golf Minh Trí 150m. - Cách khu du lịch sinh thái hồ Đồng Đò 1,5km. - Cách KCN Sạch Sóc Sơn 3km. - Di chuyển ra sân bay Nội Bài 15p. - Được ví như thị trường Hòa Lạc 2.0. - Biên độ lợi nhuận cao, thanh khoản nhanh. - Thích hợp để đầu tư hoặc xây HomeStay nghỉ dưỡng. - Cam kết đồng hành lâu dài cùng quý nhà đầu tư. * Nhanh tay liên hệ e để chọn lô đẹp kẻo bay hết bảng hàng nào!!!!#bandatminhtrisocson #bandatsocson #bandattienduocsocson
",Đất,Sổ hồng,,,,,,,,,,,,,,, 26/09/2023,24/10/2023,Bán,1953269,,,4m,5m,12m
