Title,Price,Area,Address,Gen_descrip,Loại hình,Tình trạng pháp lý,Bình nóng lạnh,Máy hút mùi,Tủ bếp,Bàn ăn,Kệ TV,Tủ trang trí,Giường ngủ,Bàn phấn,Tủ quần áo,Bồn tắm,Vòi hoa sen,Bồn cầu,Bồn rửa mặt,Bàn ghế P.khách,Ngày đăng,Ngày hết hạn,Loại tin,ID tin,Hướng nhà,Số phòng ngủ,Căn góc,Nội thất,Số tầng
"
HOT ! Nhà Đẹp Dọn Vào Ở Luôn – Trung Tâm Hoàng Mai – 53M2 chỉ 5.4 Tỷ
","
5,4
Tỷ ","
53
m2
","['Hà Nội', 'Quận Hoàng Mai', 'Mua bán Nhà riêng tại Đường Nguyễn Chính']","
+ Giao thông đi lại rất thuận lợi đường quốc lộ 1B nối liền vành đai 2.5 giao thông đi lại nơi đây rất thuận lợi+ Nhà được chủ tự xây rất chắc chắn, thiết kế hiện đại nay thừa nhà rao bán để chuyển về nhà ở Minh Khai .+ bán kính 500m không thiếu thứ gì ,chợ trường học các cấp vây quanh.+ nhà Thiết kế 3 tầng và sân thượng+ tầng 1 : sân để xe,phòng khách,wc, bếp,phòng ăn, khe thoáng sau.+ Tầng 2 : 2 phòng ngủ ,wc+ Tầng 3: 1 phòng ngủ, wc, phòng thờ , sân phơi.+Tầng 4 : khách sạn ngàn sao + sổ đỏ chính chủXem nhà miễn phí, hỗ trợ thủ tục pháp lý từ A-Z
",Nhà riêng,Sổ đỏ,1.0,1.0,1.0,1.0,1.0,1.0,1.0,1.0,1.0,1.0,1.0,1.0,1.0,1.0, 26/09/2023,24/10/2023,Bán,2538632,,,,,
"
Bán gấp nhà hot Kim Giang - Hoàng Mai - Siêu hot giá tâm huyết
","
2
Tỷ ","
30
m2
","['Hà Nội', 'Quận Hoàng Mai', 'Mua bán Nhà riêng tại Đường Kim Giang']","
+ Thiết kế 3 tầng:- Tầng 1: Khách + bếp + wc- Tầng 2: 1 ngủ + wc- Tầng 3: sân phơi (có thể làm phòng ngủ)+ Pháp lý: nhà sổ chung, mua bán công chứng vi bằng. 2015 đã được địa chính phường đo đạc lại sơ đồ kỹ thuật thửa đất.Anh chị liên hệ em Quang Anh chuyên khu Kim Giang nha
",Nhà riêng,Sổ đỏ,,,,,,,,,,,,,,, 26/09/2023,24/10/2023,Bán,2538646,,,,,
"
Nhà Mới 5 Tầng – Trung Tâm Hai Bà – Mặt Tiền 5.5m chỉ 3.7 Tỷ
","
3,7
Tỷ ","
35
m2
","['Hà Nội', 'Quận Hai Bà Trưng', 'Mua bán Nhà riêng tại Đường Dương Văn Bé']","
- Nhà mới đẹp, chủ xây mới 5 tầng Lô góc 3 mặt thoáng nhà cực thoáng và sáng.-Thiết kế nhà: + Tầng 1: Để xe. Khách, bếp + Tầng 2: Tầng lửng 1 ngủ  + Tầng 3: 2 ngủ + wc + Tầng 4: 1 ngủ rộng + wc  + Tầng 5: Phòng thờ + Sân phơi.- Ngõ xe ba gác, giao thông thuận tiện nhiều tuyến phố: Vĩnh Tuy, Minh Khai, Kim Ngưu, Tam Trinh, Lĩnh Nam... hàng xóm Times City.- Pháp lý nhà đầy đủ, sổ đẹpXem nhà miễn phí, hỗ trợ thủ tục pháp lý từ A-Z
",Nhà riêng,Sổ đỏ,1.0,1.0,1.0,1.0,1.0,1.0,1.0,1.0,1.0,1.0,1.0,1.0,1.0,1.0, 26/09/2023,24/10/2023,Bán,2538615,,,,,
"
Nhượng nhanh căn 3 ngủ- 89m2. Bán nhanh giá 2.9 tỷ bao thuế phí!
","
2,9
Tỷ ","
89
m2
",['Mua bán Căn hộ chung cư  Imperial Plaza'],"
Cần sang nhượng căn 89m2 thiết kế thành 3 ngủ cuối đường Giải PhóngBố trí 2 ngủ 1 đa năng, sửa lại thành 3 ngủ đẹpNhà chưa ở còn mới tinh, có nội thất liền tường.Trong toà nhà full tiện ích: bể bơi trong nhà, trung tâm thương mại, Gym, Spa,5 tầng để xe thoải mái chỗ, nhà nào cũng có slot oto.Cần bán nhanh giá 2,8 tỷ bao thuế phí sang tên người mua
",Căn hộ,,,,,,,,,,,,,,,, 26/09/2023,24/10/2023,Bán,2538688,,,,,
"
Bán căn 2 ngủ gần ngay Kinh Tế Quốc Dân- nhỉnh 2.8 tỷ nhận nhà ở ngay, bao thuế phí!
","
2,85
Tỷ ","
66
m2
",['Mua bán Căn hộ chung cư  Imperial Plaza'],"
Bán gấp căn 2 ngủ 2 vệ sinh gần ngày Bách – Kinh – Xây.DT thông thuỷ: 66m2Tầng 20, ban công hướng mát.Ngay gần khu tiện ích riêng của khu đô thị: bể bơi ngoài trời, công viên thể thao, Gym, Spa,…Cần bán nhanh để giá chỉ nhỉnh 2.8 tỷ bao thuế phí vào tên người muaNhà chưa ở còn mới nguyên, sẵn sàng dọn vào ở được luôn.Anh chị quan tâm cần xem nhà liên hệ trực tiếp.
",Căn hộ,,,,,,,,,,,,,,,, 26/09/2023,24/10/2023,Bán,2538537,,,,,
"
Bán cắt lỗ trục kinh doanh, Dt 63m. Tài chính nhỉnh 2 tỷ
","
2,03
Tỷ ","
63,4
m2
","['Hà Nội', 'Huyện Đan Phượng', 'Mua bán Đất tại Xã Phương Đình']","
CC RẤT CẦN BÁN GẤP 63M ĐẤT TẠI LA THẠCH, PHƯƠNG ĐÌNH, ĐAN PHƯỢNG, HÀ NỘI TÀI CHÍNH CHỈ NHỈNH 2 TỶ XÍU ĐƯỜNG TRƯỚC ĐẤT RỘNG HƠN 4M, NẰM TRÊN TRỤC DÂN CƯ SẦM UẤT, GIÀU CÓ, HIỆN ĐANG CÓ NHIỀU NHÀ KINH DOANH NHƯ HIỆU THUỐC, PHÒNG XOA BÓP BẤM HUYỆT. CÁCH ĐƯỜNG TỈNH LỘ 417, ĐƯỜNG TÂY THĂNG LONG (TƯƠNG LAI) CHỈ 500M CÁCH CHỢ, TRƯỜNG, KHU CÔNG NGHIỆP TỪ 500M ĐẾN 1KM CHỦ CẦN BÁN RẤT GẤP, THIỆN CHÍ GẶP LÀM VIỆC LUÔN, LH 0916731***
",Đất,Sổ hồng,,,,,,,,,,,,,,, 26/09/2023,24/10/2023,Bán,2538445,Tây-Nam,,,,
"
Bán CHCC 131,5m2, 3 ngủ, 2vs, căn góc, đầu hồi, 3 ban công, nhiều hướng
","
5
Tỷ ","
132
m2
",['Mua bán Căn hộ chung cư  Làng Quốc Tế Thăng Long'],"
Bán CHCC tại dự án Làng Quốc Tế Thăng Long, Trần Đăng Ninh, Dịch Vọng Cầu Giấy.Diện tích 131,5m2, tầng 10Thiết kế 3 ngủ, 2 vệ sinh, 1 khách, 1 bếp rộng, 3 ban công, hướng mát, thoáng.Các phòng ngủ đều có cửa sổ, tràn ngập ánh sáng thiên nhiên.Cửa Đông Nam, ban công Đông Bắc, Nam, Tây NamGiá: 38tr/m2, phí thuế thỏa thuậnSẵn sàng sang tên.Ib zalo mình tư vấn cụ thể
",Căn hộ,,,,,,,,,,,,,,,, 26/09/2023,24/10/2023,Bán,2538337,,,,,
"
Nhà Đẹp Nguyễn Ngọc Nại, 5 Tầng, Diện Tích <40M, giá >4 Tỷ. Ô Tô Đỗ Cửa. Kinh Doanh Siêu Đỉnh.
","
3
Tỷ ","
40
m2
","['Hà Nội', 'Mua bán Nhà riêng tại Quận Thanh Xuân']","
Cần bán gấp - Nhà Nguyễn Ngọc Nại- Diện Tích <40M- Giá >4 Tỷ- Ngõ Thông, Ô Tô Tránh. Ô Tô Đỗ Cửa- Gần các trường: KTQD, BHXD, DDHBK, ĐHH Hà Nội...- Gần các BV lớn: Bạch Mai, Bưu Điện, ĐH Y...- 5 phút ra bx Giáp Bát, 6 phút ra BX Nước Ngầm...- Kinh Doanh Hoặc Cho ThuêLIÊN HỆ: 032.678.3*** 
",Nhà riêng,,1.0,1.0,1.0,1.0,,,1.0,,1.0,1.0,1.0,1.0,1.0,, 26/09/2023,24/10/2023,Bán,2536730,,,,,
"
Rao bán căn hộ ở tòa C2 tầng 7 Vinhomes D’.Capitale
","
1,95
Tỷ ","
38
m2
","['Hà Nội', 'Quận Cầu Giấy', 'Mua bán Căn hộ chung cư tại Đường Trần Duy Hưng']","
Full nội thất: máy giặt, điều hòa, sofa, giường, TV,.... Tiện nghi: rất nhiều tiện ích khi là cư dân tại Vincom Trần Duy HưngSử dụng các dịch vụ đặc quyền phòng gym, lễ tân , bảo vệ riêng,... 05 phút di chuyển tới Big C, Grand Plaza, trường THPT Hà Nội – Amsterdam, Trung Tâm Hội Nghị Quốc Gia 10 phút di chuyển tới: Vincom Nguyễn Chí Thanh, Lotte, Láng Hạ 15 phút để di chuyển tới: Hồ Gươm, trung tâm phố cổ Kết nối thẳng tới sân bay quốc tế Nội Bài qua tuyến đường trên cao Vành Đai 3 Gần tuyến Metro Cát Linh 
",Căn hộ,,,,,,,,,,,,,,,, 26/09/2023,24/10/2023,Bán,2538140,,,,,
"
Căn hộ sân vườn Golden River - Ciputra view sông Hồng 125 - 328m2, chiết khấu cao, hỗ trợ LS 0%12T
","
Thỏa thuận
","
123 - 335
m2
",['Mua bán Căn hộ chung cư  Sunshine Golden River'],"
Căn hộ sân vườn đẳng cấp bậc nhất KĐT Ciputra view sông Hồng, Lần đầu tiên tại Ciputra Hà Nội ra mắt với diện tích ban công căn hộ rộng từ 25m²- 50m²mang lại sự trải nghiệm và thông thoáng cho cư dân đẳng cấp tại Ciputra.* Chương trình quà tặng và chiết khấu khi:- Khách hàng thanh toán sớm 95% quà tặng tân gia gói nội thất S - Decoro: 8%/GTCH.- Khách hàng thanh toán theo tiến độ quà tặng tân gia gói nội thất S - Decoro: 3%/GTCH.- Tặng 2 năm phí quản lý.- Hỗ trợ ngân hàng lên đến 65% GTCH. Ân hạn gốc và lãi 12 tháng.* Quà tặng đặc biệt đối với cho 30 KH đầu tiên.- Căn 02 ngủ: 200.000.000 đ.- Căn 03 ngủ: 350.000.000 đ.- Căn 04 ngủ: 500.000.000 đ.Loại hình gồm:* Căn hộ & penthouse.- Diện tích từ: 125m²đến 328m2.- Thiết kế từ tầng 6 đến tầng 31 căn hộ sân vườn.- Từ tầng 32 đến tầng 35 penthouse.- Mật độ thoáng đãng 6 - 8 căn/sàn.Thiết kế từ 2 phòng ngủ đến 6 phòng ngủ chính (+ phòng đa năng).Sunshine Golden River là bản hòa âm mỹ học của kiến trúc, thiên nhiên và nghệ thuật sống đem lại sự bình yên, đầm ấm cho những chủ nhân thời thượng.Hệ thống giao thông thuận tiện, đường đô thị hiện đại, hệ thống giao thông nội bộ được tổ chức liên hoàn và đa dạng, cùng thừa hưởng toàn toàn bộ tiện ích nội và ngoại khu như.Nội thất độc bản nhập khẩu cao cấp từ các thương hiệu nổi tiếng trên thế giới như: Porta Door, Duravit, Hafele, Hansgrohe. Đặc biệt các căn hộ đều trang bị công nghệ Smart Home 4.0, có thể điều khiển từ xa các thiết bị điện tử, chỉ với 1 nút chạm như: Điều hòa, nóng lạnh, tivi, âm thanh, ánh sáng, thang máy, rèm cửa.Tiện ích đẳng cấp và độc bản: Bể bơi ngoài trời và bể bơi 4 mùa nước khoáng mặn, vườn cây xanh, đường dạo bộ, chòi hóng mát, vườn BBQ, khu vui chơi trẻ em ngoài trời và trong nhà, gym, café, trường học, Sunshine Mart, shophouse kinh doanh tiện ích. Đặc biệt tầng mái có sân golf mini, sky bar, vườn treo.Liên hệ xem căn hộ trực tiếp từ chủ đầu tư:*hỗ trợ 24/24).Địa chỉ: Khu đô thị Nam Thăng Long, Tây Hồ, Hà Nội
",Căn hộ,Giấy tờ hợp lệ,1.0,1.0,1.0,,,,,,,1.0,1.0,1.0,1.0,, 25/09/2023,23/10/2023,Bán,1978227,Đông-Nam,3,Có,Full nội thất gắn tường cao cấp,
"
Bán biệt thự nghỉ dưỡng Villa Avenue Vân Trì 1159m2 view sân golf giá tốt nhất thị trường
","
Thỏa thuận
","
1159
m2
","['Hà Nội', 'Huyện Đông Anh', 'liền kề tại Đường Vân Trì', 'Mua bán Nhà biệt thự']","
Biệt thự nghỉ dưỡng Villa Avenue Vân Trì 1159m² view sân golf.- Chủ đầu tư: Công ty CP Noble Việt Nam.- Tên dự án: Villa Avenue Vân Trì.- Vị trí: Thôn Thọ Đa, xã Kim Nỗ, huyện Đông Anh (nằm trong quần thể sân Golf Vân Trì).- Loại hình: Biệt thự siêu sang.- Số Lượng giới hạn: 35 căn.- Diện tích: Từ 1100m² - 1300m².- Mật độ xây dựng: 30%.- Tiện ích nội khu:+ Sân Golf đẳng cấp 18 hố.+ An ninh 3 lớp tuyệt đối.+ Dịch vụ spa, gym, nhà hàng, cafe, cigar lounge.+ Trường học quốc tế Concordia.+ Nhà hướng Đông Bắc, Đông Nam, view trực diện sân golf và hồ.Liên hệ trực tiếp xem dự án
","Nhà biệt thự, liền kề",,,,,,,,,,,,,,,, 25/09/2023,23/10/2023,Bán,2062969,,,,,3
"
Bán Nhà Siêu Gần Phố Võ Chí Công – 50m2 – 5Tầng – 6.05 Tỷ
","
6,05
Tỷ ","
50
m2
","['Hà Nội', 'Quận Cầu Giấy', 'Mua bán Nhà riêng tại Đường Võ Chí Công']","
Bán nhà ngõ 45 Võ Chí Công, khu vực cực kỳ thuận tiện chỉ 5p đến nhiều địa điểm trung tâm của Hà Nội: Tây Hồ, Bưởi, Hoàng Quốc Việt. Nhà mới xây siêu đẹp, thiết kế siêu rộng, ngõ 3 gác cực RỘNG – THOÁNG - SẠCH – ĐẸP cực thuận tiện đi lại tới nhiều trường chợ, siêu thị, 3 gác đỗ cửa rộng thênh thang và chỉ 1 đoạn ngắn là ra mặt phố ô tô đỗ - DT 50m2 – 5 Tầng – mặt tiền thiết kế cực HIỆN ĐẠI bắt mắt 4m- Thiết kế tới 6 phòng ngủ với đầy đủ công năng cao cấp Khu vực vị trí nhà quá đẹp, thuận lợi và thiết kế hiện đại chỉ với 6.05 tỷ. Đến xem nhà sẽ muốn mua ngay vì khu vực này với tầm giá nhà đẹp rẻ như vậy sẽ hết rất nhanh nếu anh/chị chần chừ. Sổ đỏ luôn sẵn sàng. Liên hệ e Hoài để xem nhà ngay nhé - 0916.062.***
",Nhà riêng,Sổ đỏ,1.0,1.0,1.0,1.0,,,,,,1.0,1.0,1.0,1.0,, 25/09/2023,23/10/2023,Bán,2538027,,,,,
"
Nhà Mới Hoàn Thiện Ngõ Xuân La - Lô Góc 3 Thoáng - 45m2 - 7Tầng - 13.5Tỷ
","
13,5
Tỷ ","
45
m2
","['Hà Nội', 'Quận Tây Hồ', 'Mua bán Nhà riêng tại Đường Xuân La']","
Nhà mới hoàn thiện mới toanh toanh đẹp long lanh ngõ Xuân La, khu phố trung tâm của Tây Hồ, gần trường chợ, 1 phút ra mặt phố, vài phút ra Hồ Tây khu vực đầu rồng nổi tiếng Tây Hồ, ngõ ô tô tránh sạch - đẹp - rộng thênh thang, cây cối xanh mát từ đầu ngõ vào nhà, ngõ vào nhà đẹp lung linh như công viên. 13.5 tỷ căn nhà lô góc 3 mặt thoáng - thang máy vù vù - ô tô tránh rộng thênh thang - vỉa hè - để ở hoặc kinh doanh văn phòng công ty đều hợp lý. Lên ảnh không ăn ảnh chớ ở ngoài em nó đẹp - quá đẹp - đẹp không tì vết đến nỗi em phải check (kiểm tra lại) lại chủ nhà có nhầm giá bán không ấy. - DT 45m² - 7 tầng - mặt tiền rộng tuyệt đẹp 8m. - Thiết kế vô cùng hiện đại, nội thất ngoại nhập bền đẹp. Khu vực ô tô chạy quanh nhà, quá tiện lợi di chuyển sinh hoạt nếu để ở, quá thuận lợi để thu hút lượng khách lớn cho kinh doanh. Khu vực chia lô nên dân trí văn hóa cực cao, khu vực chủ yếu toàn cán bộ sinh sống, trong lành, văn minh, hiện đại, lịch sự. Vị trí cực thuận tiện cho khu văn phòng Ngoại Giao Đoàn. Sổ đỏ luôn sẵn sàng - liên hệ em Hoài để đi xem nhà ngay mới thấy hết được nhà quá rẻ cho 1 căn vị trí và hình thức đẹp mọi ngóc ngách.
",Nhà riêng,Sổ đỏ,1.0,1.0,1.0,,1.0,,1.0,1.0,,1.0,1.0,1.0,1.0,, 25/09/2023,23/10/2023,Bán,2538017,,,,,
"
Bán nhà riêng trung tâm Quận Đống Đa - Hà Nội
","
3
Tỷ ","
30
m2
","['Hà Nội', 'Mua bán Nhà riêng tại Quận Đống Đa']","
ĐỐNG ĐA - NHỎ XINH 5 TẦNG - NGÕ RỘNG THOÁNG - GẦN HỒ BA MẪU#lanba#dongda#DA226113Nằm trung tâm quận Đống Đa- Tầng 1: Khách, bếp, WC.- Tầng 2: Lửng (Có thể làm phòng khách).- Tầng 3,4: Mỗi tầng 1 ngủ + 1WC.- Tầng 5: 1 phòng ngủ, sân phơi.Sổ đỏ vuông vắn, nở hậu nhẹ.
",Nhà riêng,,1.0,1.0,1.0,1.0,1.0,1.0,1.0,1.0,1.0,1.0,1.0,1.0,1.0,1.0, 25/09/2023,23/10/2023,Bán,2537860,,,,,
"
Bán nhà Hồng Tiến, Long Biên 50m2 x 7 tầng x MT 4m. Giá 10.8 tỷ
","
10,8
Tỷ ","
50
m2
","['Hà Nội', 'Quận Long Biên', 'Mua bán Nhà riêng tại Phố Hồng Tiến']","
Bán nhà Hồng Tiến, Long Biên 50m2 x 7 tầng x MT 4m. Giá 10.8 tỷ  - Căn siêu phẩm , thang máy, gara ô tô , cách mặt phố 10m, nhà 7 tầng nội thất xịn sò, ngõ thông ô tô tránh. Tọa lạc vị trí đắc địa, sầm uất đường đôi rông thoáng, giao thông kết nối Nguyễn Văn Cừ, Bồ Đề, Cổ Linh, cầu Vĩnh Tuy, đường 5, cao tốc Hà Nội – Hải Phòng… Tận hưởng làn gió mát trong lành của Sông Hồng ban tặng, an sinh tuyệt vời. Thiết kế:-Tầng 1: Thang Máy ,Gara ô tô tách riêng biệt. -Tầng 2 + 3 + 4: mỗi tầng 1 phòng ngủ + 1 vệ sinh. -Tầng 5:  Phòng khách + Bếp- Tầng 6:  1 phòng thờ + sân phơi- Tầng 7: Tum+ Sổ đỏ đẹp sẵn sàng giao dịch 
",Nhà riêng,Sổ hồng,,,,,,,,,,,,,,, 25/09/2023,23/10/2023,Bán,2537836,,,,,
"
Bán gấp Căn Studio Sang Trọng Tại Vinhomes Smart City 1.3 tỷ - Nhanh Tay Kẻo Lỡ!
","
1,28
Tỷ ","
30
m2
",['Mua bán Căn hộ chung cư  Vinhomes Smart City'],"
Bán gấp  Căn Studio Sang Trọng Tại Vinhomes Smart City 1.3 tỷ - Nhanh Tay Kẻo Lỡ! $$$ giá: 1.3 tỷlh: 0963559***Bạn đang tìm kiếm một căn hộ studio tiện nghi, hiện đại, với view đẹp tại khu đô thị Vinhomes Smart City? Hãy để chúng tôi giới thiệu một cơ hội độc đáo - căn studio tại dự án Vinhomes Smart City sẽ đáp ứng mọi mong muốn của bạn!Vị trí hoàn hảo: Căn hộ studio này nằm tại một vị trí chiến lược trong khu đô thị Vinhomes Smart City, tại quận Nam Từ Liêm, Hà Nội. Với vị trí gần trung tâm và cách các trục đường lớn chỉ trong vài phút đi xe, bạn có thể dễ dàng di chuyển đến bất kỳ nơi nào trong thành phố.Tiện ích 5 sao: Vinhomes Smart City không chỉ là nơi để bạn sống, mà còn là nơi để bạn trải nghiệm cuộc sống tối ưu. Cư dân sẽ được trải nghiệm một loạt tiện ích 5 sao như hồ bơi, trung tâm thể dục, công viên, siêu thị, nhà hàng, trường học, bệnh viện và nhiều tiện ích khác nữa, đảm bảo cuộc sống của bạn luôn tiện nghi và đẳng cấp.Studio đẳng cấp: Căn hộ studio được thiết kế tối ưu để tận dụng tối đa diện tích, mang lại không gian sống thoải mái và tiện nghi. Với nội thất sang trọng và hiện đại, bạn sẽ có một môi trường sống đáng mơ ước.View đẹp: Căn hộ này có một view tuyệt đẹp, cho bạn cảm giác như đang sống giữa thiên nhiên. Thả mắt ra khỏi cửa sổ và thưởng thức khung cảnh xanh mát, bạn sẽ thấy mình như đang ở trong một khu resort tại khu đô thị hiện đại này.Giá cả hợp lý: Với mức giá cạnh tranh và nhiều ưu đãi hấp dẫn, căn hộ studio tại Vinhomes Smart City là một cơ hội đầu tư tuyệt vời hoặc là nơi bạn có thể bắt đầu cuộc sống mới.Liên hệ ngay: Không bao giờ có cơ hội tốt hơn để sở hữu căn hộ tại Vinhomes Smart City. Hãy liên hệ với chúng tôi ngay hôm nay để biết thêm chi tiết và xem căn hộ thực tế.
",Căn hộ,Sổ đỏ,1.0,1.0,1.0,1.0,1.0,1.0,1.0,1.0,1.0,1.0,1.0,1.0,1.0,1.0, 25/09/2023,23/10/2023,Bán,2537513,,,,,
"
Chính chủ bán nhà Phụng Châu Chương Mỹ lô góc mới xây thoáng mát, vị trí cực đẹp.
","
1,62
Tỷ ","
33
m2
","['Hà Nội', 'Huyện Chương Mỹ', 'Mua bán Nhà riêng tại Xã Phụng Châu']","
+ Diện tích: 32,6m². + Căn nhà 3 tầng, gồm 3 phòng ngủ, 3 vệ sinh, phòng thờ và sân phơi. + Thiết kế nội thất đầy đủ cơ bản, cao cấp. Chỉ việc xách vali về ở. + Vị trí căn nhà trong khu vực đông dân cư, buôn bán sầm uất, giao thông thuận tiện, trẻ nhỏ có thể đi bộ đến trường, gần chợ, ủy ban, trạm y tế chỉ bán kính 200m. + Sổ đỏ chính chủ, pháp lý chuẩn. + Giá: 1.62 tỷ Liên hệ Trinh 0979393***
",Nhà riêng,Sổ đỏ,,,1.0,,,,,,,,1.0,1.0,1.0,, 25/09/2023,23/10/2023,Bán,2537406,,,,,
"
Bán nhanh 3PN 2VS, 90m2, nhà có sổ đỏ, view thoáng tại GoldSeason 47 Nguyễn Tuân
","
4,35
Tỷ ","
90
m2
",['Mua bán Căn hộ chung cư  GoldSeason 47 Nguyễn Tuân'],"
Gia đình chuyển nhà xuống nhà mặt đất nên cần bán nhanh căn hộ tại chung cư GoldSeason 47 Nguyễn Tuân.- Thiết kế 3PN 2VS, thông thủy căn hộ 90m².- Hướng cửa ĐN ban công thoáng mát nhìn ra đường Nguyễn Tuân.- Sổ hồng đầy đủ, sở hữu vĩnh viễnCăn hộ ở vị trí đẹp, nội khu nhiều tiện ích siêu thị, trường học, phòng khám Hồng Ngọc, Bể bơi, Gym+Spa...Giá bán thiện chí và có ra lộc cho khách mua.Liên hệ xem nhà: 0338 662 ***
",Căn hộ,Sổ đỏ,,,,,,,,,,,,,,, 09/09/2023,04/11/2023,Bán,2506654,,,,,
