Title,Price,Area,Address,Gen_descrip,Loại hình,Số phòng ngủ,Tình trạng pháp lý,Đường vào,Mặt tiền,Số tầng,Nội thất,Ngày đăng,Ngày hết hạn,Loại tin,ID tin,Bình nóng lạnh,Máy hút mùi,Tủ bếp,Bàn ăn,Kệ TV,Tủ trang trí,Giường ngủ,Bàn phấn,Tủ quần áo,Vòi hoa sen,Bồn cầu,Bồn rửa mặt,Bàn ghế P.khách,Hướng nhà,Bồn tắm
"
Bán biệt thự và shophouse KĐT Starlake khu K3, K5, K7 mặt đường 24m, 30m - 172.5m2
","
77,6
Tỷ ","
173
m2
","['liền kề  Khu đô thị Tây Hồ Tây - Starlake Hà Nội', 'Mua bán Nhà biệt thự']","
Chính chủ gửi bán shophouse và biệt thự khu đô thị Starlake, vị trí đẹp, mặt đường lớn, lô góc.Bán biệt thự và shophouse KĐT Starlake giai đoạn mới khu K3, K5, K7 vị trí đẹp, mặt đường 24m, 30m, đường Nguyễn Văn Huyên.1 Biệt thự.- Biệt thự 214m2, 243m2 giá 290tr/m2. Xây dựng 3 tầng nổi, hoàn thiện mặt ngoài.- Biệt thự lô góc 230m2, 290m2 giá bán 315tr/m2. Xây dựng 3 tầng nổi, hoàn thiện mặt ngoài.- Biệt thự 286m2 giá bán 280tr/m2. Xây dựng 3 tầng nổi + 1 tầng hầm, hoàn thiện mặt ngoài.- Biệt thự lô góc 300m2, 320m2, 360m2, 400m2 giá bán 300tr/m2. Xây dựng 3 tầng nổi + 1 tầng hầm, hoàn thiện mặt ngoài.2 Shophouse.- Shophouse 150m2 giá bán 410tr/m2. Xây dựng 5 tầng, hoàn thiện mặt ngoài.- Shophouse lô góc 170m2, 180m2, 210m2, 250m2 giá bán 420tr/m2. Xây dựng 5 tầng, hoàn thiện mặt ngoài.Phân khu K3 đã bàn giao, phân khu K5, K7 đang triển khai xây dựng.- Liên hệ em Tuấn để được tư vấn và hỗ trợ xem nhà 24/7.
","Nhà biệt thự, liền kề",4,Sổ đỏ,175m,"5,5m",4,CDT, 24/09/2023,22/10/2023,Bán,1797493,,,,,,,,,,,,,,,
"
Bán nhà cấp 4, khoảng 15m2, có giấy tờ hợp pháp, giá 700tr có bớt, liên hệ Đắc
","
700
Triệu ","
15
m2
","['Hà Nội', 'Quận Thanh Xuân', 'Mua bán Nhà riêng tại Phố Hạ Đình']","
Khu nhà có vị trí thuận lợi như gần trường cấp 1,2 Hạ Đình, cách 1 nhà ra mặt đường, có sân để xe, phơi phóng, gần Hồ Hạ Đình thoáng mát, gần chợ.Nhà có 2 tầng, có 1 nhà bếp nhỏ, có nhà vệ sinh khép kín, giấy tờ hợp pháp, hướng nhà hợp phong thủyGiá bán căn nhà là 700tr có bớt, miễn trung gian
",Nhà riêng,,,,,,, 24/09/2023,22/10/2023,Bán,2535765,,,,,,,,,,,,,,,
"
Đẳng cấp Khu vườn Đào ! Tây Hồ, Căn Hộ chung cư cao cấp 98m2, 2 Phòng Ngủ. Full Nội Thất cao cấp.
","
4,45
Tỷ ","
98
m2
","['Hà Nội', 'Quận Tây Hồ', 'Mua bán Căn hộ chung cư tại Đường Lạc Long Quân']","
+ Chủ đầu tư: Công ty CP Lắp Máy Điện nước và Xây Dựng, tòa nhà cao 23 tầng, 2 tầng hầm, 4 tầng thương mại dịch vụ, sân vườn, 4 thang máy tốc độ cao, phí dịch vụ 3k/m2, có slot ô tô 800k/tháng, xe máy 80k/tháng.+ Tiện ích nội khu ngoại khu không thiếu thứ gì, từ siêu thị, bể bơi, nhà hàng, cafe, karaoke, gym, spa, khu đi bộ, khu vui chơi, chi nhánh ngân hàng, trung tâm thương mại,...cách Hồ Tây vài bước chân, thuận tiện di chuyển sân bay Nội Bài & Trung tâm Thành phố.+ Thiết kế nguyên bản CĐT 2 phòng ngủ,  full nội thất xịn tiền tỷ, dịch vụ rẻ, ngập tràn tiện ích xung quanh, cạnh Lotte Lạc Long Quân.+ Hướng cửa Đông Nam, Ban công Tây Bắc & Đông Bắc.+ Sổ đỏ chính chủ cất két, chủ thiện chí, sẵn sàng giao dịch.+ Liên hệ Mr Xuân 09416528***bđs nội đô.
",Căn hộ,,,,,,, 24/09/2023,19/11/2023,Bán,2535680,,,,,,,,,,,,,,,
"
Bán căn hộ 3 phòng ngủ 2VS Full đồ cực đẹp -Sổ đỏ chính chủ - Duy nhất 1 căn tại KĐT Xa La, Hà Đông
","
2,65
Tỷ ","
106
m2
",['Mua bán Căn hộ chung cư  Khu đô thị mới Xa La'],"
Nhà đẹp giá tốt! Duy nhất 1 căn 3 phòng ngủ tòa CT4 Xa La, full nội thất đẹp, sổ đỏ chính chủGia đình làm ăn được lộc nên chuyển xuống liền kề, nên gia đình có nhu cầu nhượng lại căn 3 ngủ tầng trung đẹp tại tòa CT4 - KĐT Xa La - Hà Đông, cho gia đình nào có nhu cầu.Chi tiết cụ thể như sau:- Diện tích: 106m².- Thiết kế: 3 ngủ, 2 vệ sinh, 1 khách, 1 ban công.- Hướng cửa: Tây Bắc, ban công Đông nam.- Nội thất để lại: Toàn bộ nội thất gia đình đã làm mới và sửa sang cẩn thận, trần thạch cao, sàn gỗ, bàn ghế sofa, điều hòa, nóng lạnh, giường, tủ quần áo, tủ bếp,... Khách mua chỉ cần mang theo đổ cá nhân về ở.- Pháp lý sổ đỏ chính chủ, sẵn sàng giao dịch.- Giá bán: 2, 65  tỷ - chấp nhận thương lượng.- Anh chị có nhu cầu mua nhà liên hệ SĐT hoặc zalo 0376 685 1***HOẶC 0949744***
",Căn hộ,,Sổ đỏ,,,,, 24/09/2023,22/10/2023,Bán,2480199,1.0,1.0,1.0,1.0,1.0,1.0,1.0,1.0,1.0,1.0,1.0,1.0,1.0,,
"
Bán căn hộ 3 ngủ - Sổ đỏ chính chủ tại Đại Thanh - Thanh Trì - Hà Nội giá 1.74 Tỷ
","
1,74
Tỷ ","
78
m2
","['Hà Nội', 'Huyện Thanh Trì', 'Mua bán Căn hộ chung cư tại Đường Phan Trọng Tuệ']","
Nhà có thêm thành viên mới, cần chuyển đổi lên căn hộ rộng hơn, vì vậy, chính chủ mình cần bán gấp căn hộ tòa ct10c tầng 16 chung cư đại thanh, Thông tin căn hộ như sau:- Diện tích: 78m².- Thiết kế căn hộ: 3PN 2WC.- Nội thất: Gia đình để lại bàn ghế, điều hòa, nóng lạnh, tủ bếp,...- Giá bán: 1,74 tỷ thương lượng mạnh- Sổ đỏ lâu dài sang tên ngay , hỗ trợ khách vay bankCăn hộ ở rất có lộc, nhà đẹp không thấm ẩm, xung quanh tòa nhà bạt ngàn tiện ích, các tuyến đường giao thông đi lại thuận lợi.Lh em Ngọc xem nhà trực tiếp: 03766851***hoặc 0949744***
",Căn hộ,,Sổ đỏ,,,,, 24/09/2023,22/10/2023,Bán,2473798,1.0,1.0,1.0,1.0,1.0,1.0,1.0,1.0,1.0,1.0,1.0,1.0,1.0,,
"
Chỉ 1,05 tỷ sở hữu ngay căn 61m 2PN tại tòa CT2 KĐT Xa La - Hà Đông
","
1,05
Tỷ ","
61
m2
",['Mua bán Căn hộ chung cư  Khu đô thị mới Xa La'],"
Gia đình làm ăn được lộc lá nên đã tìm mua được căn 3 phòng ngủ. Vì vậy muốn nhượng lại căn 2 phòng ngủ tại tòa CT2 KDT Xa La, Hà Đông cho gia đình nào có nhu cầu.- Diện tích căn hộ: 61m²- Thiết kế: 2 phòng ngủ, 1 nhà vệ sinh, 1 ban công thoải mái phơi đồ- Nội thất: Đầy đủ đồ cơ bản: sàn gỗ, điều hòa, nóng lạnh, tủ bếp,...- Giá 1.05 tỷ  có gia lộc thêm cho chủ mới về làm ăn lộc lá.Liên hệ em để xem nhà và tư vấn miễn phí Ms Ngọc SĐT 03766851***hoặc 0949744***
",Căn hộ,,,,,,, 24/09/2023,22/10/2023,Bán,2470577,1.0,,1.0,,1.0,,,,,1.0,1.0,1.0,,,
"
Còn duy nhất căn 36m2 - 1PN 1WC bán nhanh giá 670 triệu. LH 0376 685 ***
","
670
Triệu ","
36
m2
","['Hà Nội', 'Huyện Thanh Trì', 'Mua bán Căn hộ chung cư tại Đường Phan Trọng Tuệ']","
Chuyển đổi lên căn 2 phòng ngủ, chính chủ có nhu cầu bán nhanh căn hộ 36m vuông tại tòa CT10, chung cư Đại Thanh, Thanh Trì.- Diện tích: 36m (Thiết kế 1 phòng ngủ, 1 vệ sinh).- Nội thất: Sàn gỗ, giường, tủ, điều hòa, nóng lạnh, tủ bếp,..- Giá bán: 670 triệu (khách thiện chí có gia lộc mạnh).- Vị trí tầng trung, thuận tiện đi lại.Liên hệ xem nhà SĐT/Zalo 0376 685 1***hoặc 0949 744 682***Chị Ngọc
",Căn hộ,,,,,,, 24/09/2023,22/10/2023,Bán,2504907,1.0,1.0,1.0,,1.0,,1.0,,1.0,1.0,1.0,1.0,1.0,,
"
Bán nhà Tôn Đức Thắng 30m2x4 tầng ở luôn 2.5 tỷ
","
2,4 - 2,5
Tỷ ","
30
m2
","['Hà Nội', 'Quận Đống Đa', 'Mua bán Nhà riêng tại Phố Tôn Đức Thắng']","
  Vị trí nhà đi phố Tôn Đức Thắng , phố kết nối trục chính giao thông ba quận Đống Đa, Hoàn Kiếm , Ba Đình. Nhà gần Văn Miếu Quốc Tử Giám  chạy thẳng Ô Chợ Dừa, Xã Đàn, Khâm ThiênDT 30m2 xây từ tầng 1, thiết kế hợp lý , ngõ nông rộng vài bước chân ra phố.Gần ga Cát Linh Hà Đông, xung quanh trường phổ thông các cấp  Tô Vĩnh Diện, PTTH Đống Đa, bệnh viện Xanh Pôn, Tràng An. 5 phút lên phố cổ, Hồ Hoàn Kiếm  Khu dân cư hài hòa, chủ thiện chí bán  LH: Ms Phương Đông 0988899***(Tư vấn chuyên nghiệp và tin cậy).
",Nhà riêng,,,,,,, 24/09/2023,22/10/2023,Bán,2434403,,,,,,,,,,,,,,,
"
Nhà đẹp ô tô phố Nguyên Hồng 50mx2 ngủ 1 tỷ 68
","
1,6 - 1,68
Tỷ ","
50
m2
","['Hà Nội', 'Quận Ba Đình', 'Mua bán Nhà riêng tại Đường Nguyên Hồng']","
  Chủ cần bán căn tập thể Thành Công đi phố Nguyên Hồng hay La Thành, đều được. Thuộc quận Ba Đình giáp ranh quận Đống Đa, trung tâm, sầm uất và giao thông thuận tiện - ô tô đỗ cửa.Diện tích 50m²:- Nhà thiết kế 2 phòng ngủ + 1 wc + bếp...- Nhà đã sửa sang sạch sẽ, khách về ở luôn + nội thất cơ bản.- Khu vực dân trí cao, an ninh tốt, hàng xóm thân thiện...+ Sổ đỏ đẹp, chủ thiện chí bán giao dịch nhanh.Lh Phương Đông 0988899***(Tư vấn chuyên nghiệp và tin cậy ).
",Nhà riêng,,,,,,, 24/09/2023,22/10/2023,Bán,2535495,,,,,,,,,,,,,,,
"
Bán căn hộ Home City Cầu Giấy - Hà Nội giá 4.10 Tỷ
","
4,1
Tỷ ","
71,4
m2
",['Mua bán Căn hộ chung cư  Home City'],"
Chính chủ cần bán căn hộ 2 ngủ 2 vs căn đẹp, đầy đủ nội thất. Vị trí siêu đẹp, xung quanh đầy đủ tiện ích. Giá bán 4.1 tỷ có thuongw lượng.
",Căn hộ,,Sổ đỏ,,,,, 24/09/2023,22/10/2023,Bán,2535463,1.0,1.0,1.0,1.0,1.0,1.0,1.0,,1.0,1.0,1.0,1.0,1.0,Tây-Bắc,1.0
"
HOT ! Trung Tâm Thanh Xuân – Ngõ Ba Gác Vô Vàn Tiện Ích – 44M2 chỉ 4.2 Tỷ
","
4,2
Tỷ ","
44
m2
","['Hà Nội', 'Quận Thanh Xuân', 'Mua bán Đất tại Đường Nguyễn Trãi']","
- Nhà xác định bán đất ko có gì nhiều để mô tả.- Xung quanh tiện ích đầy đủ, trường, chợ, bệnh viện, siêu thị, TTTM, Royal City ... - Sổ đỏ chính chủ vuông vắn nở hậu nhẹ nhàng.Xem nhà miễn phí, hỗ trợ thủ tục pháp lý từ A-Z
",Đất,,Sổ đỏ,,,,, 24/09/2023,22/10/2023,Bán,2535201,,,,,,,,,,,,,,,
"
Siêu Phẩm Hoàng Mai – Ngâp Tràn Tiện Ích – 40M2 chỉ 4.3 Tỷ
","
4,3
Tỷ ","
40
m2
","['Hà Nội', 'Quận Hoàng Mai', 'Mua bán Nhà riêng tại Đường Tam Trinh']","
+ Nhà ở đầu đường Tam Trinh, gần cầu Mai Đông, 1 bước sang Time City. Vị trí cực đẹp, trước nhà rộng thoáng xe sh quay đầu thoải mái, nhà cách mặt phố chỉ 50m.+ Nhà cực đẹp, thiết kế mỗi tầng 2 phòng tổng cả nhà có 5 phòng ngủ, nhà 3 mặt thoáng phòng nào cũng có cửa sổ đầy đủ. + Sổ đỏ hoa hậu vuông vắn như tờ A4. Xem nhà miễn phí, hỗ trợ thủ tục pháp lý từ A-Z 
",Nhà riêng,,Sổ đỏ,,,,, 24/09/2023,22/10/2023,Bán,2535185,1.0,1.0,1.0,1.0,1.0,1.0,1.0,1.0,1.0,1.0,1.0,1.0,1.0,,1.0
"
Nhà Mới Coong – Trung tâm Hai Bà – Mặt Tiền 4M chỉ 3.9 Tỷ
","
3,9
Tỷ ","
33
m2
","['Hà Nội', 'Quận Hai Bà Trưng', 'Mua bán Nhà riêng tại Đường Minh Khai']","
+ Thông ngõ Gốc Đề to như phố, ngách 254/101 thông 296 Minh Khai, Mai Động, lưu lượng đông đúc, khu vực dân trí cao+ Trước nhà rộng, xe ba gác quay đầu ra vào, kinh doanh đỉnh.+ Tiện ích bạt ngàn, Xung quanh gần chợ, trường học, TTTM …+ Đi một bước lên phố cổ, đi đâu cũng tiện + Nhà 4 tầng chắc chắn mới- T1: Phòng khách + bếp +wc - T2.3.4: Mỗi tầng 1 phòng + wc- Tầng 4: Ngủ, phòng thờ, sân phơi.+ Sổ đỏ chính chủ vuông vắn Xem nhà miễn phí, hỗ trợ thủ tục pháp lý từ A-Z
",Nhà riêng,,Sổ đỏ,,,,, 24/09/2023,22/10/2023,Bán,2535162,,,,,,,,,,,,,,,
"
FLC 36 FLC Phạm Hùng. Căn góc 4 ngủ 2 vệ sinh 132m2, Nội thất sang xịn mịn, ban công Đông Nam.
","
Thỏa thuận
","
132
m2
",['Mua bán Căn hộ chung cư  FLC Complex'],"
💎💎💎 Siêu Phẩm Độc Bản 💎💎💎 Duy nhất trên thị trường.Căn hộ tại FLC 36 Phạm Hùng, Căn góc SANG XỊN MỊN.- Diện tích 131m2 với 4 phòng ngủ, 1 phòng kho, 2 vệ sinh, phòng khách, bếp… toàn bộ các phòng đều có ánh sáng nhập tràn.- Ban công Đông Nam, view siêu phẩm hướng trọn công viên Hồ điều hòa sky lake. - Toàn bộ nội thất đập hộp mới tinh, cao cấp, tối ưu công năng theo phong cách bán Tân cổ điển kết hợp Neo classic style. - Giá yêu thương: 5.6 Tỷ 🍀 Liên hệ: 0338662***
",Căn hộ,,Sổ đỏ,,,,, 24/09/2023,22/10/2023,Bán,2535150,1.0,1.0,1.0,1.0,1.0,1.0,1.0,1.0,1.0,1.0,1.0,1.0,1.0,Tây-Bắc,1.0
"
Chinh Chủ Bán nhà Đội Cấn Ba Đình 70m 5 tỷ 99, 0912322***,
","
5
Tỷ ","
70
m2
","['Hà Nội', 'Quận Ba Đình', 'Mua bán Nhà riêng tại Đường Đội Cấn']","
CHÍNH CHỦ Bán nhà Đội Cấn Ba Đình 70m 5 tỷ 99, 0912322***,CHÍNH CHỦ Bán nhà Đội Cấn Ba Đình 70m 5 tỷ 99, 0912322***, CHÍNH CHỦ Bán nhà Đội Cấn Ba Đình 70m 5 tỷ 99, 0912322***, CHÍNH CHỦ Bán nhà Đội Cấn Ba Đình 70m 5 tỷ 99, 0912322***, CHÍNH CHỦ Bán nhà Đội Cấn Ba Đình 70m 5 tỷ 99, 0912322***, CHÍNH CHỦ Bán nhà Đội Cấn Ba Đình 70m 5 tỷ 99, 0912322***, CHÍNH CHỦ Bán nhà Đội Cấn Ba Đình 70m 5 tỷ 99, 0912322***, 
",Nhà riêng,,,,,,, 24/09/2023,22/10/2023,Bán,2534963,1.0,1.0,1.0,1.0,1.0,1.0,1.0,1.0,1.0,1.0,1.0,1.0,1.0,,1.0
"
Hoàng Thành Pearl Kiến Tạo Cuộc Sống Vẹn Tròn Đẳng Cấp Trong Mỗi Gia Đình Việt
","
4,2
Tỷ ","
89
m2
",['Mua bán Căn hộ chung cư  Hoàng Thành Pearl'],"
Hoàng Thành Pearl Kiến Tạo Cuộc Sống Vẹn Tròn Đẳng Cấp Trong Mỗi Gia Đình ViệtLà một trong những điểm sáng dự án căn hộ cao cấp nổi bật nhất cửa ngõ phía Tây thủ đô, Hoàng Thành Pearl gây được tiếng vang ngay từ khi ra mắt với chuỗi tiện ích đẳng cấp 5 sao độc đáo:1. Công viên trung tâm NGOC TRAI TỎA SÁNG (Pearl Shining Park)2. Sảnh áng sáng NGỌC TRAI ĐA SẮC (Multicolored Pearls)3. Sân khấu trung tâm4. Đường dạo bộ5. Lối đi massage chân 6. Khu thể dục ngoài trời 7. Khu vui chơi trẻ em8. Bãi cỏ giã ngoại9. Khu bbq10. Phòng sinh hoạt cộng đồng11. Phòng thư viện đọc sách12. Sảnh lounge sang trọng đón khách 13. Nhà trẻ14. Trung tâm gym và fitness15. Khu bán lẻ cà các dịch vụ tiện ích tại 2 tầng khối đế và 3 block shophouse thuộc dự án như: siêu thị, nhà hàng, café, spa, hair salon....16. ATM 24/717. Hệ thống an ninh 24/24 đa lớp với công nghệ quản lý hiện đại18. Dịch vụ quản lý vận hành tòa nhà chuyên nghiệp theo tiêu chuẩn quốc tếKhông chỉ dừng lại ở tiện ích đẳng cấp độc đáo, Hoàng Thành Pearl còn mang đến căn hộ đề cao tính kết nối gia đình, tối ưu chuẩn mực sống cân bằng với những điểm nhấn thiết kế đắt giá.Với triết lý “Khách hàng là trọng tâm”, Hoàng Thành Pearl khi hoàn thành sẽ trở thành chốn an cư lý tưởng phía Tây Hà Nội.-----------------------------------------------------Hoàng Thành Pearl - Đẳng Cấp Đến Từ Những Những Tiện Ích Vượt TrộiĐXMB phân phối độc quyền dự án
",Căn hộ,,Sổ hồng,,,,, 23/09/2023,21/10/2023,Bán,2534794,1.0,1.0,1.0,1.0,1.0,1.0,1.0,1.0,1.0,1.0,1.0,1.0,1.0,Tây-Nam,1.0
"
Hoàng Thành Pearl - Mở bán quỹ căn hộ đẹp cuối cùng tại dự án - Giá bán từ 50 triệu/m2 ,
","
5,5
Tỷ ","
108
m2
",['Mua bán Căn hộ chung cư  Hoàng Thành Pearl'],"
HOÀNG THÀNH PEARL “VIÊN NGỌC TRAI” QUÝ GIÁ GIỮA LÒNG HÀ NỘI  Tòa tháp Hoàng Thành Pearl phiên bản giới hạn đã gây “sốt” thị trường chung cư Hà Nội bởi sức hút đến những giá trị hiện tại và tinh hoa tương lai. Vị trí đắc địa, liên kết vùng hoàn hảo: nằm ngay cửa ngõ phía Tây Thủ đô, tiệm cận mạng lưới hạ tầng giao thông tỏa đi bốn phương. Đa dạng tiện ích nội khu, bao phủ mọi nhu cầu cuộc sống như khu vui chơi, phòng tập, thư viện, nổi trội nhất là công viên ngọc trai tỏa sáng, sân khấu trung tâm... Tiệm cận đầy đủ tiện ích ngoại khu: bệnh viện, trường học các cấp, bến xe, đường sắt...---------- Mật độ xây dựng: 29,7% Diện tích căn hộ thiết kế 2 và 3 phòng ngủ. với 12 căn hộ trên một mặt sàn với 6 thang máy:- 2PN: Diện tích 79 - 81m2,- 3PN: Diện tích 108 - 112m2 100% các Phòng ngủ và phòng khách đều đón ánh sáng trực tiếp tự nhiên Hình thức sở hữu: Lâu dài Hoàn thành : Dự kiến quý I/2024 Đơn vị phân phối độc quyền: Đất Xanh Miền Bắc Tư vấn, tham quan căn hộ, dự án Hoàng Thành Pearl   
",Căn hộ,,Sổ hồng,,,,, 23/09/2023,21/10/2023,Bán,2534792,,,,,,,,,,,,,,Tây-Nam,
"
Chính chủ Bán đất Mê Linh hot nhất thị trường
","
1,3
Tỷ ","
41,2
m2
","['Hà Nội', 'Huyện Mê Linh', 'Mua bán Đất tại Thị trấn Quang Minh']","
🔔🔔🔔Bán đất trục bìa dự án 💞💞💞✈ Vị trí : Tổ 9, tt Quang Minh, Mê Linh, HN☑️ Đất full thổ cư: 41,2m2☑️ Đất mặt tiền 4m hướng bắc “ Đông tứ mệnh”☑️ chiều dài lý tưởng 10,28m☑️ Đường trước đất rộng 7m ô tô chánh nhau  👉View đẹp thoáng mát Vượng khí sinh lộc. Đầu tư sinh lời tốt nhìn là mêChi tiết liên hệ inbox trực tiếp
",Đất,,Sổ đỏ,,,,, 04/09/2023,30/10/2023,Bán,2497280,,,,,,,,,,,,,,Bắc,
