Title,Price,Area,Address,Gen_descrip,Loại hình,Số phòng ngủ,Ngày đăng,Ngày hết hạn,Loại tin,ID tin
"
Cần bán gấp nhà đẹp 5 tầng, 33 m2 tại Đường Bùi Xương Trạch - Thanh Xuân, giá 3.85 tỷ
","
3,85
Tỷ ","
33
m2
","['Hà Nội', 'Quận Thanh Xuân', 'Mua bán Nhà riêng tại Đường Bùi Xương Trạch']","
 Nở hậu - đẹp mới lung linh - nội  thất  đầy  đủ tặng lại - tầm tiền siêu nhiều khách.+ Vị trí đẹp, rất đẹp, ngõ to, rộng thoáng sáng, gần oto đỗ ngày đêm ở ngách 1.46 (nhà văn hoá, khu vui chơi, để oto). Gần nhiều trường học, BV, hồ Đầm hồng, trung tâm hành chính, thương mại. Giao thông thuận tiện, an  sinh  xã  hội đỉnh.Sân chung rộng thoáng đến xe thoải mái, khách đến chơi nhà không lo thiếu chỗ để.+ Nhà 5 tầng nở hậu, đẹp lung linh, chắc chắn, kiên cố, thiết kế hợp lý, hiện đại, bắt mắt, thoáng sáng, hướng Nam mát mẻ ai ai cũng ở đc. nội  thất  đầy  đủ, 4 điều hoà, bình  nóng  lạnh các tầng xịn tặng lại, khách về ở luôn.Cụ thể:- Tầng 1:  p.khách,  toilet.- Tầng 2: khu  vực  bếp rộng. Khách thích thì làm PN nếu muốn. Chuyển bếp xuống tầng 1.- Tầng 3, 4: Mỗi tầng 1 PN,  toilet.- Tầng 5: Phòng rộng làm PN hoặc phòng thờ tuỳ theo nhu cầu của khách, chỗ giặt, sân phơi. 
",Nhà riêng,1, 21/11/2023,19/12/2023,Bán,2642632
"
Cần bán căn nhà riêng 5 tầng, 60 m2 tại Phố Vũ Tông Phan - Khương Đình - Thanh Xuân, giá 4.85 tỷ
","
4,85
Tỷ ","
60
m2
","['Hà Nội', 'Quận Thanh Xuân', 'Mua bán Nhà riêng tại Phố Vũ Tông Phan']","
 Vị trí đẹp - 10m ô  tô tránh dừng đỗ ngày đêm - 60 mét  vuông x 5 tầng full công năng - Vũ Tông Phan - chỉ 4 tỉ 85.Vị trí tuyệt vời nằm trên con ngõ ô  tô thông, gần mặt phố Vũ Tông Phan, gần nhiều trường  DH và tiện ích.Nhà xây 5 tầng full công năng hiện đang cho thuê kín phòng.Sổ chính chủ sang tên ngay.LH em Học 0855 957 *** để đc tư vấn tận tình ạ. 
",Nhà riêng,, 21/11/2023,19/12/2023,Bán,2642631
"
Cần bán ngay nhà sổ riêng 4 tầng, 32 m2, mặt tiền 4m, hướng Nam tại Hoài Đức, giá 2.55 tỷ
","
2,55
Tỷ ","
32
m2
","['Hà Nội', 'Huyện Hoài Đức', 'Mua bán Nhà riêng tại Xã Vân Canh']","
 Cần bán  nhanh nhà 4 tầng tại Vân Canh giá 2.55 tỉ, Đông  Nam.Thông tin.DT: 32 mét  vuông.Hướng: Nam.MT: 4.2m.Đường trước nhà: 5m.Số tầng: 4 tầng.Vị trí:Cách bãi oto: 150m.Cách đại  học Công Nghiệp: 1.5 kilomet.Cách CĐ FPT 1.5 kilomet.pháp  lí: bìa  đỏ chính chủ, cam kết không tranh chấp, quy hoạch.liên  lạc e Minh 0977 560 *** để biết thêm chi tiết. 
",Nhà riêng,4, 21/11/2023,19/12/2023,Bán,2642629
"
Bán nhanh nhà sổ riêng 3 tầng, 45 m2 tại Phố Phùng Chí Kiên - Nghĩa Đô - Cầu Giấy, giá 9.7 tỷ
","
9,7
Tỷ ","
45
m2
","['Hà Nội', 'Quận Cầu Giấy', 'Mua bán Nhà riêng tại Phố Phùng Chí Kiên']","
 - Bán nhà Phùng Chí Kiên, Cầu giấy, phân lô oto tránh, 2 mặt thoáng, 45m2, MT 5.1m, 9.x tỉ- Thuộc khu phân lô quân đội,ngõ thông Hoàng Quốc Việt, Nguyễn Khánh Toàn, gần Tô Hiệu, Nghĩa Đô, Bưởi, Quan Hoa.- Gần ĐH Thủ Đô, trường  Tiểu  học-2 FPT, cao ốc 789 bộ quốc phòng, bảo tang dân tộc học Việt Nam.- Nhà 2 ngủ nội  thất  đầy  đủ- bìa  đỏ chính chủ, pháp  lí sạch giá nhỉnh 9 tỉCám ơn a/c đã quan tâm đến bài viếtCần xem nhà free call  ngay anh Trung : 0983 836 *** 
",Nhà riêng,2, 21/11/2023,19/12/2023,Bán,2642628
"
Cần bán ngay căn Dreamland Bonanza, 2 phòng ngủ, 73 m2, giá 3.49 tỷ tại Nam Từ Liêm - Hà Nội
","
3,49
Tỷ ","
73
m2
",['Mua bán Căn hộ chung cư  Dreamland Bonanza'],"
 Bán cắt lỗ chung  cư tại dự án Dreamland Bonanza - 23 Duy Tân.- DT 73m2, Thiết kế 2 ngủ + 2 vệ sinh.- Full đồ về ở ngay đc.- bìa  đỏ chính chủ.- giá mong muốn: 3.49 tỉ.+ liên  hệ  ngay xem nhà: 0988 263 *** 
",Căn hộ,2, 21/11/2023,19/12/2023,Bán,2642595
"
Sở hữu chung cư 2 phòng ngủ, 75 m2, giá 2.9 tỷ tại Đường Hàm Nghi - Dịch Vọng - Cầu Giấy - Hà Nội
","
2,9
Tỷ ","
75
m2
","['Hà Nội', 'Quận Cầu Giấy', 'Mua bán Căn hộ chung cư tại Đường Hàm Nghi']","
 Căn căn  hộ  chung  cư mặt phố Hàm Nghi - Lê Đức ThọCách bến xe Mỹ Đình 1 kilomet giao thông thuận tiệnCăn 75m thiết kế 2 ngủ nhà đầy  đủ  nội  thất mới ở ngay Sổ cất két giao dịch ngayliên  hệ: 0969 366 *** em xem nhà 
",Căn hộ,2, 21/11/2023,19/12/2023,Bán,2642594
"
Cần bán căn chung cư 40 m2, giá 1.23 tỷ tại Phường Minh Khai - Hai Bà Trưng - Hà Nội
","
1,23
Tỷ ","
40
m2
","['Hà Nội', 'Quận Hai Bà Trưng', 'Mua bán Căn hộ chung cư tại Phường Minh Khai']","
 1,23 tỉ - BÁN TẬP THỂ 242 MINH KHAI - oto ĐỖ - SÁT PHỐ 40M2+ diện  tích  sử  dụng: 40 mét  vuông / khách / ngủ / vệ sinh / ban công+ Nhà đẹp, tài chính thấp, ở ngay+ Vị trí: Gần phố, chợ, oto đỗ, tiện ích nhiều, giao thông thuận tiện+ Thông các phố: Tam Trinh, Kim Ngưu, Đại La Bạch Mai...+ Sổ chính chủgọi  ngay: 0976 661 *** 
",Căn hộ,, 21/11/2023,19/12/2023,Bán,2642567
"
Bán gấp căn 3 phòng ngủ, 100 m2, hướng Tây - Bắc, giá rẻ tại Quận Hà Đông - Hà Nội
","
Thỏa thuận
","
100
m2
","['Hà Nội', 'Mua bán Căn hộ chung cư tại Quận Hà Đông']","
 Quĩ chung  cư cuối cùng dự án CT4 Yên Nghĩa- đủ loại DT 67 - 77 - 89 - 100m2- Giá 2xtr/ mét  vuông kí HĐ trực tiếp CĐT Quĩ căn của cán bộ sang  nhượng - giá  cả  thỏa  thuận 
",Căn hộ,3, 21/11/2023,19/12/2023,Bán,2642563
"
Bán nhanh chung cư The Zurich, 2 phòng ngủ, 89 m2, giá 4.5 tỷ tại Huyện Gia Lâm - Hà Nội
","
4,5
Tỷ ","
89
m2
",['Mua bán Căn hộ chung cư  The Zurich'],"
 Gia đình tôi cần bán  nhanh căn  hộ  chung  cư The Zurich 3 ngủ + 2 toilet tại Ocean Park Gia Lâm.DT 89m2 cho a/c nào có  thiện  chí.Căn này gia đình tôi mua từ đợt chủ  đầu  tư mới ra hàng. Giá hiện tại trục căn này tại bảng hàng chủ  đầu  tư là hơn 5 tỉ, tôi nhượng lại giá 4,1 tỉ.- Ban công hướng ĐN mát.- 3 mặt view rất thoáng, view biển hồ, công viên, toàn cảnh Ocean Park.free bể bơi trong nhà + fitness + khu giải trí + thư viện và 24 tiện ích đặc biệt.Đặc biệt: free dịch vụ, có slot gửi xe ô  tô dưới hầm. căn  hộ  chung  cư 3 PN view công viên san hô - Hỗ trợ thủ tục vay NH, đảm bảo giải ngân đc.- Tiện ích: Thuộc tòa nhiều tiện ích nhất: Spa, fitness, bể bơi vô cực 5* tầng thượng, trường học, sân tennis, bóng rổ, khu thiền,...- Nội thất: Bàn giao nội thất full mới 100 phần  trăm của chủ  đầu  tư.- giá: 4,5 tỉ (bao tất cả thuế phí).liên  lạc để gặp chính chủ:chị Phương Anh: 0901 766 *** 
",Căn hộ,2, 21/11/2023,19/12/2023,Bán,2642539
"
Bán gấp căn hộ Vinhomes Ocean Park, 1 phòng ngủ, giá 1.68 tỷ tại Huyện Gia Lâm - Hà Nội
","
1,68
Tỷ ","
--
",['Mua bán Căn hộ chung cư  Vinhomes Ocean Park'],"
 Thông tin chi tiết như sau:- chung  cư thuộc toà S2.180809 - khu  đô  thị vin Ocean Park - Gia Lâm - thành  phố  Hà  Nội.- Tổng DT: 46.3 m.- Thiết kế: 1 PN, pk + bếp, 1 phòng đa năng, 1 toilet.- Hướng: hướng  Đông  Nam, view hồ 24.5 ha và ĐH Vinuni.- Nội thất: Đầy đủ, đồ nội thất đẹp.- giá: 1.68 tỉ, bao phí sang tên. (Cho thuê thấp nhất 7tr/tháng)liên  hệ  ngay: Hoài Thương - bất  động  sản Nhà Mới.số  điện  thoại: 0984 422 *** 
",Căn hộ,1, 21/11/2023,19/12/2023,Bán,2642538
"
Cần bán nhanh chung cư The Sakura , 3 phòng ngủ, 89 m2, giá 3.15 tỷ tại Quận Nam Từ Liêm - Hà Nội
","
3,15
Tỷ ","
89
m2
",['Mua bán Căn hộ chung cư  The Sakura'],"
 Dành cho a/c KH nhu cầu mua căn  hộ  chung  cư 3 ngủ 89 mét  vuông đẹp rẻ nhất vin Smart City.- Cam kết rẻ nhất chỉ từ 3,15 tỉ.- CK đến 20 phần  trăm giá  trị  căn  hộ.- View nội khu Sakura đẹp nhất vin Smart City.liên  hệ  ngay: 0986 215 *** Zalo (em Huyền).Em Huyền giới thiệu tới a/c căn  hộ  chung  cư 3 phòng  ngủ 2VS ký trực tiếp chủ  đầu  tư vin. a/c KH có thể TT nhận nhà ở ngay.Thông tin căn  hộ  chung  cư:- căn  hộ  chung  cư 3  phòng  ngủ DT TT 89 mét  vuông. View nội khu công viên Nhật Bản siêu đẹp.- Nhận nhà ở luôn.- Bàn giao nội thất cơ bản liền tường.- Quản lý vận hành chuyên nghiệp trực tiếp chủ  đầu  tư vin.- TT nhận nhà giá nhỉnh 3,15 tỉ.- Hỗ trợ vay NH 70 phần  trăm giá trị căn  hộ  chung  cư.a/c KH có nhu cầu alo cho em Huyền: 0986 215 *** để nhận tư vấn và chốt căn ạ. 
",Căn hộ,3, 21/11/2023,19/12/2023,Bán,2642537
"
Cần bán gấp bán nhanh chung cư 105 m2, giá 2.48 tỷ tại Phố Trần Đại Nghĩa - Hai Bà Trưng - Hà Nội
","
2,48
Tỷ ","
105
m2
","['Hà Nội', 'Quận Hai Bà Trưng', 'Mua bán Căn hộ chung cư tại Phố Trần Đại Nghĩa']","
 căn  hộ  chung  cư nằm ngay tầng 2 của khu tập thể phố Trần Đại Nghĩa cạnh trường  DH Kinh Tế Quốc Dân, oto đỗ chân tòa, dân trí cực cao.DT rộng 105m, thiết kế 3 ngủ, 2 nhà  vệ  sinh, khách bếp, nhà mới đẹp nội  thất  đầy  đủ, khách chỉ việc xách va  li về ở ngay hoăc cho thuê hốt bạc.bìa  đỏ đẹp - sẵn sàng giao dịch.Giá: 2 tỉ 48 ( thỏa  thuận mạnh)contact em Kim Anh chuyên nhà đẹp giá  siêu  mềm Q. Hai Bà Trưng. 
",Căn hộ,, 21/11/2023,19/12/2023,Bán,2642536
"
Cần bán nhanh căn hộ Roman Plaza, 3 phòng ngủ, 103 m2, giá 5.2 tỷ tại Nam Từ Liêm - Hà Nội
","
5,2
Tỷ ","
103
m2
",['Mua bán Căn hộ chung cư  Roman Plaza'],"
 Quỹ căn toà Roman Plaza tháng 11/2023.- Căn 2 ngủ 2 vệ sinh 78 mét  vuông ban công hướng  Đông  Nam giá 3,7 tỉ.- Căn 3 ngủ 2 vệ sinh 103 mét  vuông ban công hướng  Đông  Nam giá 5,2 tỉ (nhà đã sửa đẹp, thay toàn bộ đồ CĐT, làm hệ thống điều hoà âm trần cả nhà, có hệ thống lọc nước toàn bộ nhà).- Căn 3 ngủ 3 vệ sinh 124 mét  vuông ban công hướng  Đông  Bắc giá 5,4 tỉ.- Căn 4 ngủ 3 vệ sinh 136 mét  vuông ban công hướng  Tây  Nam giá 6,3 tỉ.- căn  duplex  thông  tầng 180 - 190 - 200 mét  vuông nhà nội  thất  đầy  đủ cao cấp giá từ 12 tỉ.Các căn trên đều đã có SHR sở hữu lâu dài, hỗ trợ khách vay NH, sổ đều cất sẵn trong nhà, khách đi xem nhà ưng có thể xem sổ đàm phán giá luôn.LH BQL dự án: 0949 905 *** để đi xem nhà thực tế. 
",Căn hộ,3, 21/11/2023,19/12/2023,Bán,2642535
"
Chuyển nhượng căn chung cư 3 phòng ngủ, 106 m2, giá 3.5 tỷ tại Phường Văn Quán - Hà Đông - Hà Nội
","
3,5
Tỷ ","
106
m2
","['Hà Nội', 'Quận Hà Đông', 'Mua bán Căn hộ chung cư tại Phường Văn Quán']","
 căn  hộ  chung  cư NÀNG HƯƠNG LÀ sp TÂM HUYẾT VÀ đc  coi  là căn  hộ ĐÁNG SỐNG BẬC NHẤT HÀ ĐÔNG - DT 106 M- GIÁ : 3.5 tỉ  Vị trí:- căn  hộ  chung  cư CT1 Nàng Hương toạ lạc tại vị trí đắc địa tại 583 Nguyễn Trãi sát Q. Thanh Xuân và đc CĐT xây dựng hệ thống tiện ích đồng bộ, đầy đủ như:+ Nhà sinh hoạt công cộng có DT lớn giúp dân  cư trao đổi, sinh hoạt, giao lưu.+ nhà  giữ  trẻ thiết kế hiện đại theo tiêu chuẩn KDC cao cấp.+ Vườn hoa và sân thể thao đc quy hoạch với DT lớn 620m.+ Hệ thống đèn, chiếu sáng đc lắp đặt phù hợp với các công trình khác nhau. Thiết kế:- Tòa nhà xây dựng thiết kế 17 tầng, 1 tầng hầm, 3 tầng TMDV văn phòng, 3 thang máy tốc độ cao, 1 thang bộ, 8 căn 1 sàn - phí  DV 4k/m, 1,2tr/tháng slot oto, xe máy 60k.- Thiết kế hiện đại thông minh, tối ưu với DT 106m, 3 PN, 2  nhà  vệ  sinh, ban công, nội  thất  đầy  đủ, đầy đủ công năng.- Nhà cửa vào hướng  Tây  Nam, ban công hướng  Đông  Bắc, pk rộng, có ban công thoáng phòng nào cũng có ánh sáng chan hòa.pháp  lí: bìa  đỏ chính chủ, chờ tìm chủ mớiNgọc thắm 0947 798 *** thỏa  thuận trực tiếp với chính chủ 
",Căn hộ,3, 21/11/2023,19/12/2023,Bán,2642533
"
Bán nhanh căn hộ chung cư Anland Complex, 2 phòng ngủ, 54 m2, giá 2.55 tỷ tại Quận Hà Đông
","
2,55
Tỷ ","
54
m2
",['Mua bán Căn hộ chung cư  Anland Complex'],"
 Chính chủ em cần bán căn 2 phòng  ngủ 1VS 54 mét  vuông, toà Anlandchung  cư tầng trung.Em để lại toàn bộ nội thất khách chỉ việc mang quần áo về ở. p.khách: ghế  sofa, bàn trà, kệ TV, điều hòa.khu  vực  bếp: Toàn bộ hệ thống bếp đang có.2  phòng  ngủ đầy đủ giường  ngủ, tủ quần áo, bàn học, bàn phấn.Tất cả đồ còn mới sử dụng tốt.giá ~ 2,55 tỉ.hotline em xem nhà trực tiếp 0376 540 *** 
",Căn hộ,2, 21/11/2023,19/12/2023,Bán,2642527
"
Cần bán nhanh căn chung cư Tứ Hiệp Plaza, 3 phòng ngủ, 84 m2, giá 2.65 tỷ tại Thanh Trì
","
2,65
Tỷ ","
84
m2
",['Mua bán Căn hộ chung cư  Tứ Hiệp Plaza'],"
 Chuyển công tác tôi cần bán căn  hộ Tứ Hiệp Plaza căn  hộ  góc 84 mét  vuông, 3 ngủ, 2 VS, nội  thất  đầy  đủ chỉ 2.65 tỉ+ Thiết kế hiện đại đầy đủ công năng. Nhà căn  hộ  góc nên phòng nào cũng có cửa sổ rộng, ngập tràn ánh sáng, chung  cư thuộc tầng trung tầm view đẹp.+ chung  cư đc đầu tư tâm huyết, toàn bộ nội thất làm bằng gỗ thịt vô cùng chắc chắn, thiết kế thông minh tối ưu công năng sử dụng từng chi tiết nhỏ, nay bán đi trong sự tiếc nuối.+ Khu vực vip tập trung nhiều các TTTM và hành chính. Nhà nằm trên mặt đường Nguyễn Bồ+ Chủ hiền lành cần bán  nhanh.+ Cam kết giá chào rẻ nhất thị trường. Thông tin và hình ảnh chuẩn 100 phần  trăm.+ call  ngay: 0973 954 *** 
",Căn hộ,3, 21/11/2023,19/12/2023,Bán,2642526
"
Bán nhanh căn nhà riêng 5 tầng, 56 m2, mặt tiền 4m tại Đường Quần Ngựa - Ba Đình, giá 10 tỷ
","
10
Tỷ ","
56
m2
","['Hà Nội', 'Quận Ba Đình', 'Mua bán Nhà riêng tại Đường Quần Ngựa']","
 Phân lô Quần Ngựa - oto đỗ cửa - 56 mét  vuông 5 tầng - giá 10 tỉ.Thông số 56 mét  vuông, MT 4,9m vuông  vức.Vị trí vàng, trước nhà oto đỗ cửa, phố VIP Quần Ngựa, di chuyển thuận tiện,...bìa  đỏ vuông  vức chính chủ, pháp  lý rõ ràng.Thiết kế.Tầng 1 khách + bếp +  toilet.Tầng 2,3,4 mỗi tầng 2 phòng +  toilet.Tầng 5 phòng thờ + sân phơi.Giá 10 tỉ có thỏa  thuận. 
",Nhà riêng,6, 21/11/2023,19/12/2023,Bán,2642525
"
Bán gấp căn nhà 6 tầng, 47 m2, mặt tiền 5m tại Đường Vĩnh Phúc - Vĩnh Phúc - Ba Đình, giá 5 tỷ
","
5
Tỷ ","
47
m2
","['Hà Nội', 'Quận Ba Đình', 'Mua bán Nhà riêng tại Đường Vĩnh Phúc']","
 GIẢM SỐC 500TR - NHỈNH 5 tỉ (tL SÂU) - bán  nhanh NHÀ VĨNH PHÚC - 47M2X6T - 5,5M MT - BA GÁC ĐỖ CỬA - NGÕ THÔNG - CÁCH oto TRÁNH 50MMÔ TẢ:- Chính chủ nhờ em bán ngôi  nhà tại Vĩnh Phúc, ngõ thông Hoàng Hoa Thám - Bưởi, cách oto tránh dừng đỗ ngày đêm chỉ 50m, nhà mình ba gác đỗ cửa.- Xung quanh nhà tiện ích vô vàn với chợ Vĩnh Phúc, trường học, bãi gửi xe chỉ cách nhà 150m, từ nhà ra ngã  4 Hoàng Hoa Thám, Bưởi, Hoàng Quốc Việt chỉ 400m. Giao thông cực kỳ thuận lợi, nằm tại trung tâm 3 Q. Ba Đình - Tây Hồ - Cầu Giấy.- DT 47m2 với thiết kế 6 tầng cực kỳ hiện đại, MT rộng 5,5m khiến ngôi  nhà cực bề thế và tràn ngập ánh sáng tự nhiên.- Chủ đang cần tiền nên rất có  thiện  chí bán, khách đến xem ưng ý là vào việc, thỏa  thuận cực tốt.THIẾT KẾ: 47m2 - 6 tầng - 5,5m MT+ T1 khách bếp và  nhà  vệ  sinh+ T2.3 mỗi tầng 1 ngủ rộng và  nhà  vệ  sinh+ T4 mỗi tầng 2 ngủ và  nhà  vệ  sinh+ T5 phòng thờ sân phơi+ T6 tum GIÁ CHÀO: 5,2 tỉ (thỏa  thuận TỐT)Sổ pháp  lí sạch sẽ, nở hậu, sẵn sàng giao dịch.contact XEM NHÀ NGAY - HỖ TRỢ free 24/24 
",Nhà riêng,4, 21/11/2023,19/12/2023,Bán,2642524
