Title,Price,Area,Address,Gen_descrip,Loại hình,Số phòng ngủ,Ngày đăng,Ngày hết hạn,Loại tin,ID tin
"
Chuyển nhượng nhà sổ hồng riêng 4 tầng, 46 m2 tại Đường Minh Khai - Hai Bà Trưng, giá 4.3 tỷ
","
4,3
Tỷ ","
46
m2
","['Hà Nội', 'Quận Hai Bà Trưng', 'Mua bán Nhà riêng tại Đường Minh Khai']","
 Chỉ 4.3 tỉ (giá  cả  thương  lượng) - cơ hội sở hữu căn  nhà mơ ước cho gia đình bạn.Nhà nằm ở trung  tâm  TP, DT 46 mét  vuông, nhà 4 tầng, MT 4m. hotline/zalo: 0936 529 ***Chung Phong Thủy) để tham khảo thêm hàng trăm ngôi  nhà đẹp tại khu vực.Vị trí hoàn hảo - tiện ích đa dạng:Nằm tại vị trí trung tâm Q. Hai Bà Trưng, ngôi  nhà thỏa mãn mọi yêu cầu về vị trí lý tưởng. Nhà cách ô  tô tránh chỉ 20m giúp việc di chuyển dễ dàng và thuận tiện. Xung quanh không thiếu gì: Trường học, chợ, shop, công viên - tất cả sẽ đáp ứng mọi nhu cầu của gia đình bạn.Đường xá thuận tiện di chuyển qua Minh Khai, Trần Khát Chân, đê Trần Khát Chân, Thanh Nhàn, 8/3, Chùa Quỳnh, Bùi Ngọc Dương, đê Nguyễn Khoái, Cầu Vĩnh Tuy, 5 ph lên Phố Cổ, Hồ Hoàn Kiếm, phố đi bộ...Thiết kế đẳng cấp - không gian sống tốt:căn  nhà đc xây dựng 4 tầng, với kiến trúc 2 thoáng trước sau, mang lại không gian thoáng đãng và tự nhiên. Sân trước nhà rộng lớn, là nơi lý tưởng để trồng cây xanh và đậu xe máy. Với 4 PN đc thiết kế hợp lý cùng cầu thang giữa, ngôi  nhà phục vụ mọi nhu cầu của gia đình lớn, tạo nên một môi trường sống ấm cúng và đầy đủ công năng. căn  nhà này đc chính chủ tự xây dựng, đảm bảo chất lượng và kiến thức về kiến trúc. đc trang bị full  nội  thất và tiện nghi, bạn có thể dọn đến ở ngay mà không cần tốn thêm thời gian và công sức.bìa  đỏ vuông đẹp - pháp  lí rõ ràng:bìa  đỏ vuông  vức, nở hậu nhẹ - đảm bảo tính pháp  lí sạch sẽ. Bạn sẽ hoàn toàn yên tâm trong quá trình giao dịch, tiết kiệm thời gian và nắm bắt cơ hội sở hữu căn  nhà tại vị trí đẳng cấp.Hãy LH để biết thêm thông tin và sắp xếp lịch xem nhà: 0936 529 ***Chung Phong Thủy). 
",Nhà riêng,4, 21/11/2023,19/12/2023,Bán,2642250
"
Cần bán ngay căn nhà đẹp 5 tầng, 52 m2 tại Đường Minh Khai - Hai Bà Trưng, giá 5.29 tỷ
","
5,29
Tỷ ","
52
m2
","['Hà Nội', 'Quận Hai Bà Trưng', 'Mua bán Nhà riêng tại Đường Minh Khai']","
 Cần gấp bán nhà đẹp mới cách 1 nhà ra mặt phố Minh Khai - HBT: 52m2 x 5T 6N đẹp ở luôn.Đầu tư KD - cho thuê rất tốt.Nhà thiết kế đẹp hiện đại:- Tầng 1: Để xe, pk, bếp,  toilet.- Tầng 2,3,4: Mỗi tầng 2 phòng đẹp,  toilet.- Tầng 5: Phòng thờ, sân phơi.- Nằm vị trí đẹp nhất trung tâm Q. Hai Ba Trưng, gần Time city nhà gần nút giao đèn đỏ Lạc Trung - Thanh Nhàn - Kim Ngưu - Minh Khai - thông sang Đường Giải Phóng, gần các TTTM. Các trường  Đại  học lớn như: Bách Khoa, Kinh Tế Quốc Dân, Xây dựng... Gần chợ KD buôn bán sầm uất, KD gì cũng hái ra tiền.- Gần trường  Tiểu  học, cấp 2 con cái đi học rất gần, khu dân trí cao, ở vượng khí... Giao thông vô cùng thuận lợi...- bìa  đỏ đẹp chính chủ, nở hậu, giao dịch nhanh gọn. 
",Nhà riêng,6, 21/11/2023,19/12/2023,Bán,2642249
