Title,Price,Area,Address,Gen_descrip,Loại hình,Số phòng ngủ,Ngày đăng,Ngày hết hạn,Loại tin,ID tin
"
Cần bán ngay nhà đất 3 tầng, 80 m2, mặt tiền 4m tại Phố Phó Đức Chính - Ba Đình, giá tốt
","
Thỏa thuận
","
80
m2
","['Hà Nội', 'Quận Ba Đình', 'Mua bán Nhà riêng tại Phố Phó Đức Chính']","
 Bán căn  nhà  phố Phó Đức Chính, Trúc Bạch Ba Đình thành  phố  Hà  Nội, DT 80m2 giá thương  lượng.Nhà gồm hai khối tổng DT thực sử dụng là hơn 80m2 bao gồm.+ Một khối nhà garage 10m2.+ Một khối nhà ở sinh hoạt 70m2.Tầng 2: pk + bếp, phòng ăn +  phòng  vệ  sinh.Tầng 3: Hai PN +  phòng  vệ  sinh.Tầng 4: Ban công + Sân thượng và Phòng thờ.+ Nhà cực sạch đẹp nội thất ấm cúng mang phong cách người Tràng An xưa.+ Nhà đẹp giá rẻ tiện ích phố cổ.liên  hệ: Phạm văn tưởng 0981 055 ***.Chuyên nhà nền  thổ  cư thành  phố  Hà  Nội.Xem nhà 24/24 hoàn toàn free.Tận tâm - uy tín - chuyên nghiệp. 
",Nhà riêng,2, 21/11/2023,19/12/2023,Bán,2641723
"
Cần bán gấp căn nhà 3 tầng, 100 m2, mặt tiền 6m tại Đường Đội Cấn - Ba Đình, thỏa thuận
","
Thỏa thuận
","
100
m2
","['Hà Nội', 'Quận Ba Đình', 'Mua bán Nhà riêng tại Đường Đội Cấn']","
 + Nhà nằm trong khu Đội Cấn gần vườn bách thảo - Hồ tây.+ Phù hợp xây chia lô hoặc xây nhà dòng tiền. Nhà gần phố ngõ 3 gác đỗ cửa. Hàng xóm thân thiện.+ Nhà chủ tự xây 3 tầng nay cần gấp tiền nên bán  nhanh. CÔ Hương là chính chủ người quen nhờ bán để lên căn  hộ dưỡng già. Rất thiện trí bán.DT 100 mét  vuông giá  cả  thỏa  thuận bìa  đỏ vuông  vức giao dịch ngay. 
",Nhà riêng,4, 21/11/2023,19/12/2023,Bán,2641722
"
Sở hữu ngay lô đất 56 m2, mặt tiền 4m, hướng Đông - Nam tại Thường Tín - Hà Nội, giá 2.01 tỷ
","
2,01
Tỷ ","
56
m2
","['Hà Nội', 'Huyện Thường Tín', 'Mua bán Đất tại Đường Liên Thôn']","
 bán  ngay 56 mét  vuông đất, MT 4,5m đường nhựa Khánh Vân, Khánh Hà, Thường Tín, đường trước đất ôtô tránh nhau, KD mọi ngành nghề, gần đường vành đai 4, gần ủy  ban  nhân  dân, trường học, chợ, trạm y tế xã.Khu vực dân trí cao, an ninh cực tốt, giao thông thuận tiện đi các tỉnh phía Nam, trong khu vực đô thị S5, cách bến xe nước ngầm 9 kilomet.Hỗ trợ khách mua vay NH. 
",Đất,, 21/11/2023,19/12/2023,Bán,2641717
"
Bán nhanh nhà sổ riêng 5 tầng, 33 m2 tại Phường Bồ Đề - Long Biên - Hà Nội, giá 3.3 tỷ
","
3,3
Tỷ ","
33
m2
","['Hà Nội', 'Quận Long Biên', 'Mua bán Nhà riêng tại Phường Bồ Đề']","
 Hot Bồ Đề - nhà đẹp - tiện ích ngập tràn - ngõ thông - chủ cần bán  ngay, 5tầng, hơn 3 tỉ.Nhà vị trí trung tâm, ngõ thông Hồng Tiến - gần oto, gần phố Lâm Du, phố Bồ Đề, Hồng Tiến, giao thông thuận tiện đi các ngả. Cách cầu Chương Dương 200m, bán kính 1 kilomet gần Aeon LB, cầu Vĩnh Tuy, Bv Tâm Anh, sân golf LB...bìa  đỏ chính chủ. 
",Nhà riêng,4, 21/11/2023,19/12/2023,Bán,2641709
"
Cần bán nhanh biệt thự Khu đô thị Vinhomes Riverside, giá 106 tỷ tại Quận Long Biên - Hà Nội
","
106
Tỷ ","
395
m2
","['liền kề  Khu đô thị Vinhomes Riverside', 'Mua bán Nhà biệt thự']","
 - Siêu căn  biệt  thự nằm trong tiểu khu Hoa Sữa, là một trong những khu đẹp nhất vin Riverside. - Vị trí đắc địa, trước nhà là công viên, sau nhà là sông lớn.- DT 395 mét  vuông, MT 10m. Thiết kế gồm 1 tầng hầm + 3,5 tầng nổi kiểu căn  biệt  thự sân vườn, có thang máy. - Sân vườn siêu rộng bao quanh nhà, có khu uống coffee, ăn ngoài trời cực kỳ đẹp.+ Tầng hầm: Hầm rượu + Phòng thưởng thức rượu + Phòng hát Karaoke.+ Tầng 1: Thông sàn gồm: pk + khu  vực  bếp + Phòng ăn View sông.+ Tầng 2: 1 PN Masster + Phòng sông hơi + 1 PN khép kín.+ Tầng 3: 2 PN khép kín.+ Tầng 4: Phòng thờ + Sân phơi + 1 PN khép kín dành cho người giúp việc.- bìa  đỏ chính chủ, đẹp, nở hậu cực lộc.- Cam kết thông tin chuẩn, hình ảnh thật. Làm việc trực tiếp với chính chủ.- Giá 106 tỉ (Có thỏa  thuận).- liên  hệ  ngay: Nguyễn Vân 0913 393 *** 
","Nhà biệt thự, liền kề",5, 21/11/2023,19/12/2023,Bán,2641703
"
Cần bán gấp bán nhanh nhà lk Khu đô thị Vinhomes Riverside, giá 109 tỷ tại Quận Long Biên - Hà Nội
","
109
Tỷ ","
395
m2
","['liền kề  Khu đô thị Vinhomes Riverside', 'Mua bán Nhà biệt thự']","
 SIÊU căn  biệt  thự 400m² - DÀNH CHO 10 phần  trăm GIỚI SIÊU GIẦU TOÀN MIỀN BẮC - BỂ BƠI - HẦM RƯỢU - PHÒNG HÁT KARAOKE - LÀ TỔ ẤM MÀ AI CŨNG MUỐN TRỞ VỀ SAU NHỮNG GIỜ LÀM VIỆC CĂNG THẲNG.Vị trí : - căn  biệt  thự toạ lạc tại khu Hoa Sữa ( Hoa sữa 11 ) - vin Riverside - Long Biên- vị trí cũng đẹp nhất dãy. - Trước nhà là sân rộng, quay đầu và đỗ đc nhiều xe, sau nhà là sông lớn thoáng mát quanh năm. giá : 109 tỉ anh Tùng: 0337 722 ***zalo)Xem nhà free 24/24#thanhtungland 
","Nhà biệt thự, liền kề",5, 21/11/2023,19/12/2023,Bán,2641702
"
Bán nhanh nhà chung cư 2 phòng ngủ, 40 m2, giá 1.55 tỷ tại Đường Láng - Đống Đa - Hà Nội
","
1,55
Tỷ ","
40
m2
","['Hà Nội', 'Quận Đống Đa', 'Mua bán Căn hộ chung cư tại Đường Láng']","
 Cần bán nhà tập thể đại  học Ngoại Thương 40m2.+ Nhà bán là tập thể A2 đại  học Ngoại Thương, nằm tại ngõ 121 phố Chùa Láng, đường oto tránh trước nhà, cách mặt phố chỉ 15m.+ Thiết kế: DTSD thực tế khoảng40m2.+ 1 pk, khu  vực  bếp, 2 ngủ tiện lợi.+ bìa  đỏ đẹp, giao dịch ngay.liên  hệ  ngay 0896 686 ***không  trung  gian, môi giới). 
",Căn hộ,2, 21/11/2023,19/12/2023,Bán,2641678
"
Bán nhanh căn chung cư The Golden Palm, 2 phòng ngủ, 70 m2, giá 3.3 tỷ tại Thanh Xuân - Hà Nội
","
3,3
Tỷ ","
70
m2
",['Mua bán Căn hộ chung cư  The Golden Palm'],"
 Gia đình tôi con lên cấp 1 do trường mới xa nhà. Tôi cần nhượng lại căn  hộ  chung  cư để mua căn mới gần trường con.căn  hộ  chung  cư 2 phòng  ngủ - 66m tầng trung view thoáng dự án The Gold Plam 21 Lê Văn Lương.Vị trí vô cùng trung tâm di chuyển thuận tiện các ngả.giá bán thiện trí 3,3 tỉ.hotline em Huy : 0967 589 *** xem nhà free 
",Căn hộ,2, 21/11/2023,19/12/2023,Bán,2641671
"
Cần bán ngay căn hộ Thăng Long Number One, 3 phòng ngủ, 134 m2, giá 5.9 tỷ tại Quận Cầu Giấy
","
5,9
Tỷ ","
134
m2
",['Mua bán Căn hộ chung cư  Thăng Long Number One'],"
 Gia đình tôi có nhu cầu sang  nhượng lại căn 134m có 3 phòng  ngủ tại dự án Thăng Long Number One, đc số 1 Đại Lộ Thăng Long, Trung Hòa giá chưa đến 6 tỉDự án đc hưởng lợi từ vị trí đắc địa về giao thông, gần hệ thống đường bộ và đường sắt trên cao. Ở đây tiếp cận dễ dàng các trung tâm chính trị, văn hóa, xã hội và giải trí, như Siêu thị BigC Thăng Long, Sân vận động Mỹ Đình và Trung tâm hội nghị Quốc gia.Chi tiết căn  hộ  chung  cư:DT 134m2Thiết kế 3N2WCBan công hướng  Đông  BắcNội thất cơ bảnGiá tôi mong muốn là 5 tỉ 9. Ai quan tâm hay muốn xem thực tế xin gọi trực tiếp: 0349 688 ***Quỳnh) 
",Căn hộ,3, 21/11/2023,19/12/2023,Bán,2641664
"
Cần bán gấp bán nhanh căn hộ Chelsea Park - Khu đô thị mới Yên Hòa, 3 phòng ngủ, giá 7.25 tỷ
","
7,25
Tỷ ","
--
",['Mua bán Căn hộ chung cư  Chelsea Park - Khu đô thị mới Yên Hòa'],"
 Em Nam chuyên bán các chung  cư tại dự án Chelsea Residences - 48 Trần Kim Xuyến, đang có quỹ căn giá  siêu  mềmCăn loại 2 PN:80m2, 2 ngủ,2 vs, đồ cơ bản/Full, giá chỉ 4.5 - 4.8 tỉ (đang có 02 căn)95m2, 2 ngủ, 2 vs, Căn 2 PN to nhất, giá chỉ 5.3 - 5.5 tỉ (đang có 03 căn)Căn loại 3 PN:100m2, 3 ngủ, 2 vs, Nhà vuông  vức đẹp, giá chỉ 5.8 - 6.2 tỉ (đang có 02 căn)121m2, 125m2, 3 ngủ, 2 vs, căn  hộ  góc, thiết kế thoáng, hiện đại, giá chỉ 7.2 - 7.5 tỉ (đang có 04 căn)Dự án cao cấp, mới bàn giao từ 2020, vị trí đẹp, xung quanh có nhiều trường học, khu vui chơi, nhà hàng...pháp  lí chuẩn, sổ sách đầy đủanh/chị quan tâm L/H em Nam 0985 542 *** để xem nhà, tư vấn và hỗ trợ các thủ tục free 
",Căn hộ,3, 21/11/2023,19/12/2023,Bán,2641663
"
Cần bán gấp bán nhanh chung cư VOV Mễ Trì Plaza, 2 phòng ngủ, 65 m2, giá 2.7 tỷ tại Nam Từ Liêm
","
2,7
Tỷ ","
65
m2
",['Mua bán Căn hộ chung cư  VOV Mễ Trì Plaza'],"
 Do gia đình chuyển công tác nên cần nhượng lại chung  cư 65m2, căn  hộ  chung  cư VOV Mễ Trì cụ thể như sau:DT: 65m2, gồm 2 PN, 2  toilet.- Hướng cửa: TB, ban công ĐN.Nhà thoáng mát, ban công hướng  Đông  Nam. Đủ đồ đẹp mới làm, chỉ việc về ở.- Nội thất đẹp thiết kế sang trọng trẻ trung.- Tầng trung nên không bị ồn ào, bụi bặm, nắng chiếu sau này không có nhu cầu sử dụng nữa cũng rất dễ thanh khoản.- Khu vực văn minh ở rất thích.bìa  đỏ vĩnh viễn.Giá: 2,7 tỉ bao phí.gọi  ngay: 0344 411 *** 
",Căn hộ,2, 21/11/2023,19/12/2023,Bán,2641661
"
Cần bán gấp bán nhanh chung cư HPC Landmark 105, 3 phòng ngủ, 117 m2, thỏa thuận tại Hà Đông
","
Thỏa thuận
","
117
m2
",['Mua bán Căn hộ chung cư  HPC Landmark 105'],"
 Do đi làm xa nên gia đình cần bán chung  cư 117m2 thông thủy căn  hộ HPC Landmark 105.- chung  cư thiết kế 3 ngủ, 2vs, ban công sân vườn 10m2.- Nhà thiết kế nội thất đẹp, thẩm mỹ đã làm lại điện,  nước cực kỳ cẩn thận.- Để lại full cả đồ điện tử, chỉ việc xách va  li về ở.- giá mong muốn: 4. X tỉ bao sang tên (x bé xíu xiu).- hotline xem nhà: 0989 908 ***.* căn  hộ HPC Landmark là 1 căn  hộ mới với vô vàn tiện ích nội ngoại khu phong phú như:- Tiện ích nội khu: BV Hồng Ngọc, sân chơi trẻ em, Highland cà  phê, Vietinbank, Vinmart + , Wonmart, trung tâm tiếng Anh trẻ em Scott... Hầm để xe rộng rãi thoải mái để oto cho dân  cư.- Gần siêu thị Aeon Mall Hà Đông, KDL Thiên đường Bảo Sơn...- Tiện ích ngoại khu: Nằm trong quần thể KĐT Văn Khê, Dương Nội & An Hưng, HPC Landmark gần nhiều trường học từ mẫu  giáo đến ĐH như: cấp 1 Văn Khê, cấp 1 La Khê, cấp 1 An Hưng, cấp 1 Vạn Phúc, trường quốc tế liên cấp Nhật Bản, trường quốc tế Việt Nam, cấp 1 Lê Hồng Phong,... trường  trung  học  cơ  sở Văn Khê, Lê Quý Đôn, Trần Đăng Linh, cấp 2 Dương Nội, Van Phúc, Lê Hồng Phong, Nguyễn Trãi... Cấp 3 có trường phổ thông quốc tế Việt Nam, THPT Quang Trung, THPT chuyên Nguyễn Huệ, THPT Trung Văn, Lương Thế Vinh...Và hàng loạt trường  DH lớn như ĐH Đại Nam, ĐH Phenikaa, ĐH Nguyễn Trãi, Ngoại Ngữ TP  Hà  Nội, Kiến trúc, Học Viện An Ninh...- Giao thông thuận tiện, nằm trên mặt đường Tố Hữu, thuận tiện di chuyển ra các cung đường lớn như Lê Trọng Tấn, Nguyễn Trãi, Vành đai 3, Đại lộ Thăng Long... 
",Căn hộ,3, 21/11/2023,19/12/2023,Bán,2641652
"
Bán gấp nhà sổ riêng 6 tầng, 32 m2, mặt tiền 5m tại Đường Nguyễn Văn Linh - Long Biên, giá 3.6 tỷ
","
3,6
Tỷ ","
32
m2
","['Hà Nội', 'Quận Long Biên', 'Mua bán Nhà riêng tại Đường Nguyễn Văn Linh']","
 💯💐🏝️ BÁN NHÀ 32M XÂY MỚI 6 TẦNG oto TRÁNH CÁC 25M GẦN CHỢ ĐỒNG DINH, THẠCH BÀN, LONG BIÊN 3.6 tỉ CÓ thỏa  thuận.📔 DT 32m; MT 5m🌄 Hướng nhà: hướng  Đông  Nam 🏗️🏤 Nhà xây 6 tầng, đẹp, chắc chắn, gồm:🔶Tầng 1: Bếp+ phòng ăn + để xe +  phòng  vệ  sinh🔶Tầng 2: pk +  phòng  vệ  sinh🔶Tầng 3, 4, 5: Mỗi tầng 1 ngủ + 1 phòng  vệ  sinh🔶Tầng 6: Phòng thờ + sân phơi🚖🚚🚕Ngõ thẳng 25 m ra phố Đồng Dinh KD sầm uất. Chỉ 500m ra khu  đô  thị Garden, cấp 3 Thạch Bàn.💸💰💸 Giá mở  bán 3.6 tỉ có thỏa  thuận.☎ gọi  ngay em Hoàn 0978 993 *** 
",Nhà riêng,3, 21/11/2023,19/12/2023,Bán,2641644
"
Chuyển nhượng căn nhà 6 tầng, 30 m2, hướng Tây - Bắc tại Phường Thạch Bàn - Long Biên, giá tốt
","
Thỏa thuận
","
30
m2
","['Hà Nội', 'Quận Long Biên', 'Mua bán Nhà riêng tại Phường Thạch Bàn']","
 Nhà 6 tầng đầy  đủ  nội  thất Thạch Bàn ngõ thẳng chỉ vài bước chân ra phố.Giá hơn 3 tỉ có thỏa  thuận.Nhà như hình.L/H: 0979 859 *** anh Hoàng xem nhà ạ. 
",Nhà riêng,3, 21/11/2023,19/12/2023,Bán,2641643
"
Sở hữu căn nhà đẹp 5 tầng, 31 m2 tại Đường Thạch Bàn - Thạch Bàn - Long Biên - Hà Nội, giá 2.95 tỷ
","
2,95
Tỷ ","
31
m2
","['Hà Nội', 'Quận Long Biên', 'Mua bán Nhà riêng tại Đường Thạch Bàn']","
 Chỉ 30m ra oto tránh.Bán nhà dân xây kiên cố 4,5 tầng 31m2 tại Thạch Bàn, đi bộ ra chợ Đồng Dinh.- MT: 3,5m nở hậu, Tây  Bắc.- Nhà đầy đủ công năng: 3 PN, khách bếp, phòng thờ, sân phơi.- Ngõ trước nhà 4 m chỉ 30m ra oto tránh, 100m ra chợ Đồng Dinh, Hồ, công an P., y tế...- Giao thống thuận lợi kết nối Thạch Bàn - Cổ Linh - Nguyễn Văn Linh - Cao tốc thành  phố  Hà  Nội, Hải Phòng...- pháp  lí đầy đủ, không tranh chấp, quy hoạch.- Giá: 2.95 tỉ thiện trí thỏa  thuận.- liên  lạc anh Dương 0869 317 *** xem nhà trực tiếp. 
",Nhà riêng,3, 21/11/2023,19/12/2023,Bán,2641624
"
Chuyển nhượng căn nhà 6 tầng, 60 m2, mặt tiền 4m tại Đường Cổ Linh - Long Biên, giá 6.8 tỷ
","
6,8
Tỷ ","
60
m2
","['Hà Nội', 'Quận Long Biên', 'Mua bán Nhà riêng tại Đường Cổ Linh']","
 - DT: 60 mét  vuông, MT: 4m, ngõ thông oto 7 chỗ vào nhà, xây 6 tầng, thang máy 450kg.- Thiết kế 5 phòng  ngủ, 01 phòng thờ, sân phơi trên tum,  p.khách, bếp tầng 2.- Cách cầu Vĩnh Tuy chỉ 950m, đi lại thuận tiện, sang phố cổ chỉ 10 ph di chuyển.- Gần chợ, trường học, gần hồ điều hòa không khí... Thuận tiện đi lại ngõ thông trước nhà.- Cạnh nhà có 3 bãi gửi xe oto nếu gia đình có 2 oto.* giá: 6.8 tỉ (có thỏa  thuận).* liên  hệ  ngay: anh Thái Bùi 0838 329 ***Để đc tư vấn xem nhà trực tiếp), xin cảm ơn! 
",Nhà riêng,6, 21/11/2023,19/12/2023,Bán,2641623
"
Cần bán gấp bán nhanh căn nhà đẹp 2 tầng, 60 m2, mặt tiền 5m tại Đường Phúc Diễn, giá 1.7 tỷ
","
1,7
Tỷ ","
60
m2
","['Hà Nội', 'Quận Nam Từ Liêm', 'Mua bán Nhà riêng tại Đường Phúc Diễn']","
 chung  cư bán số 10 DT sàn 60m2; nhà 2 tầng, tầng 2 có 3 PN, tầng 1 có 2 phòng.Nhà xây mới.Nội thất: Tủ lạnh, điều hòa, nóng  lạnh quạt trần, tủ bếp, bếp từ.Nguồn gốc đất trước năm 1992 không tranh chấp đang sử dụng ổn định; có xác nhận của chính quyền địa phương (P. xã).hạ  tầng  giao  thông đường rộng 5 mét oto tải vào ra thuận lợi, thông thoáng, an  ninh  tốt. 
",Nhà riêng,3, 21/11/2023,19/12/2023,Bán,2641602
