Title,Price,Area,Address,Gen_descrip,Loại hình,Số phòng ngủ,Ngày đăng,Ngày hết hạn,Loại tin,ID tin
"
Bán nhanh nhà 5 tầng, 45 m2, mặt tiền 4m tại Đường Đỗ Đức Dục - Mễ Trì - Nam Từ Liêm, giá 5.8 tỷ
","
5,8
Tỷ ","
45
m2
","['Hà Nội', 'Quận Nam Từ Liêm', 'Mua bán Nhà riêng tại Đường Đỗ Đức Dục']","
 Cực hot. Chủ cần bán  ngay nên giá vực kỳ tốt chỉ hơn 5 tỉ có chung  cư cho thuê dòng tiền hàng tháng 40tr/th.- Cần bán  ngay nhà đã hoàn thiện theo chung  cư dịch vụ cho thuê (căn  hộ  chung  cư mini) khu phố Đỗ Đức Dục, Miếu Đầm, Mễ Trì, Q. Nam Từ Liêm.- DT 45m2 x 5 tầng, mt 4m. Nhà thiết kế:+ Tầng 1 để xe và 1 PN khép kín.+ Tầng 2,3,4,5 chia 2 phòng khép kín full đồ cho khách ở.- Nhà đã cho thuê full phòng, doanh thu 1 tháng 40tr.- Nhà năm ngõ thông thoáng gần ngay hotel Meriot, trung tâm Hội Nghị Quốc Gia, Tào nhà Văn phòng KangNam,- Giá mở  bán nhỉnh 5 tỉ.- gọi  ngay anh Chung 0904 061 ***. Để đi xem nhà. 
",Nhà riêng,9, 21/11/2023,19/12/2023,Bán,2641601
"
Sở hữu ngay lô đất nền 85 m2, mặt tiền 5m tại Huyện Chương Mỹ - Hà Nội, giá 2.5 tỷ
","
2,5
Tỷ ","
85
m2
","['Hà Nội', 'Mua bán Đất tại Huyện Chương Mỹ']","
 DT sổ 85m2 full thổ cư 2 MT.- Vị trí trung tâm khu Tân Bình giữa các trường học mẫu  giáo, Cấp 1, Cấp 3 TT Xuân Mai.- Cách trường mẫu  giáo thị trấn 20m.- Cách trường  cấp  1 thị trấn 50m.- Cách trường  THPT thị trấn 100m.Mua mảnh này thì con cái không bao giờ sợ muộn học các bác ạ.Vị trí có thể KD buôn bán ok. 
",Đất,, 21/11/2023,19/12/2023,Bán,2641598
"
Cần bán ngay căn hộ Khu đô thị mới Linh Đàm, 2 phòng ngủ, 60 m2, giá 2 tỷ tại Hoàng Mai
","
2
Tỷ ","
60
m2
",['Mua bán Căn hộ chung cư  Khu đô thị mới Linh Đàm'],"
 Gia đình chuyển công tác nên cần bán căn  hộ  chung  cư 2 ngủ tòa Nơ 3 bán đảo Linh Đàm. căn  hộ  chung  cư thiết kế thoáng, ban công rộng, đã đi lại đường điện, đường nước, xử lý chống thấm. Thông số căn  hộ  chung  cư như sau:Bán căn  hộ  chung  cư Nơ 3 bán đảo Linh Đàm.- DT: 60 mét  vuông, 2 PN, 1  phòng  vệ  sinh, ban công, bìa  đỏ đầy đủ.- Cửa hướng Bắc, ban công hướng Nam.- Bao gồm nội thất gắn nhà (cả điều hòa), đã sửa  toilet.- (Mang đồ điện tử + cá nhân).- giá:1.9999 tỉ, không bao tên.hotline: 0902 021 *** 
",Căn hộ,2, 21/11/2023,19/12/2023,Bán,2641569
"
Cần bán gấp bán nhanh nhà phố 7 tầng, 60 m2, mặt tiền 4m tại Đường Nguyễn Hoàng, giá 21 tỷ
","
21
Tỷ ","
60
m2
","['Hà Nội', 'Quận Nam Từ Liêm', 'Mua bán Nhà mặt phố tại Đường Nguyễn Hoàng']","
 Mặt phố lớn - KD sầm uất - vỉa hè đá bóng.+ Vị trí đắc địa nằm ngay phố Nguyễn Hoàng thông với Hàm Nghi, Trần Bình, Phạm Hùng.+ Khu vực phát triển mạnh mẽ, là trung tâm phát triển phía Tây TP  Hà  Nội, rất nhiều công ty văn phòng tập trung tại khu vực này.+ Tòa nhà 7 tầng thông sàn, phù hợp KD văn phòng, trung tâm giáo dục...+ pháp  lí: bìa  đỏ chính chủ, vuông  vức sẵn sàng giao dịch.+ gọi  ngay: 0979 400 *** Thổ địa Từ Liêm.Ngoài ra em còn rất nhiều nhà  mặt  tiền, nhà dòng tiền, BTLK, đất xây văn phòng, đất xây CCMN... Đẹp.a/c L/H cho em sẽ giúp a/c tìm đc sp phù hợp. 
",Nhà mặt phố,7, 21/11/2023,19/12/2023,Bán,2641567
"
Sở hữu ngay căn nhà mặt phố 6 tầng, 70 m2 tại Phường Thượng Đình - Thanh Xuân - Hà Nội, giá 25 tỷ
","
25
Tỷ ","
70
m2
","['Hà Nội', 'Quận Thanh Xuân', 'Mua bán Nhà mặt phố tại Phường Thượng Đình']","
 Bán nhà Nguyễn Trãi - Thanh Xuân. DT 70m, MT 5.5m, 6 Tầng vị trí đắc địa bậc nhất Hà Thành, ô chờ Thang Máy, giá nhỉnh 27 tỉ có thỏa  thuận, gia chủ cần bán  ngay vào Phú Quốc ở.+ Vị trí : kết nối với các Phố Trường Chinh - Nguyễn Xiển - Láng - Khuất Duy Tiến. Ba bước ra các trường  DH, BV, TTTM lớn.+ Thiết kế: + Tầng 1: Thông sàn KD.+ Tầng 2.3.4 : Tổng 6 Phòng khép kín.+ Tầng 5: Phòng thờ, sân phơi.+ Tầng 6: Vườn, tiểu cảnh.+ bìa  đỏ chính chủ sẵn sàng giao dịch.Cầm máy lên và gọi cho em nhé. Em cám ơn. 
",Nhà mặt phố,, 21/11/2023,19/12/2023,Bán,2641566
"
Cần bán nhanh căn hộ The Pride, 2 phòng ngủ, giá 2.5 tỷ tại Đường Tố Hữu - Hà Đông - Hà Nội
","
2,5
Tỷ ","
--
",['Mua bán Căn hộ chung cư  The Pride'],"
 Bán chung  cư The Pride, DT 72.9 mét  vuông, 2 phòng  ngủ, 2VS. Nội thất để lại như ảnh: Tủ bếp, điều hoà, bình  nóng  lạnh, giường  ngủ tủ, ghế  sofa,...Sổ chính chủ.Giá 2.x tỉ.hotline 0383 256 *** xem nhà mọi lúc. 
",Căn hộ,2, 21/11/2023,19/12/2023,Bán,2641554
"
Bán gấp căn hộ chung cư Xuân Mai Complex, 2 phòng ngủ, 49 m2, giá 1.73 tỷ tại Hà Đông - Hà Nội
","
1,73
Tỷ ","
49
m2
",['Mua bán Căn hộ chung cư  Xuân Mai Complex'],"
 Chính chủ bán căn 1 + 1 49m2 nhà đẹp tầng 20. Giá 1.650 tỉ. Dự án Xuân Mai Complex.Nội thất tôi có để lại cho khách nên khách hoàn toàn yên tâm.Giá cả tôi mong muốn 1.73 tỉ có thỏa  thuận gia lộc thêm cho khách.anh/chị nào có nhu cầu mua liên  hệ  ngay tôi theo số 0376 540 *** 
",Căn hộ,2, 21/11/2023,19/12/2023,Bán,2641553
"
Chuyển nhượng căn nhà riêng 4 tầng, 36 m2, mặt tiền 4m tại Đường Lương Khánh Thiện, giá 4.4 tỷ
","
4,4
Tỷ ","
36
m2
","['Hà Nội', 'Quận Hoàng Mai', 'Mua bán Nhà riêng tại Đường Lương Khánh Thiện']","
 Bán nhà 4 tầng x 36m2, ngõ 22 Lương Khánh Thiện, Hoàng, Mai, thành  phố  Hà  Nội.DT: 36m2.Hướng: hướng  Tây  Nam.MT: 4.2 m.giá: 4.4 tỉ có thỏa  thuận.Tầng 1: Chỗ để xe, vệ sinh, bếp.Tầng 2, 3: 1 phòng 1 vệ sinh.Tầng 4: 1 phòng thờ, sân phơi.Hiện đang cho sinh viên thuê phòng ở 8 tr/tháng.Đường trước nhà 2.5m, cách đường oto 10m. Cách đường Lương Khánh Thiện 20m.Nằm tại vị trí trung tâm, gần trường, chợ, thuận tiện đi lại các ngả.L/H: Việt Anh 0969 231 *** 
",Nhà riêng,4, 21/11/2023,19/12/2023,Bán,2641552
"
Bán căn nhà 4 tầng, 52 m2, mặt tiền 5m tại Đường Linh Đường - Hoàng Liệt - Hoàng Mai, giá 4.98 tỷ
","
4,98
Tỷ ","
52
m2
","['Hà Nội', 'Quận Hoàng Mai', 'Mua bán Nhà riêng tại Đường Linh Đường']","
 Nhà mới ở ngay - 2 thoáng trước sau - hàng xóm khu  đô  thị Linh Đàm - nhà đã đổ mái lên thêm tầng làm ccmn cho thuê thì tuyệt vời. Ngõ thông tứ tung, nằm cách mặt phố, mặt hồ chỉ 50m, giao thông thuận tiện, hưởng trọn tiện ích khu  đô  thị Linh Đàm. Nhà chủ xây kiên cố chắc chắn, thiết kế trong ngoài rất đẹp và hợp lý, khách mua chỉ việc xách va  li là về ở ngay. Chủ cần tiền bán  ngay để giai quyết công việc.Thiết kế: Tầng 1 pk, bếp,  nhà  vệ  sinh.Tầng 2,3 mỗi tầng 2 PN,  nhà  vệ  sinh.Tầng 4 phòng thờ, sân phơi.bìa  đỏ chính chủ, sẵn sàng giao dịch.liên  lạc Vũ Luân: 0989 583 *** để nhận thông tin chi tiết. Hỗ trợ KH 24/7, chuyên thổ cư Thủ  đô  Hà  Nội. 
",Nhà riêng,2, 21/11/2023,19/12/2023,Bán,2641551
"
Cần bán ngay chung cư GoldSeason 47 Nguyễn Tuân, 3 phòng ngủ, 80 m2, giá 4.2 tỷ
","
4,2
Tỷ ","
80
m2
",['Mua bán Căn hộ chung cư  GoldSeason 47 Nguyễn Tuân'],"
 Gia đình chủ đổi nhu cầu xuống Hà Đông , nhượng lại căn hộ tòa Gold Season 47 Nguyễn Tuân - Căn hộ 80 mét  vuông thiết kế 3 phòng  ngủ 2 nhà  vệ  sinh - Tầng trung, ban công view thoáng mát - Bàn giao lại full NT hiện đại được gia đình làm tâm huyết - SDCC cầm tay, sẵn sàng giao dịch Giá bán 4.2 tỷ tốt nhất thị trường liên  hệ  ngay tôi trước để xem nhà 0911 255 *** 
",Căn hộ,3, 21/11/2023,19/12/2023,Bán,2641545
"
Cần bán nhà chung cư Khu đô thị mới Pháp Vân - Tứ Hiệp, 3 phòng ngủ, 78 m2, giá 2.25 tỷ
","
2,25
Tỷ ","
78
m2
",['Mua bán Căn hộ chung cư  Khu đô thị mới Pháp Vân - Tứ Hiệp'],"
 Cần bán  ngay căn  hộ  chung  cư Nơ 22 Pháp Vân gia đình em chuyển sang nhà  thổ  cư ở cần bán  ngay căn  hộ  chung  cư, quanh khu nơ Pháp Vân có rất nhiều tiện ích.- DT: 78 mét  vuông, 3 phòng  ngủ 2 nhà  vệ  sinh.- pháp  lí: SĐCC.- Nội thất: Trần thạch cao, điều hoà, nóng  lạnh, giường  ngủ, tủ quần áo, tủ bếp, bếp từ.- Hướng cửa hướng  Đông  Bắc ban công hướng  Tây  Nam.- Giá: 2.25 tỉ có thỏa  thuận L/H: Em Thanh 0983 466 *** 
",Căn hộ,3, 21/11/2023,19/12/2023,Bán,2641532
"
Bán căn hộ chung cư Imperia Sky Garden, 2 phòng ngủ, 98 m2, giá 6.5 tỷ tại Quận Hai Bà Trưng
","
6,5
Tỷ ","
98
m2
",['Mua bán Căn hộ chung cư  Imperia Sky Garden'],"
 Bán căn  hộ  chung  cư Imperia Sky Garden 423 Minh Khai 2p ngủ góc 98 mét  vuông. (3 ngủ sửa thành 2 p ngủ lớn) nội  thất  đầy  đủ như hình (Nội thất 2.5 tỉ). Giá 6.5 tỉ. LH 0817 799 ***zalo). 
",Căn hộ,2, 21/11/2023,19/12/2023,Bán,2641531
"
Cần bán gấp căn HC Golden City, 3 phòng ngủ, giá 3.9 tỷ tại Phường Bồ Đề - Long Biên - Hà Nội
","
3,9
Tỷ ","
--
",['Mua bán Căn hộ chung cư  HC Golden City'],"
 Sở hữu vị trí vàng đắt giá không một dự án nào có đc, nằm ngay mặt phố Hồng Tiến, gần BV Đa Khoa Tâm Anh, từ dự án Chỉ mất 5 ph tới Hoàn Kiếm, trung  tâm  thương  mại Aeon Mall và Big  C Long Biên. Địa điểm lý tưởng, cực kỳ thuận lợi cho việc đi vào nội thành và các tỉnh lân cận.1. Thông tin chi tiết căn  hộ  chung  cư:- DTTT: 82 m2 ban công hướng  Tây  Nam nhìn ra sông Hồng.- căn  hộ  chung  cư tầng cao View trọn TP lung linh về đêm, view sông Hồng thơ mộng, Sân bay Gia lâm.- Thiết kế 3 PN, 2  phòng  vệ  sinh, 2 loggia thoáng rộng. Đặc biệt với 1 PN thiết kế như căn  hộ  chung  cư hotel 5*.- khu  vực  bếp tách riêng, không gian cho các nThủ  đô  Hà  Nội trợ thể hiện tài năng nấu nướng.- pk thông thoáng, có ban công thư giãn.- căn  hộ  chung  cư view thoáng, ngắm trọn Sông Hồng và TP, ban công hướng  Đông  Nam mát mẻ.- Nhà mới nguyên bản chủ  đầu  tư, đc nhận nhà ở ngay sau khi ký HĐMB 10 ngày.- căn  hộ  chung  cư đã bàn giao đầy  đủ  nội  thất cao cấp liền tường.2 - Nhận ưu đãi khủng, thủ tục nhanh gọn, cam kết không phát sinh phí:.+ Quà tặng lên đến 280 tr.+ free dịch vụ lên tới 24 tháng.+ free 1 năm tập phòng  gym.- Tiện ích đầy đủ tại dự án: phòng  gym, spa, siêu thị HC mart, trường học liên cấp Wellspring, BV Tâm Anh, hệ thống an ninh khép kín 24/24.- Đôi diện là trung  tâm  thương  mại của TP cao 9 tầng với đầy đủ các tiện ích mua sắm, vui chơi.3. Nội thất bàn giao:+ Sàn gỗ Lim Nam phi nhập khẩu,+ Trần thạch cao Vĩnh Tường.+ Hệ thống đồ điện tử Hafele, Klor nhập khẩu.+ Điều hoà âm trần Daikin.+ nóng  lạnh của Mishu.+ Giấy dán tường nhập khẩu, rèm và giàn phơi thông minh.+ Tủ quần áo, tủ giầy với chất liệu gỗ thịt tự nhiên, đèn chum, hệ thống đèn downline.Chìa khoá trao tay Nhận nhà ở ngay. Hiện tại chủ  đầu  tư đang thu hồ sơ để làm sổ  hồng  riêng. 
",Căn hộ,3, 21/11/2023,19/12/2023,Bán,2641510
"
Sở hữu căn The Golden Palm, 2 phòng ngủ, 86 m2, giá 4.3 tỷ tại Thanh Xuân - Hà Nội
","
4,3
Tỷ ","
86
m2
",['Mua bán Căn hộ chung cư  The Golden Palm'],"
 Tôi cần bán  ngay căn  hộ  chung  cư CC 86m2. Thông tin cụ thể như sau:- Ban công Đông  Nam.- Thiết kế: 2 ngủ 2 toilet.- Nội thất đẹp thiết kế sang trọng trẻ trung.- pk, bếp, thiết bị vệ sinh tất cả đều mới và cao cấp.- Nhà đã có sổ pháp  lí rõ ràng.- View tầng cao đẹp.Giá: 4,3 tỉ.contact 0978 400 ***gặp Ngân) để xem nhà. 
",Căn hộ,2, 21/11/2023,19/12/2023,Bán,2641509
"
Cần bán gấp căn chung cư The Pavilion, 1 phòng ngủ, 76 m2, thỏa thuận tại Gia Lâm - Hà Nội
","
Thỏa thuận
","
76
m2
",['Mua bán Căn hộ chung cư  The Pavilion'],"
 Em Diễm vin Ocean Park số  điện  thoại 0943 347 *** xin giới thiệu đến quý khách chung  cư 2 phòng  ngủ - 2 phòng  vệ  sinh cực đẹp view thoáng mát tiêu chuẩn KS 5*.chung  cư 2 phòng  ngủ 2 phòng  vệ  sinh có thiết kế đẹp với các thông số cụ thể như sau:- DT 76 mét  vuông.- Thiết kế vuông  vức gồm phòng 2 ngủ, pk, bếp 2 phòng  vệ  sinh và ban công tạo thành không gian rất rộng và thoáng, khu vực nhà tắm riêng biệt thông thoáng.- Ban công hướng  Đông  Nam view thoáng mát không bị chắn. View tr đô.chung  cư 2 phòng  ngủ Premium 76 mét  vuông là căn 2 phòng  ngủ - 2 phòng  vệ  sinh nhỏ xinh hàng hiếm tại vin Ocean Park cực kỳ phù hợp với gia đình từ 3 - 5 thành viên.chung  cư đc bàn giao theo tiêu chuẩn cao cấp vin, cụ thể đc hoàn thiện cơ bản trần, sàn, tường, full sàn gỗ, điều hòa, hệ thống ánh sáng, các thiết bị vệ sinh, phòng tắm, bồn rừa mặt cao cấp đầy đủ. Có sẵn hệ thống ống chờ khu máy giặt, hút mùi và đầu chờ Internet, Cap rất tiện lợi.Cùng với hệ thống tiện ích đẳng cấp theo phong cách Nhiệt đới xanh mát, nổi bật là quảng trường The Ocean View, vườn thực vật với hàng trăm loài cây hoa rực rỡ, hồ nước cảnh quan, sân chơi trẻ em, sân thể thao. Mà Các KH rất thích và cũng là lý do tôi lựa chọn để sinh sống và tận hưởng những ph giây nghỉ ngơi thư giãn thật sảng khoái.- Ngoài ra căn 2 phòng  ngủ - 2 phòng  vệ  sinh có vị trí đắc địa khi là tâm điểm kết nối, chỉ mất 5p để ra QL5A 5B, Vinpearland, Trụ sở huyện Gia Lâm, BV Gia Lâm, trung  tâm  thương  mại Vincom, hồ 24,5ha, ga Metro sau này và 10p để đến Aeon, 15p để đến Times City. Cùng với việc chỉ có 4 tòa Palivion nên tiềm năng tăng giá, thanh khoản và cho thuê rất cao.Nhấc máy và contact em Diễm 0943 347 *** để chọn căn đẹp nhất.* Ưu đãi độc quyền.- Mua chung  cư với giá trị thực từ chủ  đầu  tư, không chênh.- Hỗ trợ 24/7 từ khi quan tâm dự án, xem nhà mẫu, các thủ tục ký cọc, hợp  đồng  mua  bán.- Hỗ trợ tư vấn và phân tích các khoản vay NH tốt nhất.Xin cảm ơn quý khách! 
",Căn hộ,1, 21/11/2023,19/12/2023,Bán,2641505
"
Cần bán gấp nhà chung cư Vinhomes Ocean Park, 1 phòng ngủ, giá 1.07 tỷ tại Huyện Gia Lâm - Hà Nội
","
1,07
Tỷ ","
--
",['Mua bán Căn hộ chung cư  Vinhomes Ocean Park'],"
 Thông tin cụ thể như sau:- căn  hộ  chung  cư thuộc toà S2.11 - khu  đô  thị vin Ocean Park - Gia Lâm - Thủ  đô  Hà  Nội.- Tổng DT: 31.2 m.- Thiết kế: PN + pk + bếp +  phòng  vệ  sinh.- Nội thất: Có đầy đủ nội thất như hình- giá: 1.07 tỉ, bao phí sang tên bìa  đỏ.gọi  ngay: Đỗ Thương - bất  động  sản Nhà Mới.số  điện  thoại: 0984 422 *** 
",Căn hộ,1, 21/11/2023,19/12/2023,Bán,2641504
"
Cần bán ngay nhà shr 5 tầng, 46 m2, mặt tiền 5m tại Phố Hạ Đình - Hạ Đình - Thanh Xuân, giá 4.3 tỷ
","
4,3
Tỷ ","
46
m2
","['Hà Nội', 'Quận Thanh Xuân', 'Mua bán Nhà riêng tại Phố Hạ Đình']","
 Bán nhà căn  hộ  góc phố Hạ Đình, Q. Thanh Xuân, nhà mới gần phố, ngõ to rộng, ba gác tránh xe máy.+ Vị trí trung tâm di chuyển đi đâu cũng tiện: 5 ph ra ngã  4 Sở, Xung quanh đầy đủ tiện ích, trường học, chợ, hồ điều hoà, shop tiện lợi.DT 46m2, 5 tầng, giá 4.3 tỉ.Thiết kế 5 tầng đầy đủ công năng.bìa  đỏ chính chủ, sẵn sàng giao dịch. 
",Nhà riêng,5, 20/11/2023,18/12/2023,Bán,2641480
"
Cần bán ngay nhà sổ riêng 6 tầng, 44 m2, mặt tiền 3m tại Đường Giáp Nhất - Thanh Xuân, giá 6.5 tỷ
","
6,5
Tỷ ","
44
m2
","['Hà Nội', 'Quận Thanh Xuân', 'Mua bán Nhà riêng tại Đường Giáp Nhất']","
 cực  hiếm ngã  4 Sở oto đỗ cửa KD đỉnh cao - ngõ thông rộng - nhà mới đẹp nội  thất  đầy  đủ sang xịn - ban công, sân thượng cực thoáng.- Chủ ở lộc lá, chuyển qua nhà mới rộng đẹp hơn nên có gia lộc cho khách mua 44m2 x 6 tầng x 6.5 tỉ (có thỏa  thuận).- Vị trí siêu đỉnh, 3 bước chân ra ngã  4 Sở - ngõ  tương  đối  rộng thông sang Nguyễn Trãi, Quan Nhân,... Hàng xóm Vincom Royal City, tiện ích ngập tràn, KD sầm uất.- Nhà mới toanh, nội thất sang trọng khách mua chỉ việc vào ở, nhà thoáng sáng, ban công rộng cực chill.- Thiết kế đầy đủ công năng sử dụng.+ Tầng 1: Mặt bằng KD, văn phòng.  p.khách sang xịn mịn.+ Tầng 2: Tầng lửng. Bếp + bàn ăn.+ Tầng 3, 4, 5: Mỗi tầng hai PN rộng, vệ sinh cầu thang giữa.+ Tầng 6: Phòng thờ, sân phơi. Khuôn viên trồng cây rộng thoáng.- bìa  đỏ nở hậu nhẹ, sẵn sàng sang tên chủ mới.call  ngay Kim Yến 0947 665 *** 
",Nhà riêng,6, 20/11/2023,18/12/2023,Bán,2641479
