Title,Price,Area,Address,Gen_descrip,Loại hình,Số phòng ngủ,Ngày đăng,Ngày hết hạn,Loại tin,ID tin
"
Cần bán gấp nhà mặt phố đẹp 3 tầng, 245 m2 tại Đường Lâm Du - Bồ Đề - Long Biên, giá 28.5 tỷ
","
28,5
Tỷ ","
245
m2
","['Hà Nội', 'Quận Long Biên', 'Mua bán Nhà mặt phố tại Đường Lâm Du']","
 + chính chủ nhiều lộc làm ăn phát đạt chuyển về căn  biệt  thự to hơn cần bán  ngay nhà mặt phố Bồ Đề, Long Biên, TP  Hà  Nội Nhà thuộc hàng quý hiếm vị trí kim cương, phù hợp mọi loại hình KD VP, spa, phòng khám, đáp ứng mọi loại hình,+ Vị trí siêu hot nhiều KH tìm kiếm mua để đầu tư KD buôn bán, con phố tấp nập ngày đêm nổi tiếng nhất Q. mà giá chỉ có nhỉnh 100 triêu/1m. Ba bước chân ra cầu Chương Dương, gần hồ điều hoà, sang phố chỉ trong nốt nhạc,+ Tiện ích khu vực quá đẳng cấp gần BV Đa khoa Tâm Anh, trường quốc tế Bồ Đề, khu  đô  thị Nguyễn Sơn, Nguyễn Văn Cừ, Hồng Tiến, Hoàng Như Tiếp, phố ẩm thực Ngọc lâm gần nối dấn cầu Trần Hưng Đạo,- Khách thiện trí vào việc luôn bìa  đỏ chính chủ pháp  lí rõ ràng sẵn sàng giao dịch, quý khách nhanh tay gọi  ngay; Quang Lành để xem nhà trực tiếp và gặp chủ thỏa  thuận, 
",Nhà mặt phố,5, 20/11/2023,18/12/2023,Bán,2641470
"
Sở hữu ngay liền kề, biệt thự 4 tầng, 155 m2, giá 26.5 tỷ tại Hoàn Kiếm - Hà Nội
","
26,5
Tỷ ","
155
m2
","['Hà Nội', 'Quận Hoàn Kiếm', 'liền kề tại Đường Phan Chu Trinh', 'Mua bán Nhà biệt thự']","
 - biệt  thự 4 tầng thang máy siêu đẹp, toạ lạc tại vị trí trung tâm Hoàn Kiếm.- Căn BT cực thoáng 2 ngõ trước sau, khu vực đắc địa, quần thể tiện ích đáng sống nhất thành  phố  Hà  Nội.- Thiết kế: 4 tầng,- Tầng 1: Khách, bếp, phòng ăn,  nhà  vệ  sinh.- Tầng 2 + 3 Chủ đang làm sảnh trưng bày sản phảm đồ khảm mỹ nghệ, PN.  nhà  vệ  sinh, trước đây 3 ngủ.- Tầng 4: Phòng thờ, kho, sân phơi.- bìa  đỏ chính chủ vuông đẹp cất két.- Giá chỉ 26.5 tỉ.- Xem nhà L/H trực tiếp 0901 678 ***A Tưởng) không  trung  gian. 
","Nhà biệt thự, liền kề",3, 20/11/2023,18/12/2023,Bán,2641469
"
Bán chung cư HH2 Linh Đàm, 2 phòng ngủ, giá 1.7 tỷ tại Đường Linh Đàm - Hoàng Mai - Hà Nội
","
1,7
Tỷ ","
--
",['Mua bán Căn hộ chung cư  HH2 Linh Đàm'],"
 chính chủ chuyển về nhà đất Cầu Giấy nên có nhờ em bán căn  hộ  chung  cư 2 ngủ 67,04m2 tại tầng 22 HH2B Linh Đàm. Nhà đã có nội thất chỉ mang đồ đến ở, giá cả thực sự hợp lí với khu vực gần trường học, BV, công viên... Cụ thể như sau ạ:Tầng 22 tòa HH2B Linh Đàm.DT: 67,04m2.Nội thất: Tủ bếp, bếp từ, ban công thoáng, sàn gỗ, trần thạch cao, 02 điều hòa...giá: 1,7 tỉ .LH: 0973 741 *** em Vương Phạm để xem nhà 24/7. 
",Căn hộ,2, 20/11/2023,18/12/2023,Bán,2641462
"
Cần bán gấp bán nhanh căn hộ 3 phòng ngủ, 42 m2, giá 2.4 tỷ tại Ba Đình - Hà Nội
","
2,4
Tỷ ","
42
m2
","['Hà Nội', 'Quận Ba Đình', 'Mua bán Căn hộ chung cư tại Đường Thành Công']","
 Tập thể Thành Công T5.DTSĐ 42m2.diện  tích  sử  dụng 100m2.3 ngủ, 2  phòng  vệ  sinh cực  hiếm view mặt phố 3 mặt thoáng.Nhà tầng 5 siêu đẹp, bìa  đỏ 43 m2, thực tế 100 m2. Lô góc 3 mặt thoáng.Có sân uống trà cực chill.Trường mẫu  giáo, cấp 1, THCS đều trong bán kính 1 kilomet.Thiết kế 2 vệ sinh, 3  phòng  ngủ:- 3  phòng  ngủ (2  phòng  ngủ riêng biệt) Trong đó có 1 phòng master, WC  khép  kín.- 1 pk rộng. 2 ban công.- khu  vực  bếp sáng, thoáng, thiết kế hiện đại.Nội thất: Full đồ, khách chỉ việc xách vali về ở luôn. 
",Căn hộ,3, 20/11/2023,18/12/2023,Bán,2641453
"
Bán nhanh căn hộ FLC Complex, 2 phòng ngủ, 57 m2, giá 2.7 tỷ tại Nam Từ Liêm - Hà Nội
","
2,7
Tỷ ","
57
m2
",['Mua bán Căn hộ chung cư  FLC Complex'],"
 Chính chủ cần bán  ngay căn 2N, 57m, đẹp nhất, mới nhất và rẻ nhất tòa FLC Complex. Do gia chủ không còn nhu cầu sử dụng nữa, nên cần bán lại để đầu tư cái khác, cụ thể như sau:- Hướng: Cửa B , ban công N - Thiết kế: 2 ngủ 2 VS, DT: m thông thủy.- Nội thất đẹp thiết kế sang trọng trẻ trung-  p.khách, bếp, thiết bị vệ sinh tất cả đều mới và sử dụng tốt.- Nhà đã có sổ pháp  lí rõ ràng.- View tầng cao k bị ồn ào , nắng chiếu, bụi, côn trùng.Giá chỉ 2.7 tỉ call  ngay 0866 839 *** để xem nhà 
",Căn hộ,2, 20/11/2023,18/12/2023,Bán,2641452
"
Bán gấp căn nhà riêng 5 tầng, 40 m2, mặt tiền 4m tại Đường Tố Hữu - Vạn Phúc - Hà Đông, giá 7.8 tỷ
","
7,8
Tỷ ","
40
m2
","['Hà Nội', 'Quận Hà Đông', 'Mua bán Nhà riêng tại Đường Tố Hữu']","
 Nhà phân lô 40 mét  vuông, 4 PN, 3 phòng tắm Vạn Phúc Tố Hữu Hà Đông.+ Vị trí: Dịch vụ Vạn Phúc - Tố Hữu, Hà Đông, thành  phố  Hà  Nội (cách ngã  4 Tố Hữu - Vạn Phúc 200m).+ Nhà 5 tầng, 4 PN, 3 phòng tắm đầy đủ công năng, thiết kế thoáng mát, sạch sẽ, gọn gàng. Kết cấu nhà chắc chắn có thể lên 6 tầng thoải mái.+ Gần trường Vạn Bảo, gần BV, siêu thị lớn.+ DT sổ: 40  mét  vuông.+ KD đỉnh.hotline e Chúc xinh: 0984 693 *** 
",Nhà riêng,4, 20/11/2023,18/12/2023,Bán,2641447
"
Bán nhà 4 tầng, 54 m2 tại Đường Ngô Quyền - La Khê - Hà Đông - Hà Nội, giá 5.4 tỷ
","
5,4
Tỷ ","
54
m2
","['Hà Nội', 'Quận Hà Đông', 'Mua bán Nhà riêng tại Đường Ngô Quyền']","
 - Vị trí trung tâm Q. Hà Đông, đường Ngô Quyền giao thông thuận tiện tới Vạn Phúc, Quang Trung, Tố Hữu.- Tiện ích xung quanh đầy đủ trường  cấp  1,2,3, chợ, BV NH.- Nhà dân xây chắc chắn đầy đủ công năng nội thất về ở ngay.- bìa  đỏ phân lô sẵn sàng giao dịch.- hotline em Linh tư vấn, xem nhà ngay.*Hỗ trợ tư vấn các thủ tục pháp  lí, vay vốn NH, thiết kế kế thi công nội thất free 24/24. 
",Nhà riêng,3, 20/11/2023,18/12/2023,Bán,2641446
"
Bán nhà shr 3 tầng, 120 m2, mặt tiền 25m tại Huyện Gia Lâm - Hà Nội, giá 8.96 tỷ
","
8,96
Tỷ ","
120
m2
","['Hà Nội', 'Mua bán Nhà riêng tại Huyện Gia Lâm']","
 Gia chủ chuyển vào vin, cần bán  ngay ngôi  nhà tại Trâu Quỳ.+ Nhà có DT trên sổ là 83 mét  vuông, thực tế sử dụng 120 mét  vuông, lô góc 3 mặt thoáng, đường thông oto tứ tung.+ Vị trí đẹp, nằm tại trung tâm của huyện Gia Lâm, nơi tập trung lượng cư  dân đông đúc, KD sầm uất ngày đêm.+ Tiện ích xung quanh đầy đủ, không thiếu gì.liên  hệ  ngay 0388 293 *** em Hoan, hỗ trợ đầy đủ thông tin, xem nhà free. 
",Nhà riêng,4, 20/11/2023,18/12/2023,Bán,2641429
"
Cần bán gấp bán nhanh nhà chung cư Green Tower No17-03 Sài Đồng, 2 phòng ngủ, giá 2.35 tỷ
","
2,35
Tỷ ","
89
m2
",['Mua bán Căn hộ chung cư  Green Tower No17-03 Sài Đồng'],"
 Vị trí: căn  hộ  chung  cư No17-3 Sài Đồng - Long Biên.Thiết kế: DTTT 89 mét  vuông gồm 2n2 phòng  vệ  sinh.Cửa: TB, ban công: ĐN.Full đồ thiếu tủ lạnh, máy giặt.giá: 2,35 tỉ (không bao phí sang tên).bìa  đỏ chính chủ, lâu dài.hotline xem nhà: Lê Huyền - Chuyên sang  nhượng căn  hộ  chung  cư Long Biên.0969 237 *** 
",Căn hộ,2, 20/11/2023,18/12/2023,Bán,2641421
"
Bán gấp căn chung cư Berriver Jardin, 3 phòng ngủ, 101 m2, giá 4.25 tỷ tại Long Biên - Hà Nội
","
4,25
Tỷ ","
101
m2
",['Mua bán Căn hộ chung cư  Berriver Jardin'],"
 Gia đình bán chung  cư 101 mét  vuông tại căn  hộ Berriver Jardin N02 ngõ 390 Nguyễn Văn cừ- DTTT: 101m2- Thiết kế: 3 phòng  ngủ + 2WC- căn  hộ  góc: hướng  Tây  Nam - hướng  Đông  Nam- đầy  đủ  nội  thất như ảnh- Hiện đang cho thuê 18tr- giá: 4,250 tỉ- gọi  ngay: 0971 508 *** 
",Căn hộ,3, 20/11/2023,18/12/2023,Bán,2641420
"
Cần bán gấp bán nhanh nhà 1 tầng, 127 m2, mặt tiền 7m tại Đường Giải Phóng - Hoàng Mai, giá 9.4 tỷ
","
9,4
Tỷ ","
127
m2
","['Hà Nội', 'Quận Hoàng Mai', 'Mua bán Nhà riêng tại Đường Giải Phóng']","
 Chính chủ bán lô nhà đất 127m2 MT hiện tại 7m chỉ 1 nhà ra mặt phố sau này mở đường lớn nhà mình là nhà mặt phố nhộn nhịp KD buôn bán. Xây tòa nhà 1 mặt phố và 1 mặt ngõ thì rất là đẹp và chất lượng khu vực đông dân nhộn nhịp hiếm mảnh to đẹp còn sót lại.+ Hiện tại nhà  c4 có 4 phòng cho thuê.+ pháp  lí bìa  đỏ chính chủ sẵn sàng giao dịch.+ giá 9.4 tỉ (giá quá rẻ cho các bạn đầu tư xây nhà ở tương lai rộng mở. ).+ liên  hệ  ngay trực tiếp xem đất (không tiếp trung gian). 
",Nhà riêng,4, 20/11/2023,18/12/2023,Bán,2641416
"
Chuyển nhượng nhà riêng sổ đỏ 5 tầng, 52 m2 tại Đường Kim Đồng - Giáp Bát - Hoàng Mai, giá 12.3 tỷ
","
12,3
Tỷ ","
52
m2
","['Hà Nội', 'Quận Hoàng Mai', 'Mua bán Nhà riêng tại Đường Kim Đồng']","
 Bán nhà phân lô - oto đỗ cửa - Kim Đồng - 52m2 - giá 12,3 tỉ.Nhà lô góc mặt ngõ  tương  đối  rộng 2 oto tránh nhau.Dân trí cao, KD tốt.Thiết kế 5 tầng đầy đủ công năng.bìa  đỏ sẵn sàng giao dịch. 
",Nhà riêng,, 20/11/2023,18/12/2023,Bán,2641415
"
Cần bán căn Hồ Gươm Plaza, 3 phòng ngủ, giá 4.55 tỷ tại Đường Trần Phú - Mỗ Lao - Hà Đông - Hà Nội
","
4,55
Tỷ ","
--
",['Mua bán Căn hộ chung cư  Hồ Gươm Plaza'],"
 Do thay đổi mục đích sử dụng nên gia đình tôi cần bán  nhanh căn  hộ  chung  cư tòa căn  hộ  chung  cư Hồ Gươm Plaza cho gia đình nào hợp nhu cầu. Thông tin căn  hộ  chung  cư như sau:DT: 123,2 m2.Hướng cửa: hướng  Đông  Bắc, ban công: hướng  Tây  Nam.Thiết kế căn  hộ  chung  cư: 3 PN, 2 vệ sinh.Nội thất để lại: bình  nóng  lạnh điều hòa, đồ cơ bản gắn tường.Giá: 4 tỉ 550 tr (chưa bao tên, có thỏa  thuận).pháp  lí: Sđcc.gọi  ngay xem nhà 0352 998 *** 
",Căn hộ,3, 20/11/2023,18/12/2023,Bán,2641412
"
Cần bán căn Xuân Mai Riverside, 3 phòng ngủ, 81 m2, giá 3.2 tỷ tại Hà Đông - Hà Nội
","
3,2
Tỷ ","
81
m2
",['Mua bán Căn hộ chung cư  Xuân Mai Riverside'],"
 Hiện gia đình đang ổn định cuộc sống bên Tây Hồ, có căn  hộ  chung  cư không sử dụng đến muốn bán lại cho gia đình nào có nhu cầu thực sự và có  thiện  chí. Thông tin căn  hộ  chung  cư như sau:DT căn  hộ  chung  cư 81 mét  vuông đc thiết kế hợp lý với 3 PN, 2 vệ sinh, 1 pk, 2 ban công, 1 phòng  bếp. Do là căn  hộ  góc nên tất cả các phòng trong căn  hộ  chung  cư đều đón ánh sáng và gió tự nhiên, giúp căn  hộ  chung  cư luôn thông thoáng mạng vượng khí tài lộc đến với gia chủ.Nội thất đc trang bị sẵn như sau: Bếp, tủ bếp, tủ quần áo, bộ sô  pha, 1 điều hòa, bình  nóng  lạnh.pháp  lí: sổ  hồng  riêng chính chủ cùng các loại giấy tờ liên quan.giá 3.2 tỉ có thỏa  thuận.anh  chị cảm thấy yêu thương căn  hộ  chung  cư thì hân hạnh đc đón tiếp mọi người tại căn  hộ  chung  cư ạ. Mọi thông tin chi tiết call  ngay 0352 998 ***Zalo). 
",Căn hộ,3, 20/11/2023,18/12/2023,Bán,2641411
"
Sở hữu căn hộ Sunshine City, 1 phòng ngủ, giá rẻ tại Phường Đông Ngạc - Bắc Từ Liêm - Hà Nội
","
Thỏa thuận
","
--
",['Mua bán Căn hộ chung cư  Sunshine City'],"
 Chính chủ bán  ngay căn  hộ tòa S4 dự án Sunshine City khu  đô  thị Nam Thăng Long:- DTTT: 52,9 mét  vuông.- DT tim tường: 57,3 mét  vuông.- Thiết kế căn  hộ  chung  cư 1 ngủ 1 vệ sinh, có ban công và lô  gia rộng thoáng.- Nội thất bàn giao đầy đủ đồ mới đẹp, khách mua chỉ việc xách va  li về ở.- giá thỏa  thuận nhẹ.contact tư vấn: 0989 734 *** 
",Căn hộ,1, 20/11/2023,18/12/2023,Bán,2641408
"
Cần bán gấp căn chung cư VP5 Linh Đàm, 2 phòng ngủ, giá 2 tỷ tại Hoàng Mai - Hà Nội
","
2
Tỷ ","
--
",['Mua bán Căn hộ chung cư  VP5 Linh Đàm'],"
 Gia đình cần tiền đầu tư mở rộng KD nên muốn bán căn 2 ngủ rộng thoáng tòa Nơ Pháp Vân, ở siêu thích. Khách có  thiện  chí xem nhà và trao đổi thỏa  thuận trực tiếp.- DT: 59.5m- Thiết kế vuông  vức, hợp lý gồm 2 PN, 1  toilet,  p.khách và bếp đẹp.- Nội thất: Điều hòa, bình  nóng  lạnh, tủ bếp, hút mùi, máy giặt, tủ lạnh, giường  ngủ tủ,...- Tiện ích khu vực: Mật độ cư  dân vừa phải, thoáng mát, gần hồ điều hòa, khuôn viên cây xanh xung quanh, siêu thị, bank, fitness, spa, nhà thuốc, mẫu  giáo, nhà hàng ăn uống, cà  phê, giải trí,...- Khu căn  hộ nằm ngay mặt đường thuận tiện di chuyển ra đường cao tốc Pháp Vân, bến xe Nước Ngầm, bến xe Giáp Bát, công viên Yên Sở, hồ Linh Đàm. Cách trung tâm 3 kilomet.- pháp  lí: bìa  đỏ chính chủ.- giá: 1.999 tỉ không bao sang tên (giá có thỏa  thuận).- Hỗ trợ khách vay NH: Khách có  thiện  chí thương  lượng thêm. 
",Căn hộ,2, 20/11/2023,18/12/2023,Bán,2641404
"
Sở hữu nhà đẹp 7 tầng, 108 m2, mặt tiền 5m tại Đường Nguyễn Khánh Toàn - Cầu Giấy, giá 21 tỷ
","
21
Tỷ ","
108
m2
","['Hà Nội', 'Quận Cầu Giấy', 'Mua bán Nhà riêng tại Đường Nguyễn Khánh Toàn']","
 TÒA NHÀ VĂN PHÒNG - NGUYỄN KHÁNH TOÀN - DOANH THU 115TR/TH - SIÊU ĐẦU TƯ - TRUNG TÂM CẦU GIẤY - L/H anh Tuấn 0961 293 ***- Nhà mới xây dựng đi vào hoạt động đc 2 năm, nhà khung cột móng 9 tầng, Thiết kế hiện đại, nội thất đẳng cấp.- 100m sang Ba Đình, 2 kilomet sang Tây Hồ, 3 kilomet sang Nam, Bắc Từ Liêm.- Tòa nhà thiết kế Hiện đại nhất có thể, công năng dành cho văn phòng cao cấp.- Thiết bị vệ sinh hàng cao cấp.Thang máy nhập tải trọng 450kg, số lượng 6 người.+ Thiết kế: - Tầng 1: KD caffe và quầy dịch vụ doanh thu 20-40tr/th từ KD coffee.- Tầng 2,3,4,5: Thông sàn mỗi tầng cho văn phòng thuê 18tr/th.+ Trong đó tầng 3,5 cho DN FDI nước ngoài thuê với giá 1,2k đô và 1k đô.- Tầng 6: Văn phòng nhỏ, vườn hoa, sân thưởng trà- Tầng 7: Khu kỹ thuật và sân phơi.+ Chủ tự KD, doanh thu hàng tháng bỏ túi 100-110tr/th.- SĐCC, sẵn giao dịch.- giấy  phép  XD. phòng  cháy  chữa  cháy. Giấy tờ pháp lý KD đầy đủ. 
",Nhà riêng,7, 20/11/2023,18/12/2023,Bán,2641403
"
Bán nhanh nhà 8 tầng, 123 m2, mặt tiền 5m tại Đường Đình Thôn - Nam Từ Liêm, giá 25.9 tỷ
","
25,9
Tỷ ","
123
m2
","['Hà Nội', 'Quận Nam Từ Liêm', 'Mua bán Nhà riêng tại Đường Đình Thôn']","
 CCMN KHU PHÂN LÔ ĐÌNH THÔN MỸ ĐÌNH - 8 TẦNG THANG MÁY- 26 PHÒNG KHÉP KÍN - DÒNG TIỀN 160tr/THÁNG, 2 tỉ/NĂN - oto TẢI TRÁNH oto.- GIÁ MUA CỰC TỐT, DƯ ĐỊA TĂNG GIÁ CÒN RẤT NHIỀU, DÒNG TIỀN ỔN ĐỊNH.- DT 123m2 xây 8 tầng thang máy nhập khẩu!+ MT 5m sổ đẹp.- Đình Thôn mệnh danh là con phố không ngủ, KD sầm uất 24/24. Khu vực rất đông người Hàn sinh sống.- Nhà có vị trí đẹp vô đối, phân lô bàn cờ, oto tránh nhau, vỉa hè dừng đỗ, toà nhà đa công năng, có thể thay đổi làm toà văn phòng cũng là siêu phẩm!+ Thông Mỹ Đình vành đai 3 Phạm Hùng, Cầu Giấy. - Thiết kế 8 tầng. Tổng 26 căn  hộ  chung  cư cho thuê+ Tầng 1: Để xe+ Tầng 2-3-4-5-6-7: Mỗi tầng 4 phòng khép kín nội  thất  đầy  đủ+ Tầng 8: 2 phòng và sân phơi rộng.+ bìa  đỏ vuông  vức, sẵn sàng giao dịch .- gọi  ngay em Chung chuyên CCMN, bất  động  sản dòng tiền Thủ  đô  Hà  NộiCall/Zalo: 0947 680 *** 
",Nhà riêng,26, 20/11/2023,18/12/2023,Bán,2641402
