Title,Price,Area,Address,Gen_descrip,Loại hình,Số phòng ngủ,Ngày đăng,Ngày hết hạn,Loại tin,ID tin
"
Bán căn nhà mặt phố 5 tầng, 47 m2, mặt tiền 7m tại Phố Xã Đàn - Nam Đồng - Đống Đa, giá 11.8 tỷ
","
11,8
Tỷ ","
47
m2
","['Hà Nội', 'Quận Đống Đa', 'Mua bán Nhà mặt phố tại Phố Xã Đàn']","
 BÁN NHÀ 5 TẦNG MẶT PHỐ XÃ ĐÀN 2 - NHÀ ĐẸP - MẶT PHỐ oto TRÁNH - MT RỘNG - KD BẤT CHẤP.+ Vị trí siêu đẹp, mặt phố Xã Đàn 2, đường oto tránh. Khu vực cư  dân đông đúc, tiện ích thì vô vàn. Xung quanh là chuỗi trường  cấp  1,2,3, siêu thị, NH Giao thông vô cùng thuận lợi. Vài ph di chuyên ra trung  tâm  thương  mại Vincom Center, trường  đại  học Y thành  phố  Hà  Nội Khu vực vửa ở vừa KD thì quá lý tưởng so với phân khúc giá.+ Nhà xây 5 tầng chắc chắn, đẹp, công năng đầy đủ cho một hộ gia đình vừa ở vừa KD. Thiết kế các tầng gồm:- Tầng 1: nhà  để  xe oto (Khu KD).- Tầng 2: pk + Bếp +  toilet.- Tầng 3 + 4: Mỗi tầng 2 PN +  toilet.- Tầng 5: Phòng thờ và sân phơi.+ DT 47m, MT rộng 7,2m.+ bìa  đỏ đẹp. Chính chủ sẵn sàng giao dịch.+ Giá: 11 tỉ 800 tr (Có thỏa  thuận).+ liên  hệ  ngay xem nhà: 0928 651 ***E Toàn chuyên ngôi  nhà  phố Q. Đống Đa). 
",Nhà mặt phố,4, 20/11/2023,18/12/2023,Bán,2641301
"
Cần bán ngay nhà mặt tiền 8 tầng, 60 m2 tại Phố Xã Đàn - Kim Liên - Đống Đa - Hà Nội, giá 29.5 tỷ
","
29,5
Tỷ ","
60
m2
","['Hà Nội', 'Quận Đống Đa', 'Mua bán Nhà mặt phố tại Phố Xã Đàn']","
 Làm việc chính chủ - Tin thật, nhà thật, tư vấn thật - Nhà mặt phố An Trạch, vị trí siêu đẹp. KD sầm uất tiếp giáp với các tuyến phố lớn như Cát Linh, Hào Nam, Giảng Võ, Tôn Đức Thắng, Nguyễn Thái Học...- Toà nhà 8 tầng hiện đại, tối ưu hóa công năng, thang máy thiết kế thông sàn phù hợp với mọi loại hình kinh - Sổ đẹp sẵn sàng giao dịch.- Giá 29.5 tỉ - Chủ có  thiện  chí cần bán  ngay thỏa  thuận thêm - hotline cho tôi Quang Thiện. 0979 367 ***. Tư vấn tận tâm và giúp a/c mua giá  siêu  mềm nhất 
",Nhà mặt phố,2, 20/11/2023,18/12/2023,Bán,2641300
"
Sở hữu căn hộ chung cư Imperia Sky Garden, 2 phòng ngủ, 82 m2, giá 3.7 tỷ tại Hai Bà Trưng
","
3,7
Tỷ ","
82
m2
",['Mua bán Căn hộ chung cư  Imperia Sky Garden'],"
 Chính chủ gửi bán căn 2 ngủ hoa hậu 82m2 tầng cao view sông Hồng nội  thất  đầy  đủ tại Imperia Sky Garden 423 Minh Khai giá 3.7 tỉ cam kết rẻ nhất thị trường.call  ngay: 0967 001 ***em Huy bên Sky D). 
",Căn hộ,2, 20/11/2023,18/12/2023,Bán,2641297
"
Cần bán ngay nhà chung cư GoldSeason 47 Nguyễn Tuân, 3 phòng ngủ, 104 m2, giá 4.1 tỷ
","
4,1
Tỷ ","
104
m2
",['Mua bán Căn hộ chung cư  GoldSeason 47 Nguyễn Tuân'],"
 Gia đình bán căn hộ để đưa bố mẹ già về gần , nhượng lại căn hộ tòa Gold Season 47 Nguyễn Tuân - Căn hộ 104 mét  vuông thiết kế 3 phòng  ngủ 2 phòng  vệ  sinh , các phòng ngủ - Tầng cao, ban công mát - Bàn giao lại full NT gia đình làm tâm huyết - SDCC sẵn sàng giao dịch Giá 4.1 tỷ L/H tôi để xem nhà 0911 255 *** 
",Căn hộ,3, 20/11/2023,18/12/2023,Bán,2641296
"
Chuyển nhượng chung cư Khu đô thị mới Văn Phú, 3 phòng ngủ, 158 m2, giá 4.3 tỷ tại Hà Đông
","
4,3
Tỷ ","
158
m2
",['Mua bán Căn hộ chung cư  Khu đô thị mới Văn Phú'],"
 Chính chủ bán  nhanh căn 3 ngủ tòa CT12 Văn Phú, Phú La, Hà Đông, TP  Hà  Nội.DT: 158 m.Hướng cửa: hướng  Đông  Nam, hướng ban công: hướng  Tây  Nam.Thông số chung  cư: 3 PN, 2  toilet, 1 ban công, bếp và pk. Nội thất để lại: Bếp từ, tủ bếp, bàn ăn, 2 điều hoà, bàn trà,... Đồ gắn tường.Giá rao: 4.3 tỉ (Có thỏa  thuận).pháp  lí: sổ  hồng  riêng chính chủ.contact chị Ngọc 0846 881 *** 
",Căn hộ,3, 20/11/2023,18/12/2023,Bán,2641283
"
Bán căn hộ Khu đô thị mới Xa La, 2 phòng ngủ, 63 m2, giá 1.86 tỷ tại Hà Đông - Hà Nội
","
1,86
Tỷ ","
63
m2
",['Mua bán Căn hộ chung cư  Khu đô thị mới Xa La'],"
 Bán chung  cư 65 mét  vuông, 2 phòng  ngủ 2w,có SĐ toà Ct4 khu  đô  thị Xa La, Hà Đông Nhà full đồ  Bán căn  hộ Xa La, Hà Đông - Hà Đông - Thủ  đô  Hà  Nội.- DT: 63m.- Thiết kế: 2 phòng  ngủ, 2 nhà  vệ  sinh,Nhà đẹp, nội thất mới. chỉ việc mang đồ về ở-Giá 1,86.tỉ.- Đã có sổ, hỗ trợ vay NH.- L/H số  điện  thoại zalo : 0913 363 *** 
",Căn hộ,2, 20/11/2023,18/12/2023,Bán,2641281
"
Bán nhà chung cư C14 - Bộ Công An, 2 phòng ngủ, 83 m2, giá 2.6 tỷ tại Nam Từ Liêm - Hà Nội
","
2,6
Tỷ ","
83
m2
",['Mua bán Căn hộ chung cư  C14 - Bộ Công An'],"
 Tôi chính chủ bán chung  cư tại tòa CT2 dự án C14 Bắc Hà, Q. Nam Từ Liêm, thành  phố  Hà  Nội.Do mở rộng KD gia đình tôi bán lại chung  cư tại C14 Bắc Hà, Q. Nam Từ Liêm, thành  phố  Hà  Nội.DT: 83 mét  vuông. View tầng cao đẹp không bị nắng, bụi.Thiết kế gồm: 2 PN, 2 vệ sinh.Nội thất: Nội thất liền tường.giá: 2,6 tỉ (có thỏa  thuận).hotline em Huy: 0967 589 *** xem nhà free. 
",Căn hộ,2, 20/11/2023,18/12/2023,Bán,2641256
"
Bán gấp căn hộ chung cư Vinaconex 21, 3 phòng ngủ, 139 m2, giá tốt tại Hà Đông - Hà Nội
","
Thỏa thuận
","
139
m2
",['Mua bán Căn hộ chung cư  Vinaconex 21'],"
 Chính chủ bán căn  hộ  chung  cư Vinaconex 21, Hà Đông 139 mét  vuông, 3 PN, 2 vs giá hơn 2 tỉ.+ Tòa nhà ngay gần ngã  ba Ba la, cách đường Quang Trung ~ 20 mét. Đi vào nội đô, hay ra ngoại ô, giao thông rất thuận tiện.- Thiết kế: 3 PN, 2 vệ sinh, 2 ban công +  p.khách + bếp.- Nội thất như trên bài miêu tả.- bìa  đỏ vĩnh viễn, sẵn sàng giao dịch.* Giá: 2. X tỉ.* gọi  ngay: 0989 898 ***. không  trung  gian. 
",Căn hộ,3, 20/11/2023,18/12/2023,Bán,2641255
"
Cần bán ngay nhà chung cư Green Pearl, 3 phòng ngủ, 88 m2, giá 4.8 tỷ tại Hai Bà Trưng - Hà Nội
","
4,8
Tỷ ","
88
m2
",['Mua bán Căn hộ chung cư  Green Pearl'],"
 Bán căn 3 phòng  ngủ tại tòa B dự án 378 Minh Khai - HBT - HN.căn  hộ  chung  cư đầy  đủ  nội  thất đẹp, đã có sổ, ban công hướng Nam, cửa vào hướng Bắc.giá 7.8 tỉ(nhà có slot để ô  tô).039.323.***9. 
",Căn hộ,3, 20/11/2023,18/12/2023,Bán,2641251
"
Bán nhanh căn chung cư Khu đô thị Splendora An Khánh, 3 phòng ngủ, 110 m2, giá 3.62 tỷ
","
3,62
Tỷ ","
110
m2
",['Mua bán Căn hộ chung cư  Khu đô thị Splendora An Khánh'],"
 Bán căn 3 phòng  ngủ 105m2 và 145m2 tại dự án căn  hộ Essensia nằm trong KĐT Spendora Bắc An Khánh chất lượng sống tuyệt vời như resort cao cấp.- free dịch vụ 3 năm từ ngày nhận nhà.- free các dịch vụ 5* như fitness, Bể Bơi,... 5 năm.- free đỗ xe oto 5 năm (cam kết đủ vị trí đỗ xe).- free xe  buýt 5 năm.- Tặng gói nội thất lên tới 250tr.- Tặng voucher nghỉ dưỡng sang trọng 12tr.Quý anh  chị đang cần một cuộc sống, không gian yên tĩnh, trong lành, hoà quyện với thiên nhiên thì đây sẽ là sp cực kì phù hợp.- SDT liên  lạc: 0981 258 *** 
",Căn hộ,3, 20/11/2023,18/12/2023,Bán,2641237
"
Cần bán gấp bán nhanh nhà riêng 6 tầng, 55 m2, mặt tiền 5m tại Đường Minh Khai, giá 12.5 tỷ
","
12,5
Tỷ ","
55
m2
","['Hà Nội', 'Quận Hai Bà Trưng', 'Mua bán Nhà riêng tại Đường Minh Khai']","
 - Bán nhà phân lô Minh Khai, Q. Hai Bà Trưng.- Nhà xây mới 6 tầng có thang máy, có garage oto.- Ngõ đẹp, rộng, thông thoáng. Hàng xóm thân thiện, dễ mến. Tiếp giáp với các phố Kim Ngưu, Tam Trinh, Bạch Mai, Đại La, Trương Định.- Tiện ích xung quanh đầy đủ: trường  cấp  1,2,3, chợ quê, siêu thị, NH, BV, công viên, hồ điều hoà.- Thiết kế: 1 pk rộng, bếp, 6 PN, 5  phòng  vệ  sinh, 2 sân phơi.- Giá mong muốn 12.5 tỉ (có thỏa  thuận).- bìa  đỏ chính chủ, vuông đẹp, không lỗi phong thuỷ.- Cam kết thông tin chuẩn 100 phần  trăm.- call  ngay để xem nhà ngay. E Dũng 0376 812 *** 
",Nhà riêng,6, 20/11/2023,18/12/2023,Bán,2641217
"
Cần bán gấp nhà 6 tầng, 57 m2 tại Phố 8/3 - Thanh Nhàn - Hai Bà Trưng - Hà Nội, giá 12.3 tỷ
","
12,3
Tỷ ","
57
m2
","['Hà Nội', 'Quận Hai Bà Trưng', 'Mua bán Nhà riêng tại Phố 8/3']","
 Chính chủ bán ngôi  nhà mới khu phân lô phố 8/3 đi thông sang 191 Minh Khai, oto 7 chỗ vào nhà, có thang máy.- DT 55m/57m nhà xây 6 tầng thang máy, MT hơn 4m, thoáng trước sau, thang bộ ở giữa.+ Tầng 1: garage oto, vệ sinh, 1 phòng đa năng.+ Tầng 2:  p.khách, 1 ngủ vệ sinh giữa.+ Tầng 3 - 4: Mỗi tầng 2 phòng, vệ sinh giữa.+ Tầng 5: Bếp, phòng sinh hoạt chung, vệ sinh giữa.+ Tầng 6: Phòng thờ, sân phơi.Khu phân lô vip đường vỉa hè oto tránh, ngay gần mặt phố Minh Khai, gần cụm các trường Bách Khoa - Kinh Tế - Xây Dựng, gần Times City, cách hồ Hoàn Kiếm 4,5 kilomet.- Ngõ 191 thông các tuyến phố Minh Khai - phố 8/3 - phố Chùa Quỳnh - Thanh Nhàn.- Nhà đang lắp nội thất, dự kiến hoàn thiện trước tháng 12 Dương Lịch.- bìa  đỏ chính chủ, giá 12,3 tỉ (có thỏa  thuận)liên  lạc chính chủ: 0856 726 ***không  trung  gian) 
",Nhà riêng,5, 20/11/2023,18/12/2023,Bán,2641216
"
Cần bán ngay căn 2 phòng ngủ, 55 m2, giá 2.25 tỷ tại Phường Giảng Võ - Ba Đình - Hà Nội
","
2,25
Tỷ ","
55
m2
","['Hà Nội', 'Quận Ba Đình', 'Mua bán Căn hộ chung cư tại Phường Giảng Võ']","
 căn  hộ 9 tầng - thang máy - vị trí đắc địa ở Q. trung tâm Ba Đình - một bước ra hồ giảng võ - hiếm nhà bán.- Toà nhà nằm ngay vị trí đắc địa nhất, một mặt giáp với đường Kim Mã, một mặt giáp với Trần Huy Liệu, còn một mặt view hồ Giảng Võ thoáng mát vô cùng.- DT sổ 40m2 nhưng chủ cơi nới dc 55m2. Chủ mới muốn cơi nới thêm thì vẫn có thể cơi nới thêm đc 15m2 nữa nếu có nhu cầu.- Thiết kế chung  cư bao gồm: 01 pk rộng + 2 PN + bếp + vệ sinh + ban công.- dân  cư sử dụng thẻ từ khi ra vào thang máy.- phí  DV: Hơn 100k/ tháng, xe máy 60k, oto để ngoài đường Hồ không mất tiền.- bìa  đỏ chính chủ, giao dịch sẵn sàng. 
",Căn hộ,2, 20/11/2023,18/12/2023,Bán,2641195
"
Chuyển nhượng căn hộ chung cư Golden Park Tower, 3 phòng ngủ, 130 m2, giá 8.35 tỷ tại Cầu Giấy
","
8,35
Tỷ ","
130
m2
",['Mua bán Căn hộ chung cư  Golden Park Tower'],"
 Chính chủ bán căn  hộ Golden Park Tower, Phạm Văn Bạch 130 m2 3 PN, 2vs.* Nội thất trị giá hơn 1 tỉ  Việt  Nam  đồng.+ Vị trí đắc địa số 2 Phạm Văn Bạch giao Trung Kính, Yên Hòa, Dương Đình Nghệ, Tôn Thất Thuyết, Trần Thái Tông, view dự án Đại Sứ Quán Mỹ, công viên Cầu Giấy.+ Thiết kế 3 PN, 2 vệ sinh, thông minh hiện đại, đầy  đủ  nội  thất hơn 1 tỉ. Công năng hoàn hảo, thoáng sáng tự nhiên, tiện ích nội khu đầy đủ phòng  gym, yoga, bể bơi, spa, siêu thị,...+ Tòa 45 tầng, phí  DV 9000/m2, 4 tầng hầm oto để thoải mái 1.4tr/tháng, hệ thống 6 thang máy 2000kg chạy tít, xe máy 150k/tháng.- Hướng cửa hướng  Tây  Nam - Ban công hướng  Đông  Bắc, rất thoáng mát.- Có slot oto.- bìa  đỏ vĩnh viễn, sẵn sàng giao dịch.- Thông số và hình ảnh chính xác 100 phần  trăm.- Giá: 8.35 tỉ.* contact: 0989 898 *** không  trung  gian! 
",Căn hộ,3, 20/11/2023,18/12/2023,Bán,2641189
"
Cần bán ngay nhà chung cư Chelsea Park - Khu đô thị mới Yên Hòa, 3 phòng ngủ, giá 7.5 tỷ
","
7,5
Tỷ ","
118
m2
",['Mua bán Căn hộ chung cư  Chelsea Park - Khu đô thị mới Yên Hòa'],"
 Bán căn  hộ  chung  cư E2 Chelsea Residence, 48 Trần Kim Xuyến, Cầu Giấy. Đã có sổ.118m2 3 ngủ 2 nhà  vệ  sinh.Có slot oto.Giá 7 tỉ 5.SDT L/H: 0355 638 ***em Phương). 
",Căn hộ,3, 20/11/2023,18/12/2023,Bán,2641184
"
Bán gấp căn Khu nhà ở Bắc Hà, 3 phòng ngủ, 85 m2, thỏa thuận tại Quận Hà Đông - Hà Nội
","
Thỏa thuận
","
85
m2
",['Mua bán Căn hộ chung cư  Khu nhà ở Bắc Hà'],"
 Chính chủ chuyển nhà xuống mặt đất nên cần bán chung  cư 2 ngủ đã sửa lại thành 3 ngủ, vô cùng hợp lý. Nhà sửa lại tính toán để ở lâu dài, nhưng vì lý do KD nên tôi cần nhượng lại cho chủ mới. Các anh/chị quan tâm xem nhà gọi tôi theo số: 0845 994 *** hoặc 0962 438 ***e. Ngọc). Nhà tôi KD tại nhà nên chỉ cần gọi trước là có thể xem nhà ngay.Dưới đây là một vài thông tin ngôi  nhà mình ạ:Fodacon Bắc Hà- DT: 85  mét  vuông- Hướng cửa: hướng  Đông  Bắc; ban công : hướng  Tây  Nam, cửa sổ PN hướng  Đông  Nam- Thiết kế chung  cư : 3 PN , 2 vệ sinh , 1 ban công, 1 gian  bếp, 1  p.khách- Nội thất gồm: toàn bộ nội thất - nhà đã sửa đẹp, Điều hoà, bình  nóng  lạnh, sàn gỗ,giường  ngủ tủ ...- Giá: 2.9x tỉ (k bao tên, có thỏa  thuận)- pháp  lí: bìa  đỏ chính chủ.Cảm ơn cả nhà đã xem tin 
",Căn hộ,3, 20/11/2023,18/12/2023,Bán,2641179
"
Cần bán gấp bán nhanh căn chung cư Chung cư Bộ Tổng Tham Mưu, 2 phòng ngủ, giá 2.9 tỷ
","
2,9
Tỷ ","
--
",['Mua bán Căn hộ chung cư  Chung cư Bộ Tổng Tham Mưu'],"
 Bán căn căn  hộ tòa nhà A789 Bộ Quốc Phòng, Mỹ Đình.Do gia chủ không còn nhu cầu sử dụng nữa, nên cần bán lại để đầu tư cái khác, cụ thể như sau:- Hướng: Cửa chính Bắc, ban công: Nam.- Thiết kế: 2 ngủ 2 VS, DT: 89,9m2. (Nguyên Bản là 3 phòng  ngủ nhưng đã sửa thành 2 phòng  ngủ).- Nhà full  nội  thất đẹp.- View TP thoáng mát.- Tầng trung thoáng mát yên tĩnh.liên  hệ  ngay xem nhà. 0889 638 *** 
",Căn hộ,2, 20/11/2023,18/12/2023,Bán,2641178
"
Cần bán nhanh căn hộ Eurowindow Multi Complex, 2 phòng ngủ, 94 m2, giá 4.5 tỷ tại Cầu Giấy
","
4,5
Tỷ ","
94
m2
",['Mua bán Căn hộ chung cư  Eurowindow Multi Complex'],"
 Chính chủ cần bán chung  cư Eurowindown Multi - 27 Trần Duy Hưng.DT 94 mét  vuông có 2 PN, 2 vệ sinh.Cửa chính hướng  Tây  Bắc, ban công hướng  Đông  Nam.Nhà ở tầng trung, đã sửa sang có nội thất đẹp bìa  đỏ chính chủ sỡ hữu lâu dài.giá 4.5 tỉ.gọi  ngay: 0971 666 *** 
",Căn hộ,2, 20/11/2023,18/12/2023,Bán,2641164
