Title,Price,Area,Address,Gen_descrip,Loại hình,Số phòng ngủ,Ngày đăng,Ngày hết hạn,Loại tin,ID tin
"
Cần bán nhanh căn hộ Masteri West Heights, 1 phòng ngủ, 46 m2, giá 3.2 tỷ tại Nam Từ Liêm
","
3,2
Tỷ ","
46
m2
",['Mua bán Căn hộ chung cư  Masteri West Heights'],"
 Hàng độc quyền căn 1n + toà b giá  siêu  mềm tại Masteri West Height.DT: 46m2 thông thuỷ.Tầng đẹp ban công hướng  Đông  Bắc, view vừa tầm nhìn biển hồ đẹp, thoáng - không khác gì hotel.Giá chỉ: 3,2xx tỉ.Căn tầng trung nội khu hồ bơi, giá chỉ từ: 2,7xx tỉ.free tiện ích độc đáo (cả trong nhà và ngoài trời.Lễ tân sảnh trực 24/24 giúp tiếp kiệm rất nhiều thời gian.Kí trực tiếp với CĐT - an toàn về pháp  lý.Căn tầng trung nội khu hồ bơi, giá chỉ từ: 2,7xx tỉ.L/H em trang để đc tư vấn và hỗ trợ 24/24: 0911 128 ***zalo/call). 
",Căn hộ,1, 20/11/2023,18/12/2023,Bán,2641059
"
Sở hữu ngay căn hộ chung cư Kinh đô Building, 2 phòng ngủ, 98 m2, giá 5 tỷ tại Hai Bà Trưng
","
5
Tỷ ","
98
m2
",['Mua bán Căn hộ chung cư  Kinh đô Building'],"
 Thông tin chi tiết:+ DT: 98 mét  vuông.+ Số PN: 2.+ pk: 1.+  nhà  vệ  sinh: 2.+ Nội thất: chung  cư đc trang bị nội  thất  đầy  đủ cao cấp.+ giá 5 tỉ có thỏa  thuận cho khách có  thiện  chí.+ View đẹp và vị trí trung tâm:+ chung  cư có view rất đẹp, từ đó bạn có thể quan sát toàn cảnh trung tâm TP  Hà  Nội, hồ Hoàn Kiếm và sông Hồng. Vị trí của căn  hộ  chung  cư rất thuận tiện giao thông, chỉ cách hồ Hoàn Kiếm 1 kilomet. Nó mang lại sự tiện lợi cho cuộc sống hàng ngày, công việc và học tập. Khu tòa nhà có dân trí cao, đảm bảo an  ninh  đảm  bảo và đa dạng các dịch vụ chất lượng cao cấp như văn phòng, NH, siêu thị và các shop mua sắm tiện lợi.+ Tiện nghi và môi trường sống lý tưởng:+ chung  cư đc thiết kế thoáng mát, mang lại sự thoải mái trong mùa hè và ấm áp trong mùa đông. + Hành lang rộng rãi tạo không gian thông thoáng và thoải mái.+ Tòa nhà Kinh Đô Lò Đúc có dân trí cao và an  ninh  đảm  bảo. Ngoài ra, khu vực này còn cung cấp nhiều dịch vụ chất lượng cao cấp như phòng tập fitness, nhà  giữ  trẻ, trường học cấp 1, 2, 3, các trung tâm tiếng Anh, trung tâm đào tạo và các trường quốc tế. Các siêu thị lớn và trung tâm sức khỏe, ăn uống và thể thao cũng nằm gần khu vực này.L/H xem nhà: C Mai: 0982 281 *** 
",Căn hộ,2, 20/11/2023,18/12/2023,Bán,2641058
"
Cần bán gấp nhà shr 5 tầng, 50 m2, mặt tiền 6m tại Đường Ngọc Thụy - Long Biên, giá 6.45 tỷ
","
6,45
Tỷ ","
50
m2
","['Hà Nội', 'Quận Long Biên', 'Mua bán Nhà riêng tại Đường Ngọc Thụy']","
 A Đạt tự xây tâm huyết nay có việc bắt buộc phải bán. Giá giảm 350tr để đc việc.Vị trí ngõ đẹp nhất P. Ngọc Thuỵ.DT 50 mét  vuông - 5 tầng - 3 mặt đường tha hồ thoáng sáng.garage 2 oto 7 chỗ.Giá 6,45 tỉ.liên  hệ 0335 511 *** 
",Nhà riêng,4, 20/11/2023,18/12/2023,Bán,2641056
"
Cần bán nhà sổ riêng 7 tầng, 50 m2, mặt tiền 6m tại Đường Ngọc Thụy - Long Biên, giá rẻ
","
Thỏa thuận
","
50
m2
","['Hà Nội', 'Quận Long Biên', 'Mua bán Nhà riêng tại Đường Ngọc Thụy']","
 Bán 7 tầng thang máy, oto thông vào nhà, lô góc- 50 mét  vuông, mt: 5,5m - giá cực yêu thương. hơn 7 tỉCách 5m ra đuòng 2 oto tránh đg công viên kHai Sơn.. Đường đôi Khai sơn thông vào đất 20 m ra Chợ ngọc thuỵ.. Gần đg hồng tiến kéo sang ngọc thuỵ. khu vực hot.. tiềm năng nhất long biên1 bước ra trường QT việt Pháp, công viên, hồ điều hoà Ngọc Thuỵ.. Khu vực phát triển rầm rộ nhất Long Biên.- Nhà 7 tầng thang máy -50m - mt:5,5mSổ vuông đẹp sẵn sàng giao dịch., zalo: 0903 229 ***.0962 881 ***. 
",Nhà riêng,, 20/11/2023,18/12/2023,Bán,2641055
"
Bán căn hộ chung cư Xuân Mai Riverside, 3 phòng ngủ, 88 m2, giá 3.15 tỷ tại Quận Hà Đông - Hà Nội
","
3,15
Tỷ ","
88
m2
",['Mua bán Căn hộ chung cư  Xuân Mai Riverside'],"
 - Chính chủ cần bán  ngay căn  hộ  góc duy nhất tại Toà căn  hộ Xuân Mai Thanh Bình, Mỗ Lao Hà Đông:- DT 88m , Thiết kế : 3PN-2vs, ban công pk thoáng đẹp, view sang Roman Plaza- Giá chỉ 3,x tỉ bao phí, đầy  đủ  nội  thất, bìa  đỏ cất kéthotline xem nhà: 0963 989 ***( Hình ảnh nhà thực tế) 
",Căn hộ,3, 20/11/2023,18/12/2023,Bán,2641050
"
Cần bán gấp nhà đất 5 tầng, 77 m2, mặt tiền 5m tại Phường Ô Chợ Dừa - Đống Đa, giá 23.5 tỷ
","
23,5
Tỷ ","
77
m2
","['Hà Nội', 'Quận Đống Đa', 'Mua bán Nhà riêng tại Phường Ô Chợ Dừa']","
 Bán nhà Hoàng Cầu - Đống Đa. DT 77m, MT 5m, 5 Tầng, giá nhỉnh 23 tỉ có thỏa  thuận, gia chủ sang định cư nước ngoài, ba bước ra Công viên, ra Hồ, phân lô oto tránh, đậu xe đêm ngày, KD đỉnh, vỉa hè rộng thênh thang.+ Vị trí : Kết nối với các Phố Ô Chợ Dừa - Thái Hà - Đê La Thành.+ Thiết kế :+ Tầng 1: pk, Bếp,  toilet.+ Tầng 2,3: Tổng 6 PN,  toilet.+ Tầng 4: PN rộng, Phòng thờ.+ Tầng 5: Sân phơi, tiểu cảnh.+ bìa  đỏ chính chủ sẵn sàng giao dịch.contact: chị Phúc Diệu 0973 839 *** 
",Nhà riêng,7, 20/11/2023,18/12/2023,Bán,2641046
"
Bán nhanh nhà riêng sổ đỏ 2 tầng, 111 m2, mặt tiền 8m tại Đường 16 - Sóc Sơn, giá 3.6 tỷ
","
3,6
Tỷ ","
111
m2
","['Hà Nội', 'Huyện Sóc Sơn', 'Mua bán Nhà riêng tại Đường 16']","
 Bán nhà căn  biệt  thự Phù lỗ - Sóc Sơn - Thủ  đô  Hà  Nội, vị trí trung tâm, giao thương thuận lợi.- Tổng DT: 111m full thổ cư.- Lô góc 2 MT thoáng đẹp.- đc thiết kế 2 tầng (90m/sàn).- Đường trước nhà 2 ôtô tránh, thông các ngả.- Sát trường  cấp  1 Phù lỗ B, gần chợ Phù Lỗ (KD mọi loại hình), NH, Cơ quan Hành chính ủy  ban  nhân  dân xã Phù Lỗ, Trạm y tế, TTTM, siêu thị...Vui lòng liên  hệ  ngay để xem nhà: chị Bùi Thuận 0906 202 *** 
",Nhà riêng,4, 20/11/2023,18/12/2023,Bán,2641045
"
Bán nhà sổ hồng riêng 6 tầng, 62 m2 tại Đường Yên Hòa - Yên Hòa - Cầu Giấy - Hà Nội, giá 8.5 tỷ
","
8,5
Tỷ ","
62
m2
","['Hà Nội', 'Quận Cầu Giấy', 'Mua bán Nhà riêng tại Đường Yên Hòa']","
 8,5 tỉ có nhà 11 phòng cho thuê dòng tiền 60tr/tháng tại phố Yên Hoà.Dt 62m2*6 tầng.Chủ đang tự vận hành 60tr/tháng, khách mua về có thể cho bên thứ 3 thuê lại 35tr/tháng.bìa  đỏ cất két chờ giao dịch.contact 0914 682 *** 
",Nhà riêng,11, 20/11/2023,18/12/2023,Bán,2641041
"
Chuyển nhượng nhà đẹp 4 tầng, 50 m2, mặt tiền 4m tại Phường Thịnh Quang - Đống Đa, giá 7 tỷ
","
7
Tỷ ","
50
m2
","['Hà Nội', 'Quận Đống Đa', 'Mua bán Nhà riêng tại Phường Thịnh Quang']","
 Vị trí trước nhà rộng vô cùng thoáng, vài bước chân ra phố, an  sinh  xã  hội đỉnh cao.- Nhà vô cùng đẹp thiết kế hiện đại, hợp lý. Tặng full nôị thất cho khách mua có  thiện  chí. 🌺 Thiết kế 4 tầng:- Tầng 1:  p.khách, Bếp,  nhà  vệ  sinh- Tầng 2,3: Mỗi tầng 2 PN,  nhà  vệ  sinh- Tầng 4: Phòng thờ, sân phơibìa  đỏ chính chủ. Giao dịch ngay. 
",Nhà riêng,4, 20/11/2023,18/12/2023,Bán,2641040
"
Bán gấp lô đất 136 m2, mặt tiền 13m, hướng Tây - Nam tại Thạch Thất - Hà Nội, giá 1.7 tỷ
","
1,7
Tỷ ","
136
m2
","['Hà Nội', 'Huyện Thạch Thất', 'Mua bán Đất tại Xã Yên Bình']","
 Chính chủ cắt lô sâu miếng  đất đường Tỉnh Lộ 446 tại xã Yên Bình, Thạch Thất, thành  phố  Hà  Nội.- Vị trí: Cách đường cao tốc Hòa Lạc - Hòa Bình 5 kilomet, ĐHQG cơ sở 2 10 kilomet, đường QL 21A 11 kilomet.- DT 136 mét  vuông, 75 mét  vuông thổ cư, MT 13m, Tây  Nam.- Đường trước nhà 12m (Quy hoạch 28m), đất KD ngày đêm.- Giá: 1,7 tỉ (bao sổ).- bìa  đỏ chính chủ, sang sổ 21 ngày làm việc call  ngay 0903 222 *** 
",Đất,, 20/11/2023,18/12/2023,Bán,2641005
"
Bán nhanh miếng đất tại Xã Yên Bình - Thạch Thất - Hà Nội, giá rẻ
","
Thỏa thuận
","
--
","['Hà Nội', 'Huyện Thạch Thất', 'Mua bán Đất tại Xã Yên Bình']","
 Gia đình chuyển về nội thành ở cần bán mảnh 241.4 m2 mặt đường 28m Thạch Thất- Cách trường  Tiểu  học, cấp 3 Bắc Lương Sơn 2 kilomet.- Cách hồ tự nhiên 2  kilomet.- Gần KDL nghỉ dưỡng Xanh Villas 10 ph.--------------- DT đất: 241.4  mét  vuông- MT 10 m. 
",Đất,, 20/11/2023,18/12/2023,Bán,2641004
"
Bán gấp căn nhà đẹp 2 tầng, 60 m2 tại Đường Nguyễn An Ninh - Tương Mai - Hoàng Mai, giá 6 tỷ
","
6
Tỷ ","
60
m2
","['Hà Nội', 'Quận Hoàng Mai', 'Mua bán Nhà riêng tại Đường Nguyễn An Ninh']","
 Bán đất tặng nhà 2 tầng Nguyễn An Ninh, Hoàng Mai, DT 60 mét  vuông, oto đỗ, KD. Nhỉnh 6 tỉ - có thỏa  thuận giá.- Nhà nằm trong ngõ phân lô, dân trí cao, an ninh tuyệt đối, ngõ thông bàn cờ, nhà gần nhiều tiện ích. Gần trường  cấp  1,2,3 từ mẫu  giáo tới trung học. Xung quanh nhiều tiện ích, gần chợ, gần Nhà thi đấu Hoàng Mai. Cách chỉ 1.5 kilomet là các các trường  đại  học danh tiếng Kinh Tế, Xây Dựng, Bách Khoa, và các BV Bạch Mai, Da Liễu, Việt - Pháp.- Nhà hiện trạng 2 tầng, chủ tự xây dựng chắc chắn vẫn còn ở rất tốt, xác định bán hiện trạng. Khách có  thiện  chí mua giá là có thỏa  thuận.- bìa  đỏ chính chủ, pháp  lí sạch.- hotline em Mây(1982) để đc hỗ trợ xem nhà và gặp làm việc chính chủ hoàn toàn free. 
",Nhà riêng,, 20/11/2023,18/12/2023,Bán,2641003
"
Chuyển nhượng nhà đất 50 m2 tại Đường Nguyễn An Ninh - Tương Mai - Hoàng Mai - Hà Nội, giá 6.95 tỷ
","
6,95
Tỷ ","
50
m2
","['Hà Nội', 'Quận Hoàng Mai', 'Mua bán Nhà riêng tại Đường Nguyễn An Ninh']","
 Tọa lạc tại vị trí đắc địa của phố Nguyễn An Ninh, tiếp giáp các tuyến phố Trương Định, Trần Đại Nghĩa, Tương Mai, phố Vọng, Giải Phóng, gần nhà là BV, trường  cấp  1,2,3, dân trí cao, an  sinh  xã  hội đỉnh.DT rộng, MT lớn chủ tự xây khung cột chắc chắn tỉ mỉ, nhà đẹp long lanh, nội thất xịn sò tổng 4 ngủ rộng, thoáng sáng, chủ mới chỉ việc xách va  li quần áo về ở ngay. Hàng xóm 2 bên đều là giảng viên các trường  đại  học Kinh Tế và Xây Dựng, khu vực đất vượng khí, chính chủ làm ăn rất có lộc, mong muốn bán  ngay để dồn tiền cho việc KD.bìa  đỏ cất két sẵn sàng giao dịch.Giá: 6 tỉ 95 (thỏa  thuận mạnh).hotline em Kim Anh chuyên nhà đẹp giá  mềm Q. Hai Bà Trưng. 
",Nhà riêng,4, 20/11/2023,18/12/2023,Bán,2641002
"
Bán gấp nhà chung cư Khu nhà ở Bắc Hà, 3 phòng ngủ, 85 m2, giá 3 tỷ tại Hà Đông - Hà Nội
","
3
Tỷ ","
85
m2
",['Mua bán Căn hộ chung cư  Khu nhà ở Bắc Hà'],"
 CT2 Fodacon Bắc Hà.DT tim tường: 85  mét  vuông.Hướng cửa: hướng  Đông  Nam, ban công: hướng  Tây  Bắc.Thiết kế căn  hộ  chung  cư: 3 PN, 2 vệ sinh, 1 ban công, 1 gian  bếp, 1 pk.Nội thất để lại: Nhà đã sửa đẹp, Điều hoà, bình  nóng  lạnh, sàn gỗ, giường  ngủ tủ... Mang đi đồ điện tử.Ưu điểm: View đường. Tầng trung đẹp.Giá rao: 3 tỉ (k bao tên, có thỏa  thuận).pháp  lí: bìa  đỏ chính chủ.hotline anh Đức 0975 253 *** 
",Căn hộ,3, 20/11/2023,18/12/2023,Bán,2640989
"
Cần bán ngay nhà chung cư Hồ Gươm Plaza, 2 phòng ngủ, 88 m2, giá rẻ tại Hà Đông - Hà Nội
","
Thỏa thuận
","
88
m2
",['Mua bán Căn hộ chung cư  Hồ Gươm Plaza'],"
 Tôi chính chủ cần bán căn 2 ngủ DT 88m2 căn  hộ Hồ Gươm Plaza:- đã đóng 30 phần  trăm là 1 tỉ cho CĐT- còn lại 70 phần  trăm trả theo tiến độ hợp  đồng  mua  bán trong 3 nămNhà đã có nội thất cơ bản: sàn gạch, thiết bị vệ sinh: bình  nóng  lạnh, bồn tắm, tủ bếp, điều hoàcall  ngay tôi xem nhà: 0977 535 *** 
",Căn hộ,2, 20/11/2023,18/12/2023,Bán,2640988
"
Bán căn Times Tower – HACC1 Complex Building, 3 phòng ngủ, 107 m2, giá 5.1 tỷ tại Thanh Xuân
","
5,1
Tỷ ","
107
m2
",['Mua bán Căn hộ chung cư  Times Tower – HACC1 Complex Building'],"
 Chính chủ bán  ngay căn  hộ Times Tower.Tháp 2.DT 107 mét  vuông thiết kế 3 ngủ 2 vệ sinh.Ban công hướng  Đông  Nam, cửa hướng  Tây  Bắc.Full đồ liền tường.Giá 5,1 tỉ còn thỏa  thuận.gọi  ngay: 0969 905 *** 
",Căn hộ,3, 20/11/2023,18/12/2023,Bán,2640987
