Title,Price,Area,Address,Gen_descrip,Loại hình,Số phòng ngủ,Ngày đăng,Ngày hết hạn,Loại tin,ID tin
"
Sở hữu ngay căn Thống Nhất Complex, 3 phòng ngủ, 122 m2, giá 6.2 tỷ tại Thanh Xuân - Hà Nội
","
6,2
Tỷ ","
122
m2
",['Mua bán Căn hộ chung cư  Thống Nhất Complex'],"
 Chính chủ chuyển công tác cần bán chung  cư 122 mét  vuông Thống Nhất Complex.Thiết kế 3 ngủ 2 vệ sinh.Tầng trung ban công hướng  Đông  Nam thoáng mát.đầy  đủ  nội  thất đẹp.Giá 6,2 tỉ còn thỏa  thuận.liên  hệ  ngay: 0969 905 *** 
",Căn hộ,3, 20/11/2023,18/12/2023,Bán,2640982
"
Bán nhanh chung cư Khu đô thị Đặng Xá 2, 1 phòng ngủ, giá 950 tr tại Gia Lâm - Hà Nội
","
950
Triệu ","
--
",['Mua bán Căn hộ chung cư  Khu đô thị Đặng Xá 2'],"
 - Nhà đầy đủ tiện nghi, chỉ cần vác va  li vào ở: ).- Gần các trường học (cấp 1, 2 Cao Bá Quát), khu chợ dân sinh, thuận tiện đi lại với các tuyến xe  buýt, đường giao thông đi làm tại các nhà máy, KCN thuộc Hưng Yên, Bắc Ninh, Hải Phòng.- pk rộng có thể tách thành 1 p. Khách và 1 p. Ngủ. 
",Căn hộ,1, 20/11/2023,18/12/2023,Bán,2640980
"
Cần bán nhà mặt tiền 5 tầng, 60 m2, mặt tiền 5m tại Đường Nguyễn Công Hoan - Ba Đình, giá 24 tỷ
","
24
Tỷ ","
60
m2
","['Hà Nội', 'Quận Ba Đình', 'Mua bán Nhà mặt phố tại Đường Nguyễn Công Hoan']","
 Tin khẩn cấp - cần bán nhà mặt phố - Nguyễn Công Hoan.Vị trí hiếm - 2 mặt phố trước sau đều có vỉa hè - oto tránh đỗ - KD sầm uất - view trường  cấp  1 Ngọc Khánh và trường  Trung  học  cơ  sở Phan Chu Chinh.Toạ lạc tại vị trí vô cùng đắc địa, 2 mặt phố trước sau đều có vỉa hè, oto tránh đỗ, thông phố Nguyễn Chí Thanh và Ngọc Khánh, gần Hồ Ngọc Khánh. View trường học cực thoáng, vỉa hè thênh thang, khu vực cư  dân đông đúc đường phố 2 chiều xe cộ qua lại tấp nập, KD sầm uất ngày đêm đa loại hình.+ Nhà thiết kế xây 5 tầng chắc chắn, 2 MT nên phòng nào cũng thoáng sáng tự nhiên.+ Tầng 1: KD và  toilet.+ Tầng 2:  p.khách, Bếp và  toilet.+ Tầng 3,4: Mỗi tầng 2  phòng  ngủ và  toilet.+ Tầng 5: Phòng thờ và Sân phơi.+ bìa  đỏ đẹp, sẵn sàng giao dịch.+ Quý khách có nhu cầu mua nhà các mặt phố, phân lô các Q. chính TP  Hà  Nội L/H Em Tuấn 0961 293 ***, giá phù hợp nhất thị trường. 
",Nhà mặt phố,4, 20/11/2023,18/12/2023,Bán,2640949
"
Sở hữu căn nhà mặt phố 10 tầng, 50 m2, mặt tiền 5m tại Đường Bưởi - Ba Đình, giá 22.5 tỷ
","
22,5
Tỷ ","
50
m2
","['Hà Nội', 'Quận Ba Đình', 'Mua bán Nhà mặt phố tại Đường Bưởi']","
 Mặt Phố Đường Bưởi, thông số vàng, KD bất chấp, văn phòng đỉnh.Khu vực tiếp giáp Q. Cầu Giấy, Tây Hồ, Ba Đình. KD hoặc văn phòng đều rất lý tưởng.Toàn bộ hệ thống cửa là gỗ lim Nam Phi, cửa kính dày 1,9 ly.bìa  đỏ đẹp, giao dịch ngay.liên  hệ anh Lợi để đi xem nhà free. 
",Nhà mặt phố,5, 20/11/2023,18/12/2023,Bán,2640948
"
Cần bán ngay căn hộ chung cư Chung cư Bộ Tổng Tham Mưu, 3 phòng ngủ, 86 m2, giá 3.15 tỷ
","
3,15
Tỷ ","
86
m2
",['Mua bán Căn hộ chung cư  Chung cư Bộ Tổng Tham Mưu'],"
 - Chính chủ bán chung  cư tại căn  hộ 789 Mĩ Đình, chung  cư với DT 86 mét  vuông, 3 ngủ, 2 vs, nội thất toàn đồ đẹp, sịn.- Nhà thiết kế khoa học, hợp lí, với đầy đủ công năng, sử dụng.- Vị trí: Cách trung  tâm  TP 15 ph đi bộ, cách các trường  đại  học như: Quốc gia, Ngoại ngữ, Sư phạm chỉ 1 kilomet., nhà view trọn vẹn hồ công viên và cả sân bóng, rất đẹp.- Các trường  cấp  1, THCS, trung học phổ thông đầu gần nhà, siêu thị, chợ, rất tiện.Nhà có slot oto, chỉ 750k/ tháng, và phí  DV chỉ 1,1k/ tháng, rẻ nhất trong các dự án.pháp  lý: bìa  đỏ sẵn sàng giao dịch.contact: anhs Giang 0923 387 *** 
",Căn hộ,3, 20/11/2023,18/12/2023,Bán,2640941
"
Sở hữu ngay căn hộ Vinhomes Smart City, 1 phòng ngủ, 25 m2, giá rẻ tại Nam Từ Liêm - Hà Nội
","
Thỏa thuận
","
25
m2
",['Mua bán Căn hộ chung cư  Vinhomes Smart City'],"
 Cực hấp dẫn trong tháng 9 với căn  hộ phân khu Tonkin và Materi. vin Smart City, P. Tây Mỗ, Nam Từ Liêm.Sau các chính sách hỗ trợ bán hàng thành công của The Sakura - 2 Phân khu mới nhất đang ưu đãi khủng là Tonkin và Master - Dự kiến ra mắt chính sách đầu tháng 9.L/H nhận thông tin qua.Mail: tuongloc6688@gmail.comliên  lạc: 0929 856 *** - phòng  KD chủ  đầu  tư(anh Lộc0789 833 ***Zalo - Bảo Ngọc). 
",Căn hộ,1, 20/11/2023,18/12/2023,Bán,2640927
"
Bán căn hộ chung cư Vinhomes D' Capitale‎ Trần Duy Hưng, 2 phòng ngủ, 72 m2, giá 4.8 tỷ
","
4,8
Tỷ ","
72
m2
","[""Mua bán Căn hộ chung cư  Vinhomes D' Capitale\u200e Trần Duy Hưng""]","
 Bán 2 phòng  ngủ 2 phòng  vệ  sinh view hồ đẹp, giá chỉ 4.8 tỉ.Ban công hướng  Đông  Nam hướng đẹp, để lại đồ nội thất cơ bản.bìa  đỏ lâu dài sẵn sang tên.- Có 1 slot oto.- 2 slot xe máy.- Quản lý bởi vin.- Tòa C3 vị trí trung tâm, thuận tiện di chuyển tại căn  hộ  chung  cư vin D'Capitale Trần Duy Hưng.Xem nhà và trao đổi thêm call  ngay 0934 589 *** 
",Căn hộ,2, 20/11/2023,18/12/2023,Bán,2640906
"
Chuyển nhượng lô đất sổ riêng 120 m2, mặt tiền 6m tại Mễ Trì - Nam Từ Liêm - Hà Nội, giá 23 tỷ
","
23
Tỷ ","
120
m2
","['Hà Nội', 'Quận Nam Từ Liêm', 'Mua bán Đất tại Đường Đại lộ Thăng Long']","
 + Vị trí đất đẹp, lô góc 2 MT đường, ngõ thông oto tránh, vài chục mét ra Đại Lộ Thăng Long, Phố Miếu Đầm, hàng xóm hotel Marriott TP  Hà  Nội,Phù hợp khách mua về xây toà nhà văn phòng cho thuê, hoặc vừa ở vừa KD buôn bán đều hiệu quả.Hiện trạng là nhà  cấp  4 không có gì mô tả, chủ đang cho thuê với giá hữu nghị 10 tr/tháng.Sổ đẹp. Nở hậu, miễn chê! Giao dịch ngay. 
",Đất,, 20/11/2023,18/12/2023,Bán,2640896
"
Cần bán lô đất sổ riêng 120 m2, mặt tiền 6m, hướng Nam tại Nam Từ Liêm - Hà Nội, giá 20 tỷ
","
20
Tỷ ","
120
m2
","['Hà Nội', 'Quận Nam Từ Liêm', 'Mua bán Đất tại Phố Nguyễn Đổng Chi']","
 Mặt ngõ to hơn phố - vị trí đẹp - KD bất chấp với mọi hình thức - tương lai cực sáng - khu vực cực sầm uất.+ DT: 120 mét  vuông, MT 6.3m.+ Giá 20 tỉ.+ Vị trí: Mặt phố Nguyễn Đổng Chi, P. Cầu Diễn, Q. Nam Từ Liêm, TP  Hà  Nội.+ Vị trí nằm đẹp nhất phố, KD bất chấp với mọi hình thức.+ bìa  đỏ chính chủ vuông đẹp sẵn sàng giao dịch luôn.gọi  ngay Em Hà: 0876 464 *** để đc tư vấn. 
",Đất,, 20/11/2023,18/12/2023,Bán,2640895
"
Cần bán gấp căn nhà đẹp 6 tầng, 58 m2, mặt tiền 8m tại Phố Vũ Tông Phan - Thanh Xuân, giá 12.5 tỷ
","
12,5
Tỷ ","
58
m2
","['Hà Nội', 'Quận Thanh Xuân', 'Mua bán Nhà riêng tại Phố Vũ Tông Phan']","
 Chính chủ cần bán căn  hộ  chung  cư mini Thủ  đô  Hà  Nội - thang máy nhập - sát phố - 15 phòng cao cấp nội  thất  đầy  đủ - - khu vực đông cư  dân.Siêu phẩm 619 Vũ Tông Phan 58 mét  vuông x 6 tầng x 8m MT giá 12, x tỉ dòng tiền cho thuê 85tr/ tháng.+ Tầng 1: Để xe.+ Từ tầng 2 đến tầng 6 mỗi tầng 2 - 3 phòng, tổng 15 phòng nội  thất  đầy  đủ.+ bìa  đỏ nở hậu.Ảnh thật.L/H 0973 343 *** 
",Nhà riêng,15, 20/11/2023,18/12/2023,Bán,2640891
"
Bán nhà riêng 5 tầng, 50 m2, mặt tiền 4m tại Phố Khương Hạ - Khương Đình - Thanh Xuân, giá 10.8 tỷ
","
10,8
Tỷ ","
50
m2
","['Hà Nội', 'Quận Thanh Xuân', 'Mua bán Nhà riêng tại Phố Khương Hạ']","
 Bán nhà phân lô Bộ Công An Khương Hạ, Thanh Xuân.gọi  ngay: 0988 043 ***- DT: 50m2, MT 4m.- Đông  Nam mát mẻ.- Nhà xây 5 tầng còn mới đẹp.- Thiết kế:+ Tầng 1: garage oto, pk, bếp.+ Tầng 2,3,4 chia mỗi tầng 2 phòng,  toilet khép kín.+ Tầng 5: Phòng thờ, sân phơi.- Vị trí trung tâm Thanh Xuân, giao thông thuận tiện đi lại, hạ tầng đồng bộ.- Đường trước nhà 7m, 2 oto tránh nhau, vào nhà thoải mái.- Nhà để ở đẹp hoặc cho thuê làm văn phòng tốt.- bìa  đỏ chính chủ cất két, sẵn sàng giao dịch.- giá: 10.8 tỉ (có thỏa  thuận).Chi tiết vui lòng liên  hệ  ngay: 0988 043 ***Cảm ơn đã đọc tin! 
",Nhà riêng,, 20/11/2023,18/12/2023,Bán,2640890
"
Bán chung cư AZ Lâm Viên Complex, 3 phòng ngủ, 121 m2, giá tốt tại Cầu Giấy - Hà Nội
","
Thỏa thuận
","
121
m2
",['Mua bán Căn hộ chung cư  AZ Lâm Viên Complex'],"
 Chính chủ bán căn  hộ  chung  cư cao cấp AZ Lâm Viên, 107 Nguyễn Phong Sắc, 121 m2 3 PN, 2 vs.* Mô tả:- Tòa nhà có vị trí đắc địa, mặt phố Nguyễn Phong Sắc.- Tiện ích đầy đủ, hệ thống TTTM, hệ thống bể bơi bốn mùa, khuôn viên cây xanh, không gian xanh rộng rãi phía dưới dự án sẽ là nơi vui chơi và sinh hoạt cộng đồng.- Gần công viên Nghĩa Đô và các trường  cấp  1, Trung học Nghĩa Tân, Trường Dịch vọng.- Có slot oto.- Là căn lô góc, nhà rất thoáng, sáng, phòng nào cũng có cửa sổ.- Thiết kế bao gồm: 3 PN, 2 WC + bếp + ban công rộng.- bìa  đỏ vĩnh viễn, sẵn sàng giao dịch.- Giá 5.x tỉ.* liên  hệ  ngay: 0989 898 *** miễn TG. 
",Căn hộ,3, 20/11/2023,18/12/2023,Bán,2640887
"
Cần bán gấp căn chung cư Khu đô thị Kim Chung, 2 phòng ngủ, 73 m2, giá 2.72 tỷ tại Hoài Đức
","
2,72
Tỷ ","
73
m2
",['Mua bán Căn hộ chung cư  Khu đô thị Kim Chung - Di Trạch'],"
 chào  bán đợt đầu dự án căn  hộ The Wisteria - Hoài Đức - Thủ  đô  Hà  Nội.Vị trí thuận tiện.+ Giao mặt đường QL32.+ Vành Đai 3.5.+ Gần ga Metro.+ Gần đường 70, Trịnh Văn Bô nối  dài.+ Canh đại  học Công Nghiệp.Quy mô dự án căn  hộ.+ Gôm 3 tòa W1 W2 W3.+ 25 tầng nổi, 2 tầng hầm để xe rộng 3,2ha.+ Tổng số căn  hộ  chung  cư: 840 căn.+ 5 tầng thương mại khối đế.Tiện ích ngay chân tòa nhà.+ Spa, phòng  gym, bể bơi, cà  phê, nhà hàng Á - Âu, TT Mua sắm. Khu vui chơi trẻ em, sân tennis, sân nóng rổ sảnh lounge sang trọng, tuyến phố đi bộ dài 6 kilomet, Công viên.+ Thừa hưởng trọn bộ sưu tập đẳng cấp của đại đô thị đáng sống nhất khu vực Tây HN - Hinode Royal Park.+ Cộng đồng dân  cư đẳng cấp thời thượng.+ Mật độ thang máy thấp nhất thủ đô: 6 thang máy, 1 thang hàng.Thiết kế.- Thiết kế đa dạng công năng sử dụng, các căn  hộ  chung  cư đều có 2 logia.- căn  hộ  chung  cư đa dạng từ 2 phòng  ngủ - 4 phòng  ngủ, Dual key, duplex  thông  tầng, Penthouse...- DT linh hoạt từ 72 đến 142m.- duplex  thông  tầng & penthouse: 140m - 583m.Đơn vị quản lý vận hành.- Quản lý căn  hộ  chung  cư: Leben Community Vietnam.+ Quản lý TT thương mại.+ Quản lý vận hành KĐT.Với The Wisteria không cần đi đâu xa bởi nhà bạn đã là căn  hộ  chung  cư nghỉ dưỡng! 
",Căn hộ,2, 20/11/2023,18/12/2023,Bán,2640886
"
Cần bán ngay nhà sổ riêng 50 m2, mặt tiền 4m tại Phường Kiến Hưng - Hà Đông - Hà Nội, giá 9.7 tỷ
","
9,7
Tỷ ","
50
m2
","['Hà Nội', 'Quận Hà Đông', 'Mua bán Nhà riêng tại Phường Kiến Hưng']","
 Chính chủ bán nhà khu đất dịch vụ đào đất, hàng bè, phường kiến hưng, quận hà đồng, hà nộidiện tích: 50m2nhà cấp 4 đang cho thuê KD quán cơmgiá bán: 9.7 tỷ, sổ hồng chính chủliên hệ: 0903 296 *** 
",Nhà riêng,, 20/11/2023,18/12/2023,Bán,2640870
"
Bán nhanh nhà đẹp 55 m2 tại Đường Lê Trọng Tấn - La Khê - Hà Đông - Hà Nội, thỏa thuận
","
Thỏa thuận
","
55
m2
","['Hà Nội', 'Quận Hà Đông', 'Mua bán Nhà riêng tại Đường Lê Trọng Tấn']","
 + Vị trí đẹp ngay sát khu  đô  thị ParkCity, Cây Xăng Lê Trọng Tấn.DT 55m2.+ Đường trước nhà rộng oto tránh nhau, rất phù hợp vừa ở vừa KD.+ liên  hệ. Em Hoàng Kiên: 0941 251 *** chuyên mua bán ký gửi bất  động  sản thổ cư thành  phố  Hà  Nội. 
",Nhà riêng,, 20/11/2023,18/12/2023,Bán,2640869
"
Bán nhanh nhà chung cư 282 Lĩnh Nam, 2 phòng ngủ, 67 m2, giá 2.05 tỷ tại Hoàng Mai - Hà Nội
","
2,05
Tỷ ","
67
m2
",['Mua bán Căn hộ chung cư  282 Lĩnh Nam'],"
 - Bán căn  hộ ba hàng A. 282 Lĩnh Nam tầng trung.- 2 ngủ - 2 Vệ sinh.- đầy  đủ  nội  thất: giường  ngủ tủ, sô  pha, 3 điều hoà, bình  nóng  lạnh...- DT 67m2.- Vị trí tầng 9 là tầng trung tâm của toà nhà (tránh ồn, nóng).Trần đã làm, đồ nội thất thiết kế riêng theo nhà.bìa  đỏ chính chủ.- Giá: 2,05 tỉ có  thương  lượng.- hotline 0962 255 *** 
",Căn hộ,2, 20/11/2023,18/12/2023,Bán,2640868
"
Cần bán chung cư Khu đô thị mới Linh Đàm, 2 phòng ngủ, 59 m2, giá 2 tỷ tại Hoàng Mai - Hà Nội
","
2
Tỷ ","
59
m2
",['Mua bán Căn hộ chung cư  Khu đô thị mới Linh Đàm'],"
 Gia đình chuyển nhu cầu sử dụng nên cần sang  nhượng lại căn  hộ  chung  cư 2 PN tại căn  hộ  chung  cư nơ 3 bán đảo Linh Đàm, vị trí trung tâm bán đảo linh đảm, nhiều cây xanh không khí rất trong lành. Thông tin căn  hộ  chung  cư như sau:DT 59m2 thiết kế 2 PN 1 vệ sinhVị trí căn  hộ  góc thoáng mátHướng cửa bắc, ban công hướng nam mát mẻgiá 2 tỉ chưa bao tên có thoả thuậncall  ngay: 0338 961 *** 
",Căn hộ,2, 20/11/2023,18/12/2023,Bán,2640867
"
Sở hữu ngay căn Thăng Long Number One, 3 phòng ngủ, 109 m2, giá 5.1 tỷ tại Cầu Giấy - Hà Nội
","
5,1
Tỷ ","
109
m2
",['Mua bán Căn hộ chung cư  Thăng Long Number One'],"
 bán  gấp căn  hộ  chung  cư 3 ngủ Thăng Long DT 109 mét  vuông, 112 mét  vuông, 117 mét  vuông.giá  mềm nhất chỉ từ 5 tỉ 1 - L/H em Kiều 0794 052 ***- Căn 3 phòng  ngủ + 2 vệ sinh, full đồ chỉ việc xách quần áo đến ở. View nhìn trung tâm hội nghị cực thoáng.- Giá chưa bao gồm thuế phí, sổ sách đầy đủ. Sang tên nhanh chóng.- Khách nên qua xem trực tiếp để đánh giá vẻ đẹp của căn  hộ  chung  cư.- Khách quan tâm L/H em Kiều 0794 052 ***Ngoài ra em còn rất nhiều căn  hộ  chung  cư khác cho khách lựa chọn:+ Trục 01 (4N3 toilet): Cửa hướng  Đông  Nam. BC hướng  Tây  Bắc: một  căn bán - Lô góc.+ Trục 02 (2N2 toilet): Cửa hướng  Đông  Nam. BC hướng  Tây  Bắc: 4 căn bán.+ Trục 03 (3N2 toilet): Cửa: hướng  Đông  Nam. BC hướng  Tây  Bắc: 2 căn bán.+ Trục 04 (3N2 toilet): Cửa hướng  Đông  Nam. BC hướng  Tây  Bắc: 3 căn bán.+ Trục 05 (3N2 toilet): Cửa hướng  Đông  Nam. BC hướng  Tây  Bắc: 3 căn bán.+ Trục 06 (2N2 toilet): Cửa hướng  Đông  Nam. BC hướng  Tây  Bắc: một  căn bán.+ Trục 07 (3N2 toilet): Cửa hướng  Đông  Nam. BC hướng  Tây  Bắc: 2 căn bán - Lô góc.+ Trục 08 (3N3 toilet): Cửa hướng  Tây  Bắc. BC hướng  Đông  Nam: một  căn bán - Lô góc.+ Trục 09 (3N2 toilet): Cửa hướng  Tây  Bắc. BC hướng  Đông  Nam: 2 căn bán.+ Trục 10 (3N2 toilet): Cửa hướng  Tây  Bắc. BC hướng  Đông  Nam: 5 căn bán.+ Trục 11 (3N2 toilet): Cửa hướng  Tây  Bắc. BC hướng  Đông  Nam: 2 căn bán.+ Trục 12 (3N3 toilet): Cửa hướng  Tây  Bắc. BC hướng  Đông  Nam: 2 căn bán - Lô góc.anh/chị quan tâm vui lòng gọi  ngay 0794 052 * để đc xem nhà và tư vấn hỗ trợ thủ tục sang tên free ạ. 
",Căn hộ,3, 20/11/2023,18/12/2023,Bán,2640857
