Title,Price,Area,Address,Gen_descrip,Loại hình,Số phòng ngủ,Ngày đăng,Ngày hết hạn,Loại tin,ID tin
"
Cần bán gấp bán nhanh nhà mặt tiền 6 tầng, 60 m2 tại Đường Nguyễn Thái Học - Ba Đình, giá 25 tỷ
","
25
Tỷ ","
60
m2
","['Hà Nội', 'Quận Ba Đình', 'Mua bán Nhà mặt phố tại Đường Nguyễn Thái Học']","
 Bán nhà mặt phố Nguyễn Thái Học, Q. Ba Đình, thành  phố  Hà  Nội.-Thông số vàng đẹp nhất phố. DT 60m x 5,5T, MT 5m. Giá chào 25 tỉ( còn thỏa  thuận)- Vị trí nhà đẹp gần trung tâm Phố cổ,ngay gần toà nhà Doji tuyệt đẹp, vỉa hè trước nhà rộng . KD sầm uất.- Nhà lô góc cực đẹp, đường oto dừng đỗ thoải mái, giao thông thuận tiện gần các tuyến phố lớn như: Kim Mã, Vạn Phúc, Cửa Nam, Lê Duẩn.- Rất phù hợp KH KD spa, quần áo, văn phòng, .- Nhà đang cho thuê spa cực đông khách và sầm uất , khách mua về cho thuê tiếp hoặc lấy lại tự KD đều đc.- bìa  đỏ chính chủ vuông  vức, sẵn sàng giao dịch.- liên  lạc Nguyễn Chính: 0904 360 ***( Chuyên bán nhà mặt phố 4 Q. Phố Cổ)Cảm ơn tất cả mọi người đã xem tin! 
",Nhà mặt phố,4, 20/11/2023,18/12/2023,Bán,2640232
"
Cần bán gấp nhà mặt tiền 6 tầng, 70 m2, mặt tiền 8m tại Đường Bưởi - Ba Đình, giá 23 tỷ
","
23
Tỷ ","
70
m2
","['Hà Nội', 'Quận Ba Đình', 'Mua bán Nhà mặt phố tại Đường Bưởi']","
 Thực sự quá ngon các bác ạ! phải thật nhanh: tòa nhà 6 tầng mặt phố Đường Bưởi, quy hoạch đã ổn định. DT 66/75m2 x 6 tầng 1 tum, MT 8.6m. Toàn bộ tòa nhà thiết kế thông sàn, KD bề thế : trụ sở công ty, văn phòng, nhà hàng, cà  phê,...không hết khách, KD gì cũng ra tiền luôn.- Cái vấn đề vị trí trục chính giao thoa 3 Q. lớn: Cầu Giấy - Ba Đình - Tây Hồ.- giá : 23 tỉ có thỏa  thuận.liên  hệ  ngay Quang Huy : 0945 273 ***chuyên nhà mặt phố tr đô )Xin cảm ơn! 
",Nhà mặt phố,6, 20/11/2023,18/12/2023,Bán,2640231
"
Cần bán chung cư Feliz Homes, 3 phòng ngủ, 107 m2, giá 3.9 tỷ tại Hoàng Mai - Hà Nội
","
3,9
Tỷ ","
107
m2
",['Mua bán Căn hộ chung cư  Feliz Homes'],"
 Gia đình chuyển công tác sang Q. Từ Liêm nên cần bán  gấp căn 3  phòng  ngủ tại căn  hộ  chung  cư Feliz Homes - Hoàng Mai.+ DT 107m2, 3 phòng  ngủ, 2 nhà  vệ  sinh, 2lô  gia.+ Đã đóng đc 100 phần  trăm và 2 phần  trăm kinh  phí  bảo  trì.+ giá 3 tỉ 9, bao toàn bộ chi phí.Nhận nhà ở ngay, có lốt để oto.liên  lạc xem nhà: 0889 050 *** 
",Căn hộ,3, 20/11/2023,18/12/2023,Bán,2640226
