Title,Price,Area,Address,Gen_descrip,Loại hình,Ngày đăng,Ngày hết hạn,Loại tin,ID tin,Số phòng ngủ
"
Bán gấp lô đất 170 m2 tại Xã Hải Bối - Đông Anh - Hà Nội, giá 3.91 tỷ
","
3,91
Tỷ ","
170
m2
","['Hà Nội', 'Huyện Đông Anh', 'Mua bán Đất tại Xã Hải Bối']","
 cần bán miếng  đất DT 170 mét  vuông , MT 7.5m, đường trước nhà 5m, Giá chỉ 23 tr/  mét  vuông - DT 170 mét  vuông bìa  đỏ full thô cư.- MT 7.5 mét  vuông.- Đường trước nhà 5m, 02 mặt thoáng.- Mảnh đất có vị trị cực đẹp, khách mua xây căn  biệt  thự ,nhà vườn view sông .- Xung quanh rất nhiều căn  biệt  thự view sông, sân vườn,khu vực đang có tốc độ phát triển cao với 02 dư án TP Thông Minh, TP 2 bên Dòng Sông Hồng- Giao thông thuận tiện, có để đi từ Cầu Thăng Long, Hoặc Cầu Nhật Tân đều đc.+ bìa  đỏ vuông  vức- call  ngay trực tiếp em Hữu : 0833 688 *** 
",Đất, 19/11/2023,17/12/2023,Bán,2639516,
"
Sở hữu miếng đất 92 m2, mặt tiền 6m, hướng Tây tại Xã An Thượng - Hoài Đức - Hà Nội, giá 5.8 tỷ
","
5,8
Tỷ ","
92
m2
","['Hà Nội', 'Huyện Hoài Đức', 'Mua bán Đất tại Xã An Thượng']","
 Gia đình cần bán  ngay 92m2 đất  DV An Thượng - Hoài Đức.Khu đối diện cổng trường Học viện chính sách và phát triển.pháp  lí: bìa  đỏ trao tay - hỗ trợ bank.MT rộng: Hơn 6m - hướng TN. Đường trước nhà 10m - .Ngay gần trục 36m rất thoáng.Tiềm năng tăng giá xyz. Khi bao quanh rất nhiều toà căn  hộ chuẩn bị đc xây.Giá bán  ngay trong 10 ngày: 63 tr/m2.ACE có nhu cầu tham khảo giá - xem đất 24/24.L/H trực tiếp Em Tỵ An Khánh Alo + zalo: 0936 123 *** để biết thêm thông tin chi tiết! 
",Đất, 19/11/2023,17/12/2023,Bán,2639515,
"
Bán nhanh đất nền 80 m2, mặt tiền 5m, hướng Tây tại Long Biên - Hà Nội, giá 4.8 tỷ
","
4,8
Tỷ ","
80
m2
","['Hà Nội', 'Quận Long Biên', 'Mua bán Đất tại Phường Thạch Bàn']","
 Hàng hiếm Thạch Bàn mua xây nhà tuyệt vời luôn. DT 80m2 đường oto tránh giá chỉ 60tr /1m2.Vị trí gần chợ Ngọc Trì, rất thuận tiện đi lại và có thể xây tòa nhà cho thuê, vp, công ty có dòng tiền... 
",Đất, 19/11/2023,17/12/2023,Bán,2639510,
"
Cần bán gấp bán nhanh lô đất 60 m2, mặt tiền 4m tại Xã An Khánh - Hoài Đức - Hà Nội, giá 4.6 tỷ
","
4,6
Tỷ ","
60
m2
","['Hà Nội', 'Huyện Hoài Đức', 'Mua bán Đất tại Xã An Khánh']","
 Dịch vụ Yên Lũng Hoài Đức Thủ  đô  Hà  Nội.Chỉ bán trong tháng này :dDT 60m, MT 4,3m.Đường và hè 10m.Duy nhất một lô nhìn khu vui chơi,và hồ, rất thoáng mátVị trí Ngay trung tâm hành chính xã An Khánh, trường học Vinschool. cư  dân đông đúc.100m ra đường Đại Lộ Thăng Long. 800m ra đường Lê Trọng Tấn, Thiên Đường Bảo Sơn.* Tiếp giáp quần thể các đô thị, căn  hộ  chung  cư, The Goldent An Khánh, Victory, The Gemek.. Các KĐT phát triển như: KĐT Nam An Khánh, Ha Đô Charm, Siduco Nam An Khánh., vin homes Thăng Long.pháp  lí bìa  đỏ.contact : 0962 025 ***:(Hương)để biết thêm thông tin 
",Đất, 19/11/2023,17/12/2023,Bán,2639503,
"
Cần bán ngay căn Vinhomes Smart City, 2 phòng ngủ, giá 2.7 tỷ tại Quận Nam Từ Liêm - Hà Nội
","
2,7
Tỷ ","
--
",['Mua bán Căn hộ chung cư  Vinhomes Smart City'],"
 Chính thức nhận đặt đặt chỗ toà SA1 - The Sakura vin Smart CityMở bán  gấp trong tháng 11Ưu đãi CK cao dành cho KH đặt sớm, độc quyền quỹ căn 2 phòng  ngủ 54m hot nhất dự án.- Studio: giá từ 1,4 tỉ- 1 phòng  ngủ+1: giá từ 2,1 tỉ- 2 phòng  ngủ2 phòng  vệ  sinh: giá từ 2,7 tỉ- 2 phòng  ngủ+1: giá từ 3,4 tỉ- 3 phòng  ngủ: giá từ 3,7 tỉBàn giao đầy  đủ  nội  thất theo tiêu chuẩn bàn giao chủ  đầu  tưKý hợp  đồng  mua  bán trực tiếp chủ  đầu  tưcall  ngay gọi  ngay: 0942 343 *** để xem nhà mẫu và đặt đặt căn  hộ  chung  cư hot. 
",Căn hộ, 19/11/2023,17/12/2023,Bán,2639498,2
"
Bán gấp nhà shr 5 tầng, 47 m2 tại Phường Mỗ Lao - Hà Đông - Hà Nội, giá 7.35 tỷ
","
7,35
Tỷ ","
47
m2
","['Hà Nội', 'Quận Hà Đông', 'Mua bán Nhà riêng tại Phường Mỗ Lao']","
 chính chủ chuyển sang ở căn  biệt  thự, cần bán  nhanh nhà Mỗ Lao, đường oto thông tứ tung, KD, DT 47 mét  vuông 5 tầng, giá nhỉnh 7 tỉ.- Nằm ngay khu  đô  thị Mỗ Lao, Hồ Gươm Plaza, toà tháp Thiên Nhiên Kỷ, căn  hộ  chung  cư cao cấp Booyoung, đường gần Vũ Trọng Khánh, Tố Hữu, Nguyễn Văn Lộc, Làng Việt Kiều Châu Âu, có đầy đủ tiện ích như khu vui chơi, mua sắm, thể thao, hoạt động ngoài trời. Gần các trường liên cấp 1, cấp 2, cấp 3 Trần Phú, Lê Lợi, Lê Quý Đôn. Xung quanh là rất nhiều trường  Đại  học như đại  học Kiến Trúc HN, HV An Ninh, HV Bưu Chính, đại  học Sư Phạm NT Trung Ương.- Thiết kế: Nhà xây chắc chắn, thiết kế 5 tầng 4 ngủ thoáng sáng, đủ công năng sử dụng, khách chỉ xách va  li về ở.- pháp  lí: bìa  đỏ chính chủ đẹp, sẵn sàng giao dịch 
",Nhà riêng, 19/11/2023,17/12/2023,Bán,2639485,4
