Title,Price,Area,Address,Gen_descrip,Loại hình,Tình trạng pháp lý,Hướng nhà,Ngày đăng,Ngày hết hạn,Loại tin,ID tin
"Mua là được 3PN 81m phân khu cao cấp view thoáng mát Vinhomes tây Mỗ giá 3,7 tỷ
","
3,72
Tỷ ","
81
m2
",['Mua bán Căn hộ chung cư  Vinhomes Smart City'],"
Cần bán gấp căn hộ chung cư 3pn rộng 81m tim tường tại đại đô thị thông minh Vinhomes SMart City Tây Mỗ.Tầng 29 rất đẹp về mặt phong thủy giúp gia chủ có thêm tiền tài, phú quý, tình cảm. View khu biệt thự và khu du lịch thiên đường Bảo Sơn thoáng mát, tầm nhìn tới núi Ba Vì trùng trùng điệp điệp.Nằm phân khu phong cách Nhật Bản, chất lượng xd rất tốt, tiện ích đẳng cấp, vị trí đường thông thoáng kết nối các hướng.Giá trả thẳng chỉ nhỉnh 3,7 tỷ. Hỗ trợ vay ngân hàng miễn gốc lãi tới hết 3/2025.
",Căn hộ,Sổ đỏ,Tây-Bắc, 16/11/2023,30/11/2023,Bán,2632783
