Title,Price,Area,Address,Gen_descrip,Loại hình,Bình nóng lạnh,Bồn tắm,Vòi hoa sen,Bồn cầu,Bồn rửa mặt,Ngày đăng,Ngày hết hạn,Loại tin,ID tin,Tình trạng pháp lý,Hướng nhà,Máy hút mùi,Tủ bếp,Bàn ăn,Kệ TV,Tủ trang trí,Giường ngủ,Bàn phấn,Tủ quần áo,Bàn ghế P.khách
"
Quỹ căn 4PN ngoại giao giá cực tốt dự án Berriver Jardin mua trực tiếp chủ đầu tư
","
6,9
Tỷ ","
180
m2
",['Mua bán Căn hộ chung cư  Premier Berriver Long Biên'],"
- Chính sách bán hàng tháng 08/2023.* Chiết khấu ngay 7% GTCH.* Nhận ngay quà tặng 2 chỉ vàng khi đặt cọc.* Quà tặng 100 triệu tháng ngâu trừ vào giá bán* Tặng SH trị giá 85 triệu* Tặng Voucher nội thất trị giá 50 triệu* Hỗ trợ lãi suất 0% trong vòng 18 tháng*** Bốc thăm trúng thưởng Oto Honda City trị giá 530 triệu và 19 giải thưởng giá trị khác cho 30 khách hàng đầu tiên* Bàn giao gói nội thất cao câp: Khóa Kadas, cửa lõi thép chống cháy, thiết bị Duravit, sàn gỗ bảo hành lên tới 20 năm.* Nhận bàn giao thô chiết khấu ngay 540 triệu đồng đối với căn 4PN.Quỹ căn 1PN - 1WC: 48m².- Quỹ căn 2PN view hướng Đông Nam & thành phố: 62m² - 64m².- Quỹ căn 3PN góc view sông Hồng: 83m², 100m², 110m².- Quỹ căn 4 phòng ngủ: 180m².Thông tin chi tiết vui lòng liên hệ ngay em Việt - phòng kinh doanh chủ đầu tư để lựa chọn được những căn hộ đẹp nhất, giá tốt nhất.
",Căn hộ,1.0,1.0,1.0,1.0,1.0, 14/11/2023,12/12/2023,Bán,1712875,,,,,,,,,,,
"
[ Bán Gấp] - Penthouse Dreamland Bonanza Số 23 Duy Tân - Cầu Giấy 300m2 (bàn giao thô)
","
Thỏa thuận
","
303
m2
",['Mua bán Căn hộ chung cư  Dreamland Bonanza'],"
Siêu phẩm Biệt thự trên cao Penthouse Dreamland Bonanza nằm trên Phố Duy Tân - Cầu Giấy.Nơi hưởng thụ không gian sống Đẳng cấp - Giới hạn vị trí đẹp  quận Cầu GiấyToà nhà: Dreamland Bonanza Số 23 Duy Tân - Cầu Giấy ==========================Tổng diện tích: 300m². Trong đó:- Diện tích tầng 1: 180 m² - Tầng 2: 120 m²- Diện tích khoảng  ban công 17m².Thiết kế: ( 4 - 5 phòng ngủ -5 wc). Độ cao trần phòng khách: 6.7m. Mỗi tầng cao 3.3m.- Bàn giao : Thô - Có bể bơi, gym, golf, bóng bàn, yoga, sân chung nằm tại tầng 6 – 7 toà nhà.- Tầng 1 – 2 là khối thường mại ngân hàng – Siêu thị đã đi vào vận hành.==========================Đặc biệt căn Penthouse sở hữu view siêu thoáng nằm trên tầng cao nhất toà nhà, Không gian bên trong đều có cửa sổ rộng.Ngoài ra có sẵn các tiện ích toà nhà  chủ nhân được sử dụng miễn phí trong 2 năm.và sử dụng free phí DV 3 năm đầu.Chủ nhân  sở hữu căn Penthouse  được sử dụng thang riêng biệt.(ảnh thiết kế 3D ) Hotline: zalo/viber : 0987 106 ***Trân trọng !!! 
",Căn hộ,,,,,, 14/11/2023,28/11/2023,Bán,2629085,Sổ hồng,Đông-Bắc,,,,,,,,,
"
Bán Penthouse Mỹ Đình thiết Kế Duplex 185m2 Bàn giao thô Giá tốt cho khách Hotline 0987106***
","
Thỏa thuận
","
185,3
m2
",['Mua bán Căn hộ chung cư  Iris Garden'],"
Bán căn Penthouse - Mỹ Đình tầng 24 - 25 thông tầng. Bàn giao thô phiên bản giới hạn toà nhà.* Vị trí: Chung cư Iris Garden 30 Trần Hữu Dực Mỹ Đình.Căn penthouse thiết kế thông tầng.* Được bố trí là các căn góc với 2 mặt thoáng.* Tổng diện tích sàn 185m²:- Tầng 1 rộng 103m².- Tầng 2 rộng 82 m².* Căn penthouse được thiết kế cực đẹp, các phòng đều có ánh sáng và gió tự nhiên có khoảng sân vườn tầng 25. View thoáng..* Tầng 1: Có 2 phòng ngủ, 1 phòng khách, 1 phòng ăn, 2 WC, 3 logia.* Tầng 2: Có 2 phòng ngủ, 2WC + 1 sân vườn rộng.* Khu dân cư xanh - sạch - đẹp, an ninh 24/24, mát mẻ, có bể bơi ngoài trời và nhiều cây xanh có đường kính lớn. Có 4 tầng thương mại.* Là nơi có vị trí giao thông thuận lợi, cùng nhiều các nhà trường mẫu giáo Trung học uy tín hàng đầu Lê Quý Đôn, Đoàn Thị Điểm...* Có ban công, lô gia, hồ bơi, shophouse, sân vườn, nhà trẻ, Phòng khám ngay chân tòa nhà...* Đặc biệt cam kết cho 1 slot oto cho chủ nhà.- Giá: 8.5 (tỷ).Hotline: 0987 106 *** (Trung Kiên).
",Căn hộ,,,,,, 14/11/2023,28/11/2023,Bán,2261204,Sổ hồng,Tây-Bắc,,,,,,,,,
"
Bán căn BRG 3 phòng ngủ 120m2 tầng 30 cao, ban công nhìn ra hồ công viên Thanh Xuân
","
8,2
Tỷ ","
120
m2
",['Mua bán Căn hộ chung cư  BRG Diamond Residence'],"
Căn hộ BRG Lê Văn Lương nhận nhà ngay vào hoàn thiện nội thất đón TếtDiện tích 120m2 thiết kế 3 phòng ngủ 2 vệ sinh 2 ban côngTầng 30 cao thoáng, hoàn toàn không bị ảnh hưởng bởi tiếng ồn, bụi từ đường phốBan công Tây nam nhìn ra hồ công viên Thanh Xuân đẹpGiá bán: 8.2 tỷLiên hệ xem nhà: 0911.772.*** (em Ngọc)
",Căn hộ,,,,,, 14/11/2023,12/12/2023,Bán,2629070,,Đông-Bắc,,,,,,,,,
"
Tìm Chủ Nhân Căn Penthouse Mulberry Lane 480m2 Q.Hà Đông (Làng Việt Kiều Châu Âu - không Gian xanh)
","
Thỏa thuận
","
485
m2
",['Mua bán Căn hộ chung cư  Mulberry Lane'],"
𝕄𝕦𝕝𝕓𝕖𝕣𝕪 𝕃𝕒𝕟𝕖 – 𝕃à𝕟𝕘 𝕍𝕚ệ𝕥 𝕂𝕚ề𝕦 ℂ𝕙â𝕦 Â𝕦Mulbery Lane – Làng Việt Kiều Châu Âu, Siêu phẩm Penthouse đẳng cấp trên không – sân vườn riêng trên cao  đẹp nhất Quận Hà Đông .Không Gian thiết kế căn Penthouse  Mulbery Lane – Mộ Lao được  thiết kế. không gian sống “XANH” tiện ích đầy đủ giữa Thủ đô.====================Thông tin chi thiết:+ Diện tích căn hộ: 415m² + Diện tích sân vườn riêng:  70m² - Thiết kế : (4Pn – 5wc)==================== #  Đặc_biệt:  Được thiết kế phòng Masster King: >100m2.  Không gian riêng tư cho chủ nhân căn Penthouse “Rộng – thoáng – đẳng cấp”- (thiết kế mất 200tr decor rất đẹp tặng lại cho người mua).- Là 1 trong những căn penthouse cả HN gần như không có dự án nào có được diện tích lớn và giá tốt như vậy.- Không gian sống cực kỳ ấn tượng, dành cho những ai thích không gian rộng, mở, giếng trời vô cùng thoáng, tràn ngập ánh sáng.- Khoag sân vườn riêng rộng lớn chủ nhân thoả sức sáng tao cho căn Biệt thự trên không.Khu dân cư cao cấp có 54 tiện ích cao cấp:   Tìm hiểu ngay về siêu phẩm độc nhât  Hà Đông này !!! Hotline: 0987. 106. *** 
",Căn hộ,,,,,, 17/10/2023,28/11/2023,Bán,2137293,Sổ hồng,Đông-Bắc,,,,,,,,,
"
Siêu phẩm Penthouse The Zei toà nhà thẳng đứng đẳng cấp nhất Mỹ Đình Thiết kế Duplex tầng 40 - 41
","
Thỏa thuận
","
329
m2
",['Mua bán Căn hộ chung cư  The Zei Mỹ Đình'],"
Biệt Thự Nghỉ Dưỡng Trên Cao – Penthouse The Zei Plaza – Mỹ Đình   Penthouse The Zei nơi hưởng thụ không gian sống đẳng cấp giới hạn – riêng biệt – đẳng cấp. Với tầm view Full kính ngắm toàn thành phố. View toàn cảnh không gian mở.+ Penthouse  The Zei. Thiết kế Dạng Duplex – sân vườn ngoài trời, - Diện tích: 257m2 – 316m2 – 329m2  - Lầu  40 - 41  (phong thuỷ cực đẹp, 5 phòng ngủ, 5 toilet,-  Chiều cao trần 6,9m giúp cho phòng khách thông thoáng. Đầy sang trọng..   Hiện trạng bàn giao thô , Chủ nhận thoả sức không gian sáng tạo riêng theo Gu thẩm mỹ của mình Vị trí toà nhà là tâm điểm trung tâm Mỹ Đình. Tiền ích đầy đủ ,giao thông thuận tiện di chuyển đến các điểm khu vực TT Thành Phố, Với thiết kế nổi bật , các phòng được bố trí Full kính lấy ánh sáng từ bên ngoài,  Với Chiều dài ban công  sân vườn Siêu rộng. Được bố ngoài trời. trồng cây xanh mang không gian sống xanh riêng biệt cho căn Penthouse. Nhận thông tin mặt bằng – báo giá chi tiết từng căn !!!Hotline: 0987 106 *** trân trọng !!!
",Căn hộ,,,,,, 17/10/2023,28/11/2023,Bán,2110133,Sổ hồng,Đông-Nam,,,,,,,,,
"
Bán đất gấp Vân Nội – Đông Anh - Đường ô tô chỗ tránh nhau - Khu vực tiềm năng tăng giá cao
","
3,3 - 3,3
Tỷ ","
67
m2
","['Hà Nội', 'Huyện Đông Anh', 'Mua bán Đất tại Đường 23']","
🚗🚌🚖BÁN ĐẤT GẤP VÂN NỘI – ĐÔNG ANH -TRỤC CHÍNH LÀNG - ĐƯỜNG Ô TÔ CHỖ TRÁNH NHAU - - KHU VỰC TIỀM NĂNG TĂNG GIÁ CAO ĐÔNG ANH LÊN QUẬN👉Đường trước đất ô tô 7 chỗ tránh vào đất thoái mái trục chính làng👉Bán kính 500m bạt ngàn tiện ích. Chợ Vân Trì, Siêu thị, Ngân hàng, trường Cấp 1,2, đầy đủ. cạnh đường QL23.👉PHÁP LÝ SẠCH SỔ ĐỎ SẴN SÀNG GIAO DỊCH👉GỌI NGAY 24/24h
",Đất,,,,,, 14/11/2023,12/12/2023,Bán,2629037,Sổ đỏ,Nam,,,,,,,,,
"
Bán 90m2 đất ở Đức Giang Hoài Đức đường 3 ôtô tránh Kinh doanh mạnh giá 6tỷ.
","
6
Tỷ ","
90
m2
","['Hà Nội', 'Huyện Hoài Đức', 'Mua bán Đất tại Xã Đức Giang']","
Bán 90m2 đất ở Đức Giang Hoài Đức đường 3 ôtô tránh Kinh doanh mạnh giá 6tỷ.  + Vị trí nằm trên trục giao thông chính  thông đi khắp nơi.+ Cách trung tâm hành chính xã, trung tâm chợ, trường chỉ 500m, cách trường học các cấp  MN, 1,2,3 chỉ 300m..  Cơ hội đầu tư tăng lãi vốn là rất lớn khi Hoài Đức lên Quận vào năm 2025...LH: PHẠM VĂN TƯỞNG.- 0 CHÍN 8 MỘT 0 55 SÁU 5 BA.CHUYÊN NHÀ ĐẤT THỔ CƯ HÀ NỘIXem nhà 24/7 hoàn toàn Miễn PhíTẬN TÂM-UY TÍN-CHUYÊN NGHIỆP.
",Đất,,,,,, 14/11/2023,12/12/2023,Bán,2629150,,,,,,,,,,,
"
Bán căn hộ 3 ngủ BRG Le Grand Jardin Sài Đồng Long Biên - Hà Nội giá chỉ từ 4,2 tỷ
","
3,4 - 5,2
Tỷ ","
76 - 106
m2
",['Mua bán Căn hộ chung cư  Le Grand Jardin Sài Đồng'],"
Trực tiếp chủ đầu tư bán quỹ căn 3 ngủ.- Diện tích 85m2, 106m².- Thiết kế 3 ngủ 2 vệ sinh.- Hướng nhà đầy đủ cho khách hàng lựa chọn: Đông Nam, Đông Bắc, Tây Nam, Tây Bắc.- View hồ, view nội khu, view biệt thự Vinhomes Harmony.- Phòng khách cực rộng rãi và khu bếp riêng biệt.- Ban công nối liền phòng khách & Bếp.- Các phòng ngủ rộng rãi, thoải mái.- 2 phòng ngủ lô gia cực thoáng, 1 phòng ngủ có cửa sổ đón ánh sáng tự nhiên.+ Chính Sách bán Hàng mới nhất từ chủ đầu tư.Chiết khấu lên tới 9.5% GTCH.Vay Bank 0% -15 tháng.Tặng 15 tháng phí dịch vụ.Tặng Quà tân gia: 100tr.Sổ hồng lâu dài.Dự án đã bàn giao, nhận nhà ở ngay chìa khóa trao tay.Liên hệ ngay em Dung để nhận bảng giá và xem căn hộ. 
",Căn hộ,,,,,, 14/11/2023,12/12/2023,Bán,2629013,Sổ hồng,,,,,,,,,,
"
Bán căn hộ 3 ngủ BRG Le Grand Jardin Sài Đồng Long Biên - Hà Nội giá chỉ từ 4,2 tỷ
","
3,4 - 5,2
Tỷ ","
76 - 106
m2
",['Mua bán Căn hộ chung cư  Le Grand Jardin Sài Đồng'],"
Trực tiếp chủ đầu tư bán quỹ căn 3 ngủ.- Diện tích 85m2, 106m².- Thiết kế 3 ngủ 2 vệ sinh.- Hướng nhà đầy đủ cho khách hàng lựa chọn: Đông Nam, Đông Bắc, Tây Nam, Tây Bắc.- View hồ, view nội khu, view biệt thự Vinhomes Harmony.- Phòng khách cực rộng rãi và khu bếp riêng biệt.- Ban công nối liền phòng khách & Bếp.- Các phòng ngủ rộng rãi, thoải mái.- 2 phòng ngủ lô gia cực thoáng, 1 phòng ngủ có cửa sổ đón ánh sáng tự nhiên.+ Chính Sách bán Hàng mới nhất từ chủ đầu tư.Chiết khấu lên tới 9.5% GTCH.Vay Bank 0% -15 tháng.Tặng 15 tháng phí dịch vụ.Tặng Quà tân gia: 100tr.Sổ hồng lâu dài.Dự án đã bàn giao, nhận nhà ở ngay chìa khóa trao tay.Liên hệ ngay em Dung để nhận bảng giá và xem căn hộ. 
",Căn hộ,,,,,, 14/11/2023,12/12/2023,Bán,2629025,Sổ hồng,,,,,,,,,,
"
Bán Chung cư 2 Phòng Ngủ 54m2 Tại Vinhomes Smart City. Cách SVĐ Mỹ đình 5p đi xe. Giá từ 2 tỷ
","
2,1
Tỷ ","
54
m2
",['Mua bán Căn hộ chung cư  Vinhomes Smart City'],"
Cần Bán Chung cư 2 Phòng Ngủ 54m² Tại Vinhomes Smart City. Cách SVĐ Mỹ Đình 5p Đi xe* Căn 2 PN.- Tầng đẹp thoáng mát, view ngoại đêm ngắm ánh đèn thành phố.- Tổng diện tích 59 m.- Giá 2.1 tỷ bao phíGiấy tờ pháp lý đầy đủ, không gian rộng thoáng, nhiều tiện ích cho dân cư kinh doanh, nghỉ ngơi, vui chơi, mua sắm...* Tiện ích được hưởng trong hệ sinh thái:- Vườn Nhật hơn 6 ha.- Bệnh viện Vinmec.- Hệ thống trường liên cấp Vinschool.- Trung tâm thương mại Mega Mall.- Công viên thể thao lớn nhất khu vực Đông Nam Á: Hệ thống 200 sân tập thể thao các loại (Tennis, Cầu lông, Bóng bàn, Bóng chuyền, Bóng rổ... ) miễn phí, 1000 máy tập gym miễn phí, vườn nướng BBQ.- Hệ thống bể bơi đạt tiêu chuẩn Olympic miễn phí.- Công viên chủ đề quy mô hàng đầu Đông Nam Á với 16 chủ đề hấp dẫn.- Dịch vụ xe bus điện Vinfast giúp kết nối Vinhomes Smart City tới các điểm trọng yếu khác trong thành phố.- Dịch vụ gia đình (giặt là, dọn dẹp) 24/7.- An ninh đa lớp bảo vệ 24/7.Vui lòng liên hệ ngay 24/24: 0877.28.6***
",Căn hộ,1.0,1.0,1.0,1.0,1.0, 14/11/2023,12/12/2023,Bán,2073511,,,1.0,1.0,1.0,1.0,1.0,1.0,1.0,1.0,1.0
"
Bán gấp căn hộ Hoàng Mai - Hà Nội. Diện tích 100.95m2
","
4,3
Tỷ ","
100,95
m2
",['Mua bán Căn hộ chung cư  Trung Yên Smile Building'],"
Cần bán GẤP căn hộ 100.95m2.Chung cư tầng 22 Smile BuildingCăn hộ ở vị trí GÓC, 2 mặt thoáng, 2 lô gia. ***Sổ đỏ cất két***Các phòng vuông vắn, thoáng mát, đón được gió và ánh sáng tự nhiên. Phòng bếp thông lô gia, phòng khách có thêm 01 lô gia có thể trồng hoa, cây cảnh tạo không gian xanh.Thông tin cụ thể của căn hộ:- Diện tích thông thủy: 92,9m2.- Diện tích tim tường: 100,95m2.- 03 Phòng ngủ, 02 Toilets, 02 Lô gia (01 ban công phòng khách, 01 lô gia bếp)- Cửa vào hướng Bắc.- Ban công hướng Tây và Nam.- View hướng hồ Định Công và hồ Linh Đàm.Thông tin về tòa nhàGồm 35 tầng nổi (3 tầng hầm, 2 tầng dịch vụ công cộng, nhà trẻ và 33 tầng căn hộ) và 25 lô liền kề. Tổng số căn hộ: 396 căn, 5 thang máy, 2 thang bộ.Vị trí:- Nằm sát hồ, công viên Đầm Đỗi và sông Lừ, sở hữu 4 mặt tiền đường.- Giao thông thuận tiện:+ Mặt tiền đường Nguyễn Cảnh Dị rộng 20m.+ Phía sau là dãy biệt thự liền kề, bảo đảm không bị che khuất từ các hướng. Cùng với đường nối từ văn phòng tổng cục 8 bộ Công An (ngõ 175 Định Công) và khu đô thị Đại Kim.- Tầm nhìn ngắm trọn 3 hồ lớn: Hồ Linh Đàm, hồ Định Công, hồ và công viên Yên Sở.- Gần hệ thống giáo dục, y tế đầu ngành. Cách bệnh viện Bưu Điện 2km, trường đại học Bách khoa, Kinh tế Quốc dân 3km.- Kết nối nhanh chóng đến các trục đường huyết mạch: Đường Vành Đai 3, đường Vành Đai 2.5, đường Pháp Vân Cầu Giẽ.
",Căn hộ,1.0,1.0,1.0,1.0,1.0, 14/11/2023,12/12/2023,Bán,2628971,Sổ đỏ,Tây-Nam,1.0,1.0,1.0,1.0,1.0,1.0,1.0,1.0,1.0
"
Sở hữu căn hộ cao cấp 2PN chỉ với 660 Triệu Full nội thất, sổ đỏ trao tay vị trí vàng Q. Long Biên
","
2,2
Tỷ ","
63
m2
","['Hà Nội', 'Quận Long Biên', 'Mua bán Căn hộ chung cư tại Phường Việt Hưng']","
Căn hộ cao cấp giá tốt nhất khu vực Quận Long Biên, chỉ với gần 700 triệu Anh/Chị đã có thể sở hữu được căn hộ 2 phòng ngủ, 2 phòng vệ sinh diện tích 63m2.- Vị trí Ngay cạnh Vincom Long Biên và nhiều địa điểm khác: TTTM Savico Long Biên, Aeon Mall Long Biên, BVĐK Đức Giang... - Hệ thống cơ sở hạ tầng đồng bộ: Đường sá, trường học, y tế, siêu thị, khu vui chơi, bể bơi ngoài trời, gym, cafe, BBQ, shophouse... Rất tiện lợi!- Đặc biệt Eco City Việt Hưng còn được hưởng lợi từ dự án Vinhomes Riverside nằm ngay bên cạnh với các hệ thống cơ sở hạ tầng phát triển, khuôn viên đẹp & được triển khai xây dựng đồng bộ cùng với những lợi thế về vị trí.====================** Căn hộ diện tích đa dạng: 63 – 65 – 72 -77m2+ Căn hộ 63m2, 2PN giá chỉ từ 2,2 tỷ => thanh toán trước 660 triệu + Căn hộ 65m, 2PN2 giá chỉ từ 2,3 tỷ =>  thanh toán trước 690 triệu+ Căn hộ 72m2, 2PN giá chỉ từ 2,62 tỷ => thanh toán trước 790 triệu + Căn hộ 77m2, 2PN giá chỉ từ 2,74 tỷ =>  thanh toán trước 820 triệu=========================** Bàn giao full nội thất liền tường nhập khẩu cao cấp.+ Sàn gỗ nhập khẩu Đức, trần thạch cao.+ Thiết bị vệ sinh ToTo, vách tắm đứng, tủ gỗ Lavabo.+ Điều hòa 2 chiều Mitsubishi.+ Tủ bếp trên + dưới, bếp từ, hút mùi Hafele.+ Hệ thống cửa chính, cửa ngăn phòng, thiết bị chiếu sáng đầy đủ.=========================** Tiện ích 5 sao đẳng cấp.+ Phòng hội nghị, tiệc cưới; trung tâm thương mại với đầy đủ tiện ích như: Siêu thị, spa, cafe, văn phòng, bể bơi ngoài trời.+ Phòng tập gym cao cấp, kết hợp dịch vụ ăn uống.+ Hệ thống trường liên cấp Việt Hưng, trường chuẩn loại A khu đô Việt Hưng.+ Tầng hầm để xe.+ Thừa hưởng toàn bộ tiện ích của Vinhomes Riverside trong khu vực, cận kề Vincom Mega Mall Long Biên, Aeon Long Biên.* Liên hệ xem căn hộ thực tế 24/7: Em Lan: 0984 159 *** / 0942 58 91***hỗ trợ tư vấn chu đáo nhiệt tình.
",Căn hộ,,,,,, 14/11/2023,12/12/2023,Bán,2542362,Sổ hồng,Nam,,,,,,,,,
"
Suất ngoại giao căn 3PN DA cao cấp HC Golden City chỉ 3,9 tỷ Full nội thất cao cấp, nhận nhà ở ngay
","
3,9
Tỷ ","
82
m2
","['Hà Nội', 'Quận Long Biên', 'Mua bán Căn hộ chung cư tại Phường Bồ Đề']","
Tôi có Suất ngoại giao căn hộ 3 phòng ngủ đẹp nhất dự án HC Golden city mặt phố Hồng Tiến, bàn giao full nội thất cao cấp, nhận nhà ở ngay.- Căn hộ ở quỹ tầng cao, view thoáng, giá tốt nhất thị trường.* THÔNG TIN CHI TIẾT CĂN HỘ:1. Căn hộ 3 phòng ngủ diện tích 82m2.+ Phòng khách + ăn: 28m2 + vệ sinh chung: 4,6m2.+ Ban công: 3,9m2 hướng Đông Bắc cho gia chủ sự thịnh vượng, phát tài lộc.+ Phòng bếp được thiết kế quầy bar sang trọng hiện đại: 6,75 m2 + Phòng ngủ 1: 14,4 m2 + vệ sinh riêng: 3,48m2, có cửa ra ban công của căn hộ 2,8m2, tạo không gian thông thoáng.+ Phòng ngủ 2: 10,38m2 + Phòng ngủ 3: 7,5m22. Căn hộ góc 3 phòng ngủ diện tích 87,3m2+ Phòng khách + ăn: 34,3m2 + vệ sinh chung: 4,6m2.+ Ban công: 3,9 cho gia chủ sự thịnh vượng, phát tài lộc.+ Phòng bếp được thiết kế quầy bar sang trọng hiện đại: 6,6 m2 + Phòng ngủ 1: 15,4 m2 + vệ sinh riêng: 3,48m2,+ Phòng ngủ 2: 13,2m2 có cửa ra ban công của căn hộ 2,6m2, tạo không gian thông thoáng+ Phòng ngủ 3: 7,5m2--------------------------------------** BÀN GIAO NỘI THẤT CAO CẤP:+ Cửa chính, cửa thông phòng Chất liệu gỗ Lim, tự nhiên, chậm cháy. khóa thông minh Hafele 4 chức năng: vân tay, mã số, thẻ từ, khóa cơ+ Điều hòa âm trần 2 chiều Daikin lấy gió tươi tự nhiên.+ Đèn chùm trang trí phòng khách sang trọng.+ Chuông báo khách màn hình Panasonic, đón khách từ sảnh lễ tân đảm bảo an ninh tối ưu cho Quý khách.+ Cửa ban công, cửa sổ: Làm bằng kính hộp cường lực lowe. Kính 2 lớp chống ồn và tia uv+ Hệ thống tủ bếp trên và tủ bếp dưới, tủ nội thất: Gỗ gõ, gỗ tự nhiên ghép thanh.+ Thiết bị bếp (bếp từ, máy hút mùi, chậu + vòi rửa): Nhập khẩu Hafele.+ Máy lọc nước: Kangaroo.+ Thiết bị vệ sinh, bồn rửa mặt, vách kính tắm. Vòi sen, nóng lạnh Kohler.+ Hệ thống tủ âm tường, tủ giày gỗ Gõ đỏ tự nhiên, rèm cửa các phòng. Giàn phơi thông minh, giấy dán tường----------------------------------- Dự án nằm tại trung tâm hành chính phường Bồ Đề, trên trục kết nối QL5 nên liên kết vùng cực kỳ thuận lợi, di chuyển dễ dàng đi các tỉnh, chỉ 5 phút lái xe đến hồ Hoàn Kiếm.- Ngoài ra còn có nhiều loại căn hộ khác với đa dạng diện tích cho khách hàng lựa chọn từ 2 – 4 phòng ngủ** Liên hệ xem căn hộ thực tế và tư vấn miễn phí 24/7:- Mrs. Thu Lan: 0984 159 *** - Mr. Tuấn: 0984 935 *** / 0942 58 9*** 
",Căn hộ,,,,,, 14/11/2023,12/12/2023,Bán,2565138,Sổ đỏ,Nam,,,,,,,,,
"
Căn hộ 2Phòng ngủ cao cấp KĐT Việt Hưng nhận nhà ở ngay, Full đồ, giá chỉ từ 2,2x Tỷ; đã có sổ
","
2,26
Tỷ ","
63
m2
","['Hà Nội', 'Quận Long Biên', 'Mua bán Căn hộ chung cư tại Phường Việt Hưng']","
* Chỉ 2.2 tỷ sở hữu ngay căn hộ 2 phòng ngủ 63m2. Full nội thất cao cấp liền tường, vị trí liền kề Vinhomes Riverside. Nhận nhà ở ngay Sổ hồng trao tay.+ Quà tặng tân gia 1 cây vàng trị giá 55 triệu cho 3 khách hàng mua căn hộ trong tháng 9 này+ Căn hộ 2PN - 2VS diện tích 63m2 - 73m2. – 77m2-------------------------------------------* Bàn giao full nội thất liền tường nhập khẩu cao cấp.+ Sàn gỗ nhập khẩu Đức, trần thạch cao.+ Thiết bị vệ sinh ToTo, vách tắm đứng, tủ gỗ Lavabo.+ Điều hòa 2 chiều Mitsubishi.+ Tủ bếp trên + dưới, bếp từ, hút mùi Hafele.+ Hệ thống cửa chính, cửa ngăn phòng, thiết bị chiếu sáng đầy đủ.--------------------------------------------- Vị trí vàng: Nằm trong khu đô thị mới Việt Hưng, ngay cạnh Vincom Long Biên và nhiều địa điểm khác rất gần & thuận tiện (TTTM Savico Long Biên, Aeon Mall Long Biên, BVĐK Đức Giang... ).- Hệ thống cơ sở hạ tầng đồng bộ: Đường sá, trường học, y tế, siêu thị, khu vui chơi, bể bơi ngoài trời, gym, cafe, BBQ, shophouse... Rất tiện lợi!- Đặc biệt Eco City Việt Hưng còn được hưởng lợi từ dự án Vinhomes Riverside nằm ngay bên cạnh với các hệ thống cơ sở hạ tầng phát triển, khuôn viên đẹp & được triển khai xây dựng đồng bộ cùng với những lợi thế về vị trí.* Liên hệ trực tiếp phòng kinh doanh chủ đầu tư: 0984 159 *** / 0984 935 *** (em Lan hỗ trợ 24/7) 
",Căn hộ,,,,,, 14/11/2023,12/12/2023,Bán,2575881,Sổ đỏ,Nam,,,,,,,,,
"
HOT! Chỉ 2,2 tỷ/Căn hộ cao cấp 2PN, Full nội thất, thanh toán trước 660 triệu nhận nhà ở ngay
","
Thỏa thuận
","
63
m2
","['Hà Nội', 'Quận Long Biên', 'Mua bán Căn hộ chung cư tại Phường Việt Hưng']","
Căn hộ cao cấp giá tốt nhất khu vực Quận Long Biên, chỉ với gần 700 triệu Anh/Chị đã có thể sở hữu được căn hộ 2 phòng ngủ, 2 phòng vệ sinh diện tích 63m2.- Vị trí Ngay cạnh Vincom Long Biên và nhiều địa điểm khác: TTTM Savico Long Biên, Aeon Mall Long Biên, BVĐK Đức Giang... - Hệ thống cơ sở hạ tầng đồng bộ: Đường sá, trường học, y tế, siêu thị, khu vui chơi, bể bơi ngoài trời, gym, cafe, BBQ, shophouse... Rất tiện lợi!- Đặc biệt Eco City Việt Hưng còn được hưởng lợi từ dự án Vinhomes Riverside nằm ngay bên cạnh với các hệ thống cơ sở hạ tầng phát triển, khuôn viên đẹp & được triển khai xây dựng đồng bộ cùng với những lợi thế về vị trí.====================** Căn hộ diện tích đa dạng: 63 – 65 – 72 -77m2+ Căn hộ 63m2, 2PN giá chỉ từ 2,2 tỷ  thanh toán trước 660 triệu+ Căn hộ 65m, 2PN2 giá chỉ từ 2,3 tỷ   thanh toán trước 690 triệu+ Căn hộ 72m2, 2PN giá chỉ từ 2,62 tỷ  thanh toán trước 790 triệu+ Căn hộ 77m2, 2PN giá chỉ từ 2,74 tỷ   thanh toán trước 820 triệu=========================** Bàn giao full nội thất liền tường nhập khẩu cao cấp.+ Sàn gỗ nhập khẩu Đức, trần thạch cao.+ Thiết bị vệ sinh ToTo, vách tắm đứng, tủ gỗ Lavabo.+ Điều hòa 2 chiều Mitsubishi.+ Tủ bếp trên + dưới, bếp từ, hút mùi Hafele.+ Hệ thống cửa chính, cửa ngăn phòng, thiết bị chiếu sáng đầy đủ.=========================** Tiện ích 5 sao đẳng cấp.+ Phòng hội nghị, tiệc cưới; trung tâm thương mại với đầy đủ tiện ích như: Siêu thị, spa, cafe, văn phòng, bể bơi ngoài trời.+ Phòng tập gym cao cấp, kết hợp dịch vụ ăn uống.+ Hệ thống trường liên cấp Việt Hưng, trường chuẩn loại A khu đô Việt Hưng.+ Tầng hầm để xe.+ Thừa hưởng toàn bộ tiện ích của Vinhomes Riverside trong khu vực, cận kề Vincom Mega Mall Long Biên, Aeon Long Biên.========================** Liên hệ xem căn hộ thực tế 24/7: Em Lan: 0984 159 *** / 0942 58 91***hỗ trợ tư vấn chu đáo nhiệt tình.
",Căn hộ,,,,,, 14/11/2023,12/12/2023,Bán,2570858,Sổ đỏ,Nam,,,,,,,,,
"
Căn hộ cao cấp 2PN 72m2 Full nội thất nhận nhà ở ngay chỉ từ 2,6 Tỷ; Đóng 30% ở ngay
","
2,6
Tỷ ","
72
m2
","['Hà Nội', 'Quận Long Biên', 'Mua bán Căn hộ chung cư tại Phường Việt Hưng']","
Hàng hiếm căn hộ 2 phòng ngủ diện tích thông thủy 72m2 thiết kế vuông vức, vị trí trung tâm, khuôn viên rộng rãi quần thể khu đô thị giá chưa từng có tại khu vực quận Long Biên chỉ từ 2,6x tỷ/ căn full nội thất cao cấp.Tầng cao view cực kỳ thoáng mátKhách hàng chỉ cần thanh toán trước 30% giá trị căn hộ nhận nhà ở ngay, ngân hàng hỗ trợ tới 70% giá bánCăn hộ thuộc dự án chung cư cao cấp Eco City Việt Hưng, một dự án khi nhắc tới ai cũng biết bởi vị trí đẹp view trọn vinhomes riverside; dự án có khuôn viên, quần thể cây xanh cực kỳ nhiều, CĐT cực kỳ tâm huyết. + Căn hộ thiết kế gồm có: 2 PN rộng; phòng khách; khu vực bếp riêng; ban công phơi đồ và 2 phòng vệ sinh.Nội thất đã bàn giao tương đối đầy đủ:+ Sàn gỗ nhập khẩu Đức, trần thạch cao.+ Thiết bị vệ sinh ToTo, vách tắm đứng, tủ gỗ Lavabo.+ Điều hòa 2 chiều Mitsubishi.+ Tủ bếp trên + dưới, bếp từ, hút mùi Hafele.+ Hệ thống cửa chính, cửa ngăn phòng, thiết bị chiếu sáng đầy đủ.--------------------------------------------- Vị trí vàng: Nằm trong khu đô thị mới Việt Hưng, ngay cạnh Vincom Long Biên và nhiều địa điểm khác rất gần & thuận tiện (TTTM Savico Long Biên, Aeon Mall Long Biên, BVĐK Đức Giang... ).- Hệ thống cơ sở hạ tầng đồng bộ: Đường sá, trường học, y tế, siêu thị, khu vui chơi, bể bơi ngoài trời, gym, cafe, BBQ, shophouse... Rất tiện lợi!- Đặc biệt Eco City Việt Hưng còn được hưởng lợi từ dự án Vinhomes Riverside nằm ngay bên cạnh với các hệ thống cơ sở hạ tầng phát triển, khuôn viên đẹp & được triển khai xây dựng đồng bộ cùng với những lợi thế về vị trí.Giá bán nhanh trong tuần 2,6x TỷLiên hệ xem căn hộ: 0984 159 ***/ 0984 935 *** (Em Lan) 
",Căn hộ,,,,,, 14/11/2023,12/12/2023,Bán,2575316,Sổ đỏ,Nam,,,,,,,,,
