Title,Price,Area,Address,Gen_descrip,Loại hình,Tình trạng pháp lý,Hướng nhà,Ngày đăng,Ngày hết hạn,Loại tin,ID tin,Số phòng ngủ,Nội thất,Bình nóng lạnh,Máy hút mùi,Tủ bếp,Bàn ăn,Kệ TV,Tủ trang trí,Giường ngủ,Bàn phấn,Tủ quần áo,Bồn tắm,Vòi hoa sen,Bồn cầu,Bồn rửa mặt,Bàn ghế P.khách,Hướng ban công,Số tầng,Căn góc
"
Bán đất Huyện Hoài Đức - Hà Nội giá thỏa thuận
","
Thỏa thuận
","
40
m2
","['Hà Nội', 'Huyện Hoài Đức', 'Mua bán Đất tại Đường Cao Trung 2']","
Tôi có mảnh đất 40m2 sổ đỏ chính chủ  tại xóm Hai Bà , Thôn Cao Trung , Xã Đức Giang , Huyện Hoài Đức, do không có nhu cầu ở nên nhượng lại.Đường trước nhà 2m, hướng Tây, cách đường ô tô 7 chỗ 20m,  cách đường 32 tầm 500m, trường học bệnh viện chợ bán kính 500m,  ngõ nông.Giá mong muốn 1 tỷ 450 triệu.Miễn trung gian
",Đất,Sổ đỏ,Tây, 13/11/2023,11/12/2023,Bán,2628527,,,,,,,,,,,,,,,,,,,
"
Chính chủ bán gấp đất Di Trạch, phân lô oto tránh, 120m, chỉ 8.5 tỷ
","
8,5
Tỷ ","
120
m2
","['Hà Nội', 'Mua bán Đất nền dự án tại Huyện Hoài Đức']","
ĐẤT DỊCH VỤ DI TRẠCH - PHÂN LÔ - VỈA HÈ OTO TRÁNH - SỔ HOA HẬU - KINH DOANH ĐỈNH CAO - GIÁ ĐẦU TƯ.✈✈✈+ Dịch vụ 16.32ha Di Trạch: 116m Đất, mặt tiền 10.4m, 8.5 tỷ.+ Vị trí cực đẹp, view KĐT Hindo Royal Park đang hoàn thiện diện mạo từng ngày, giá trị tăng cao.+ Sổ phân lô, sang tên ngay.liên hệ trực tiếp để xem đất và chốt cọc: 0919073***, môi giới dẫn khách mình gửi hoa hồng.
",Đất nền dự án,Sổ đỏ,, 13/11/2023,11/12/2023,Bán,2628188,,,,,,,,,,,,,,,,,,,
"
Bán nhà biệt thự, liền kề tại Dự án Khu đô thị Geleximco - Lê Trọng Tấn, Hà Đông, Hà Nội
","
6,5
Tỷ ","
80
m2
",['Mua bán Nhà mặt phố  Khu đô thị Geleximco'],"
Bán căn nhà liền kề mua đợt đầu vị trí đẹp, đường lớn gần công viên mặt tiền 5m diện tích 80m2.Nhà thô xây 4 tầng có sãn cầu thang và chờ thang máy, khách mua dễ dàng thiết kế theo ý muốn. Đáp ứng mọi nhu cầu ở và kinh doanhSổ đỏ sang tên dễ dàng nhanh chóngĐiện nước ngay đầu chờ chỉ việc kéo về sử dụngKhu vực gần bv, trường học, tttm. cư dân về ở đông vui, An ninh đảm bảo.
",Nhà mặt phố,Sổ đỏ,Nam, 13/11/2023,11/12/2023,Bán,2628053,,,,,,,,,,,,,,,,,,,
"
Sở hữu đất nền có tầm View ""Triệu Đô"" với mức giá ""Triệu Đồng""
","
16,9
Triệu ","
114
m2
","['Hà Nội', 'Mua bán Đất nền dự án tại Quận Hai Bà Trưng']","
🩸Bên cạnh vị trí đắc địa, sở hữu tầm nhìn vĩnh cửu BĐS "" VIEW SÔNG THƠ MỘNG "" mang đến cảm giác thanh bình, sự riêng tư và yên tĩnh tuyệt vời. 🩸Đất có diện tích 120m2 – 170m2, mặt tiền rộng 6m, hạ tầng cao, không ngập lụt. Đường thông quy hoạch 7m5 - 10m5- 15m, tiềm năng tăng giá cực cao. 🩸Đất ở đây phù hợp cho vợ chồng trẻ định cư lâu dài hay khách hàng có nhu cầu kinh doanh nhà hàng, quán ăn, coffee, homesaty. Vị trí: gần chợ, trường học từ mầm non – THPT, UBND, bệnh viện Quốc tế, gần khu công nghiệp … duy chuyển dễ dàng, cơ hội công việc cao. 💥 Đặc biệt lô đất nằm ở trung tâm tiện ích, cung cấp đầy đủ nhu cầu dân sinh và chỉ cách Phố cổ Hội An 3km. 🩸Đất nền gần chợ - Lợi thế kép cho đầu tư. Không phải ngẫu nhiên mà bất động sản gần chợ lại được săn đón ngày càng ráo riết. Người xưa đã từng đúc kết ""Nhất cận thị, nhị cận giang"", đề cập tới sự thuận tiện và những giá trị hữu hình mà nhà gần chợ, gần bến sông đem lại. ☎️Liên hệ: 0765 375 6***để được hỗ trợ xem đất, xem sổ.
",Đất nền dự án,Sổ đỏ,, 13/11/2023,11/12/2023,Bán,2628050,,,,,,,,,,,,,,,,,,,
"
Bán nhà liền kề 112,5 m2, giá 9,65 tỷ, khu Đô thị Xuân Phương Tasco, Quốc Hội, Nam Từ Liêm, Hà Nội
","
9,65
Tỷ ","
112,5
m2
","['Hà Nội', 'Quận Nam Từ Liêm', 'liền kề tại Đường 70', 'Mua bán Nhà biệt thự']","
Mô tả: Bán nhà liền kề xây thô diện tích 112,5 m2, mặt tiền 6m, xây 4 tầng. Đường trước mặt 9m. Khu Đô thị Xuân Phương Tasco, Quốc Hội.Hướng: Tây - Nam.  Pháp lý: HDMB.Địa chỉ: Foresa 8, Đường 70, Quận Nam Từ Liêm, Hà Nội.
","Nhà biệt thự, liền kề",Giấy tờ hợp lệ,Tây-Nam, 13/11/2023,11/12/2023,Bán,2628057,,,,,,,,,,,,,,,,,,,
"
Nhận nhà ở ngày, căn hộ 3PN, tầng đẹp, tại HC Golden City, giá chỉ 3.85 tỷ full nội thất liền tường
","
3,85
Tỷ ","
82
m2
",['Mua bán Căn hộ chung cư  HC Golden City'],"
Trực tiếp chủ đầu tư căn hộ 3PN, diện tích 82m2, tầng 5.Hướng căn hộ: Cửa chính Tây Bắc, ban công Đông Bắc, Tây Bắc.* Bố trí căn hộ:- Phòng khách và phòng ăn: 28.1m2.- Phòng bếp: 6.75m2.- Phòng ngủ 1,2,3 lần lượt là: 8,75m2; 10.38m2; 14.41mm2.- 2 wc: 3.48m2 và 4.6m2.- 2 ban công: 2.8m2 và 3.9m2.* Nội thất bàn giao cao cấp; nhập khẩu:- Điều hòa âm trần Daikin + Hệ thống hút - đẩy gió tươi.- Hệ thống trần âm cách điệu phào Hàn và tường dán, thiết Kế theo phong cách tân cổ điển.- Hệ thống sàn, cửa chính + khóa từ, cửa thông phòng chất liệu gỗ Lim và chậm cháy.- Cửa ban công - cửa kính 3 lớp Low - E3, chống tia bức xạ, cực tím, cách âm, cách nhiệt.- Hệ thống tủ bếp, tủ đồ các phòng chất liệu là gỗ Gỗ Thịt.- Full thiết bị phòng bếp NK Đức. Thiết kế quầy bar sang trọng và hiện đại.- Full thiết bị WC đồng bộ NK Thái Lan, thiết bị báo & xử lý cháy NK USA.- Chuông báo khách màn hình Panasonic, đón khách từ sảnh lễ tân.Dự án HC Golden City được coi là độc nhất vô nhị trên tuyến đường dát vàng Hồng Tiến - Tuyến đường Cổ Linh kéo dài kết nối 3 cây cầu - Cầu Vĩnh Tuy, cầu Trần Hưng Đạo, cầu Chương Dương - được thừa Hưởng vị trí vàng thuận tiện kết nối, nơi kinh doanh đầu tư sầm uất nhất Quận Long Biên. Không có dự án thứ 2 có vị trí đẹp như này;- Ngay cạnh là bệnh viện đa khoa Tâm Anh, công viên vườn hoa Bồ Đề.- Các Hồ Gươm trung tâm Hà Nội 5 phút đi xe.- Cách hệ thống trường cấp 1, 2, 3 Quốc Tế Wellspring Hà Nội 200m.- Cách cầu Trần Hưng Đạo, Cầu Chương Dương, Cầu Long Biên 500m.- Cách trung tâm hành chính quận Long Biên 3km.- Cách trung tâm mua sắm Aeon Mall Long Biên, BIG C Long Biên 5 phút đi xe.- Cách sân golf Long Biên: 2km.Dự án đã chính thức bàn giao nhà và cư dân đã về ở. Quý khách có thể tham quan căn hộ mẫu và trải nghiệm Web: https://hcgoldencity.vn/
",Căn hộ,,, 17/10/2023,14/11/2023,Bán,1715934,3,Có,,,,,,,,,,,,,,,,,
"
Bán cc Hồ Gươm Plaza, Hà Đông, Siêu Phẩm TIện Ích, chỉ 1,5 tỷ (30%) nhận nhà ở ngay, 0559845***
","
Thỏa thuận
","
120
m2
",['Mua bán Căn hộ chung cư  Hồ Gươm Plaza'],"
Căn hộ chung cư mặt đường Trần Phú đẹp long lanh đón tết, dự án Hồ Gươm Plaza, Hà Đông- 3 phòng ngủ, 2 vệ sinh, diện tích rộng, ở sướng.- Khu vực trung tâm đất học quận Hà Đông, đi lại thuận tiện khắp nơi.- Tiện ích đầy đủ: Siêu thị Big C, bể bơi 4 mùa, rạp chiếu phim CGV, Điện Máy Xanh, nhà hàng, Highland coffee, khu vui chơi trẻ em,...- Ga đường sắt Cát Linh - Hà Đông ngay gần.
",Căn hộ,,, 13/11/2023,11/12/2023,Bán,2628023,,,,,,,,,,,,,,,,,,,
"
Bán 4 Lô Shop TMDV 1800m2 khối đế Tầng (1 - 2) Toà nhà Deamland Bonaza Số 23 Duy Tân _ Cầu Giấy
","
Thỏa thuận
","
1800
m2
",['Mua bán Nhà phố thương mại Shophouse  Dreamland Bonanza'],"
HOT - SHOPHOUSE TMDV MẶT PHỐ DUY TÂN LỢI NHUẬN ĐẦU TƯ CHO THUÊ HẤP DẪN – SẴN HĐ THUÊ DÀI HẠNChủ đầu tư mở  bán  Lô Shophouse TMDV tại. Tầng 1 – 2 DreamdLand Bonanza. Số 23 Duy Tân – Cầu Giấy  2 Lô mặt tiền chính Sàn tại tầng 1, kinh doanh, đang cho  HĐ bank  và CMC. Thuê dòng tiền ổn định, hợp đồng lâu dài.=> Giá HĐ đang cho thuê từ: 256tr – 270tr/tháng.-----------------------------------------* Lô Shophouse Cty Gạch CMC đang thuê dài hạn mặt đường duy tân- Diện tích 657m² :(tầng 1 : 287m2 + Tầng 2: 369m2)* Lô Shophouse  Ngân Hàng HD Bank đang thuê dài hạn mặt đường duy tân- Diện tích 576m² (tầng 1:256m2 + Tầng 2:320m2 )-------------------------------------------* Ngoaì ra còn 2 lô mặt trong sảnh cư dân:- Diện tích 290m² đã hoàn thiện. - Diện tích 282m² đã hoàn thiện. - Diện tích 725m² làm nhà trẻ (tầng 2). (đã bán)* Tất cả các lô đều dc trag bi sẵn điều hoà trung tâm, có thể vào vận hành được luôn.Lợi nhuận dòng tiền cho thuê siêu tốt đôi với khu vực này,* Sổ 50 năm, tách sổ riêng từng lô.- Tổng Diện tích 4 lô Shop: 1.800m2 - Ký HDMB trực tiếp CDT. Gia bán  liên hệ em gửi chi tiếtQuý khách LH : 0987 106 *** ( zalo Trung Kiên)Trân trọng !!!
",Nhà phố thương mại Shophouse,Sổ hồng,Đông-Bắc, 31/10/2023,28/11/2023,Bán,2602698,,,,,,,,,,,,,,,,,,,
"
Bán Penthouse/Duplex Udic Westlake – View Hồ Tây, Lotte mall FUll nôi thất cao cấp Lh: 0987106***
","
Thỏa thuận
","
200
m2
",['Mua bán Căn hộ chung cư  Udic Westlake'],"
Penthouse/Duplex Udic Westlake – View Hồ Tây, Lotte mall Vị trí: Mặt đường Võ Chí Công, Q.Tây Hồ thuận tiện di chuyển ngay cạnh cầu Nhật Tân, bên đối diện là Lotte Tây Hồ. Thiết kế: 200m², 4 phòng ngủ, 3 phòng tắm, 1 toilet. Chủ nhà đã thiết kế lại và trang bị toàn bộ nội thất nhập khẩu, tỉ mỹ hoàn thiện nội thất để ở. - View 180 độ nhìn Hồ Tây + sông Hồng + cầu Nhật Tân, ban công hướng ĐN cực mát. - Sổ đỏ chính chủ, - Giá bán : 18.9ỷ hotline: 0987 106 ***
",Căn hộ,Sổ hồng,Đông-Nam, 31/10/2023,28/11/2023,Bán,2458032,,,1.0,1.0,1.0,1.0,1.0,1.0,1.0,1.0,1.0,1.0,1.0,1.0,1.0,1.0,,,
"
Chuyển nhượng Vinhomes Smarrt City Tổng hợp quỹ căn 09/11/2023
","
2,3
Tỷ ","
59
m2
",['Mua bán Căn hộ chung cư  Vinhomes Smart City'],"
MUA CHUYỂN NHƯỢNG NHẬN NHÀ NGAY Mua chung cư chuyển nhượng Vinhomes Smart City là lựa chọn thông thái cho các nhà đầu tư vì giá tốt và xem nhà trực tiếp được Kính gửi quý khách hàng quỹ căn bán chuyển nhượng Vinhomes Smart City Cập nhật 09/11/2023: • Stuido - S302 trục căn 17 full đồ giá 1,3 tỷ bao thuế phí - SA2 trục căn 08 Full đồ giá 1,350 bao thuế phí làm sổ - I3 trục căn 10 giá 1,340 tỷ đồ cơ bản - Tk1 tầng trung giá 1,4 tỷ đồ cơ bản • Căn 2PN 1WC 55m2 - S2 tầng trung đồ cơ bản giá 2,3 tỷ ban công đông nam - S403 trục căn 19 đồ cơ bản bán 2,450 tỷ có thương lượng - SA3 đồ cơ bản tầng cao giá 2,3 tỷ thu về - Tk1 căn 03 2N2VS 60m2 giá 3,3 tỷ đồ cơ bản • Căn 2PN+1 63m2 - S202 tầng thấp giá 2,650 tỷ bao phí - S403 giá 2,770 tỷ trục căn 01 - GS3 trục căn 11 giá 2,9 tỷ - TK1 3,4 tỷ bao phí trục căn 11 - Masteri 4.5 tỷ view hồ căn 2N+ - Masteri 4,1 tỷ bao phí view hồ căn 2n2vs thường 60m2 • Căn 3PN 75m2 - S401 ban công nội khu giá 3,2 tỷ đang làm sổ 15 ngày nữa có sổ - Gs2 giá 3,2 tỷ - Masteri 4,6 tỷ chuẩn bị nhận nhà Ngoài ra còn rất nhiều căn khác mà không thể liệt kê hết ở đây với quỹ căn chuyển nhượng bên mình tại Smart khoảng gần 300 căn toàn khu Với gần 5 năm kinh nghiệm tư vấn căn hộ tại Smart City, chắc chắn sẽ giúp anh chị lựa chọn được phương án phù hợp và tối ưu nhất về tài chính. Gọi điện hoặc zalo để được tư vấn. alo là có căn 0974.750.***
",Căn hộ,Sổ đỏ,Đông-Nam, 19/10/2023,16/11/2023,Bán,2581226,,,1.0,1.0,1.0,1.0,1.0,1.0,1.0,1.0,1.0,1.0,1.0,1.0,1.0,1.0,,,
"
Cần bán căn hộ Studio 31,6m2 chỉ 1,6 tỉ Vinhomes Smart City
","
1,6
Tỷ ","
32
m2
",['Mua bán Căn hộ chung cư  Vinhomes Smart City'],"
Vinhomes Smart City – đại đô thị thông minh nằm ở trung tâm hành chính mới của thủ đô:- Vị trí tâm điểm phía Tây thủ đô Hà Nội, tiếp giáp Đại lộ Thăng Long, Lê Trọng Tấn, đường 72…- Công viên trung tâm: vườn nướng BBQ ngoài trời, hồ điều hòa, bãi cát nhân tạo, khu thể thao, khu vui chơi, …- Vườn Nhật: quảng trường sự kiện, công viên trò chơi, vườn thiền, vườn tre, nhà hàng Nhật, chòi lá, sân vườn đường dạo phong cách Nhật Bản- Trung tâm thương mại Vincom Mega Mall lớn nhất hệ thống Vincom toàn quốc: bể bơi 4 mùa, dòng sông nhân tạo, khu vui chơi, ăn uống…… và hàng trăm công viên lớn nhỏ, shophouse, biệt thự…Khu đô thị Vinhomes Smart City Tây Mỗ, Nam Từ Liêm với đầy đủ tiện ích, pháp lý chuẩn, đã có nhiều tòa bàn giao và có sổ. PHÂN KHU SAKURA PHONG CÁCH NHẬT BẢN  ✅ Phân khu The Sakura có nội khu đẹp nhất Vinhomes Smart City✅ Thiên đường vui chơi Vườn Nhật nội khu rộng 1,1ha & hơn 20 tiện ích✅Phân khu duy nhất có bể bơi 4 mùa rộng 1.000m đẳng cấp Quốc tế✅ Tâm điểm giáo dục với hệ thống 4 trường Vinschool ngay gần nhà✅CHỈ TÒA SA5 CÓ VƯỜN THƯỢNG UYỂN – VƯỜN NHẬT TRÊN MÂY SA5 còn 1 căn studio hướng Đông Nam mát, tầng trung đẹp, thoáng chỉ 1,6 tỉ Em ở S103 09022203***trực dự án 24/7, bán hàng trực tiếp Chủ đầu tư ạ.
",Căn hộ,,, 13/11/2023,11/12/2023,Bán,2627946,,,,,,,,,,,,,,,,,,,
"
Bán căn nhà tại ngõ 300 phố Bạch Mai, Hai Bà Trưng, 50m2, giá 5 tỷ 8
","
5,8
Tỷ ","
50
m2
","['Hà Nội', 'Quận Hai Bà Trưng', 'Mua bán Nhà riêng tại Phố Bạch Mai']","
Ngõ trước nhà ba gác, ngõ nông rất gần phố, 40M ra Bạch Mai, khu này sang khu Bách Khoa,Tạ Quang Bửu, Lê Thanh Nghị cực gần. Diện tích đất 50m2 đang là nhà cấp 4. Phù hợp gia đình ở, đầu tư mua sửa làm căn hộ dịch vụ cho thuê, dòng tiền sinh lời hàng tháng rất ok. Chủ nhà xác định bán đất tặng nhà.Ảnh minh họaSổ đỏ, nở hậu sang tên nhanh chóngGiá Bán 5 tỷ 8Chi tiết liên hệ Mr – Kiên – 0987209***Chuyên thổ cư, còn hơn 200 nhà khu vực với nhiều mức giá,miễn phí dẫn khách xem nhà, tư vấn pháp lý
",Nhà riêng,Sổ đỏ,, 13/11/2023,11/12/2023,Bán,2627926,,,,,,,,,,,,,,,,,,,
"
Giá Rẻ !!!! Bán Chung Cư H2 Phạm Văn Đồng - Đỗ Nhuận - Công Viên Hòa Bình - Bắc Từ Liêm. Sổ hồng
","
700
Triệu ","
55
m2
","['Hà Nội', 'Quận Bắc Từ Liêm', 'Mua bán Căn hộ chung cư tại Phố Đỗ Nhuận']","
MỞ BÁN TRỰC TIẾP CĂN HỘ CHUNG CƯ H2 PHẠM VĂN ĐỒNG - ĐỖ NHUẬN - CÔNG VIÊN HÒA BÌNHLiên hệ Trường Chủ Đầu Tư để mua giá gốc 0971 846 ***  (Lưu ý miễn môi giới trung gian).Tòa nhà nằm trung tâm quận, đi lại thuận tiện giữa các quận, gần công viên, gần chợ, siêu thị, trường học cấp 1 cấp 2 cấp 3.Giá bán: 600tr - 700tr - 820tr - 919tr - hơn 1 tỷ.Diện tích: 35m² - 51m² - 55m² - 58m² - 60m².Tòa nhà thiết kế tầng 1 để xe, tầng trên cùng là tầng tum sân phơi chung còn lại là các tầng căn hộ, có đầy đủ hệ thống phòng cháy chữa cháy tự động, an ninh tòa nhà bảo vệ chuyên nghiệp.Sổ hồng sở hữu vĩnh viễn.Liên hệ trực tiếp Trường Chủ Đầu Tư xây dựng để mua nhà giá gốc 0971 846 336Đã sao chép.Add zalo để nhận video căn hộ. (Lưu ý miễn môi giới trung gian).
",Căn hộ,Sổ hồng,Tây, 24/10/2023,21/11/2023,Bán,1538263,2,Có,1.0,1.0,1.0,1.0,1.0,1.0,1.0,1.0,1.0,1.0,1.0,1.0,1.0,1.0,Đông,8,Có
"
Bán gấp - Chung cư A1 Ô Chợ Dừa - Xã Đàn - Đống Đa - Sổ hồng vĩnh viễn
","
700
Triệu ","
58
m2
","['Hà Nội', 'Quận Đống Đa', 'Mua bán Căn hộ chung cư tại Phố Hoàng Cầu']","
Chung cư A1 Ô Chợ Dừa - Xã Đàn - Đống Đa Liên hệ Trường Chủ Đầu Tư để mua giá gốc 0971 846 ***  (Lưu ý miễn môi giới trung gian).Tòa nhà nằm trung tâm quận, đi lại thuận tiện giữa các quận, gần công viên, gần chợ, siêu thị, trường học cấp 1 cấp 2 cấp 3.Giá bán: 600tr - 700tr - 858tr - 969tr - hơn 1 tỷ.Diện tích: 35m² - 51m² - 54m² - 58m² - 62m² - 66m².Tòa nhà thiết kế tầng 1 để xe, tầng trên cùng là tầng tum sân phơi chung còn lại là các tầng căn hộ, có đầy đủ hệ thống phòng cháy chữa cháy tự động, an ninh tòa nhà bảo vệ chuyên nghiệp.Sổ hồng sở hữu vĩnh viễn.Liên hệ trực tiếp Trường Chủ Đầu Tư xây dựng để mua nhà giá gốc 0971 846 ***.Add zalo để nhận video căn hộ. (Lưu ý miễn môi giới trung gian).
",Căn hộ,Sổ hồng,Đông-Nam, 24/10/2023,21/11/2023,Bán,1248799,2,Có,1.0,1.0,1.0,1.0,1.0,1.0,1.0,1.0,1.0,1.0,1.0,1.0,1.0,1.0,Đông-Nam,6,Không
"
Bán gấp - Chung cư CT1 Định Công - Giải Phóng - Hoàng Mai - Nội thất đầy đủ - Giá rẻ
","
700
Triệu ","
55
m2
","['Hà Nội', 'Quận Hoàng Mai', 'Mua bán Căn hộ chung cư tại Đường Giải Phóng']","
Chung cư CT1 Định Công - Giải Phóng - Hoàng Mai Liên hệ Trường chủ đầu tư để mua giá gốc 0971 846 *** (lưu ý miễn môi giới trung gian).Tòa nhà nằm trung tâm quận, đi lại thuận tiện giữa các quận, gần công viên, gần chợ, siêu thị, trường học cấp 1 cấp 2 cấp 3.Giá bán: 600tr - 720tr - 820tr - 919tr - hơn 1 tỷ.Diện tích: 35m - 53m - 55m - 58m - 59m - 62mTòa nhà thiết kế tầng 1 để xe, có đầy đủ hệ thống phòng cháy chữa cháy tự động, an ninh tòa nhà bảo vệ chuyên nghiệp.Sổ hồng sở hữu vĩnh viễn.Liên hệ trực tiếp Trường Chủ Đầu Tư xây dựng để mua nhà giá gốc 0971 846 ***.Add Zalo để nhận video căn hộ. (Lưu ý miễn môi giới trung gian).
",Căn hộ,Sổ hồng,Đông, 13/11/2023,11/12/2023,Bán,2053934,2,nội thất đầy đủ về ở ngay,1.0,1.0,1.0,1.0,1.0,1.0,1.0,1.0,1.0,1.0,1.0,1.0,1.0,1.0,Đông,6,Có
"
Chính chủ - Bán chung cư CT1 Bạch Mai - Đại Cồ Việt - Hai Bà Trưng - Sổ đỏ vĩnh viễn
","
700
Triệu ","
55
m2
","['Hà Nội', 'Quận Hai Bà Trưng', 'Mua bán Căn hộ chung cư tại Phố Bạch Mai']","
Chính chủ - bán chung cư CT1 Bạch Mai - Đại Cồ Việt - Hai Bà TrưngLiên hệ Trường chủ đầu tư để mua nhà 0971846***Chung cư xây dựng mới hiện đại, đã hoàn thiện có thể xách đồ về ở ngay.Gần các trường đại học - chợ - siêu thị - trường học các cấp - đi lại thuận lợi.Diện tích: 30m2 - 35m2 - 43m2 - 48m2 - 49m2 - 50m2 - 52m2 - 65m2.Giá bán: 610tr - 721tr -  850tr - 916tr -  HƠN 1 tỷ.Tòa nhà thiết kế tầng 1 để xe, tầng trên cùng là tầng tum sân phơi chung còn lại là các tầng căn hộ, có đầy đủ hệ thống phòng cháy chữa cháy tự động, an ninh tòa nhà bảo vệ chuyên nghiệp.Liên hệ trực tiếp chủ đầu tư để mua nhà - add Zalo để nhận video căn hộ.
",Căn hộ,Sổ hồng,Đông-Nam, 13/11/2023,11/12/2023,Bán,1217862,2,Có,1.0,1.0,1.0,1.0,1.0,1.0,1.0,1.0,1.0,1.0,1.0,1.0,1.0,1.0,Đông-Nam,6,Có
"
Cắt lỗ !!! Bán chung cư H1 Giang Văn Minh - Đội Cấn - Ba Đình - Sổ đỏ vĩnh viễn
","
700
Triệu ","
58
m2
","['Hà Nội', 'Quận Ba Đình', 'Mua bán Căn hộ chung cư tại Đường Giang Văn Minh']","
Chung cư H1 Giang Văn Minh - Đội Cấn - Ba ĐìnhLiên hệ Trường chủ đầu tư để mua giá gốc 0971 846 ***  (Lưu ý miễn môi giới trung gian).Giảm giá sâu cho khách hàng mua nhà trong tháng - nhận nhà ngay.Giá bán: 600tr - 700tr - 839tr - 986tr -  hơn 1 tỷ.Diện tích: 35m² - 53m² - 58m² - 60m² - 63m² - 65m².Nội thất: Sàn gỗ, tủ bếp, trần thạch cao, thiết bị vệ sinh, bình nóng lạnh, đèn led.Tòa nhà thiết kế tầng 1 để xe, có đầy đủ hệ thống phòng cháy chữa cháy tự động, an ninh tòa nhà bảo vệ chuyên nghiệp.Sổ hồng sở hữu vĩnh viễn.Liên hệ trực tiếp trường chủ đầu tư xây dựng để mua nhà giá gốc 0971 846 ***.Add Zalo để nhận video căn hộ. (Lưu ý miễn môi giới trung gian).
",Căn hộ,Sổ hồng,Tây-Nam, 24/10/2023,21/11/2023,Bán,1153860,2,Có,1.0,1.0,1.0,1.0,1.0,1.0,1.0,1.0,1.0,1.0,1.0,1.0,1.0,1.0,Đông-Nam,5,Không
"
Bán căn 1 + 1 view bể bơi West B Masteri Vinhomes Smart City, giá gốc CĐT 2,64 tỷ tầng cao đẹp
","
2,6
Tỷ ","
46
m2
",['Mua bán Căn hộ chung cư  Vinhomes Smart City'],"
- CĐT Masteri Homes mở bán tòa B tại Vinhomes Smart City Tây Mỗ - Nam Từ Liêm - HN.- Bán căn 1pn + 1 46m² tim tường, view bể bơi nội khu công viên cây xanh mát mẻ Trục căn 25 tầng cao đẹp nhất tòa. Tháng 6/2024 bàn giao nhà, căn ký và chuyển khoản trực tiếp CĐT giá gốc 2,64 tỷ.- Tòa có mặt ban công Đông Bắc duy nhất view hồ điều hòa phân khu Masteri, Mặt sau view công viên nội khu, bể bơi cây xanh mát mẻ.- Bàn giao nội thất cơ bản, trần sàn liền tường cao cấp, full thiết bị vs tiêu chuẩn nhập Đức - Mỹ, điều hòa âm trần Daikin, có bếp từ tủ bếp mặt bàn bếp hút mùi, bếp nướng.- Bể bơi panorama tầng thượng, vườn trên không skygaden, phòng gym, rạp chiếu phim trong nhà..51 tiện ích trong ngoài nhà phục vụ độc quyền cho cư dân masteri.- Vay ngân hàng Techcombank 50% hoặc 80% được hỗ trợ lãi suất 0% đến tháng 6/2025.- A/c quan tâm LH TPKD, hotline: 0395886*** 
",Căn hộ,,, 13/11/2023,11/12/2023,Bán,2485943,,,1.0,1.0,1.0,1.0,,,,,,1.0,1.0,1.0,1.0,,,,
