Title,Price,Area,Address,Gen_descrip,Loại hình,Tình trạng pháp lý,Ngày đăng,Ngày hết hạn,Loại tin,ID tin,Số phòng ngủ,Số tầng,Hướng nhà,Bình nóng lạnh,Máy hút mùi,Tủ bếp,Bàn ăn,Kệ TV,Tủ trang trí,Giường ngủ,Bàn phấn,Tủ quần áo,Bồn tắm,Vòi hoa sen,Bồn cầu,Bồn rửa mặt,Bàn ghế P.khách,Đường vào,Mặt tiền,Hướng ban công,Căn góc
"
Bán nhà riêng Quận Ba Đình 45m 6 Tầng Thang máy thiết kế hiện đại nhà rộng thoáng sáng giá 7.45 Tỷ
","
7,45
Tỷ ","
45
m2
","['Hà Nội', 'Quận Ba Đình', 'Mua bán Nhà riêng tại Đường Đội Cấn']","
NHÀ MỚI - THANG MÁY - NGÕ RỘNG - 20M RA PHỐ - TT BA ĐÌNH Mô tả - Vị trí trung tâm Ba Đình, ngõ rộng thoáng sáng, cách phố chỉ 20m - Nhà chủ xây tâm huyết thiết kế hiện đại, công năng đầy đủ.T1: Khách, bếp và wc.T2: Phòng khách. T3.4 5: Mỗi tầng 1 phòng ngủ + WC khép kín.T6: Thờ và sân phơi. Sổ đỏ chính chủLH : Em Hương
",Nhà riêng,Sổ đỏ, 27/10/2023,24/11/2023,Bán,2596374,,,,,,,,,,,,,,,,,,,,,
"
Bán nhà riêng quận Cầu giấy 40m2 Ô tô đỗ cửa gần phố 5 phòng ngủ -ngõ thông Giá nhỉnh 5 TỶ
","
5,7
Tỷ ","
40
m2
","['Hà Nội', 'Quận Cầu Giấy', 'Mua bán Nhà riêng tại Đường Hoa Bằng']","
 SIÊU PHẨM CẦU GIẤY - NGÕ THÔNG TỨ TUNG - Ô TÔ TRÁNH CÁCH NHÀ 10M - KINH DOANH ONLINEMô tả: - Nhà đẹp ở luôn, chủ để lại nội thất cơ bản, mặt tiền rộng, - Nhà gần mặt phố to ô to ô tô đậu cách nhà 10m. Thoáng sang vô cùng- Thiết kế:+ Tầng 1 : Phòng khách,bếp, để xe+ Tầng 2 : phòng ngủ và vs, + Tầng 3 : 2 phong ngủ + VS+ Tầng 4 : 2 phòng ngủ + VS+ Tầng 5 phòng thờ, sân phơi, sân thượngSổ đỏ chính chủLH : Em Hương
",Nhà riêng,Sổ đỏ, 17/10/2023,14/11/2023,Bán,2578533,,,,,,,,,,,,,,,,,,,,,
"
Bán nhà Thái Hà Đống Đa 45mx6T Thang máy chạy vèo vèo nhà đẹp như khách sạn giá chốt bất ngờ
","
8,5
Tỷ ","
45
m2
","['Hà Nội', 'Quận Đống Đa', 'Mua bán Nhà riêng tại Phố Hào Nam']","
  NHÀ MỚI ĐẸP Ở LUÔN - 6 TẦNG THANG MÁY CHẠY VÈO VÈO - CHỦ RẤT THIỆN TRÍ -KHÁCH PHẢI THẬT NHANH MỚI KỊP  + Siêu phẩm cực đẹp 6 tầng thang máy, ba bước ra ô tô. Thiết kếTầng 1: Phòng bếp + để xeTầng 2: Phòng khách + wcTầng 3,4,5: Mỗi tầng 1 phòng ngủ masterTầng 6: Phòng thờ + sân phơiSổ đỏ vuông vắn, chính chủ.LH : Em HươngTư vấn hỗ trợ đi xem nhà 24/7 
",Nhà riêng,Sổ đỏ, 11/11/2023,09/12/2023,Bán,2623692,,,,,,,,,,,,,,,,,,,,,
"
Bán nhà biệt thự, liền kề Huyện Hoài Đức - Hà Nội giá 9.50 Tỷ
","
9,5
Tỷ ","
95
m2
","['Hà Nội', 'Huyện Hoài Đức', 'liền kề tại Đường 32', 'Mua bán Nhà biệt thự']","
Hinode Royal Park - Kim Chung Di TrạchSIêu phẩm PHỐ ĐI BỘ, thiết kế Anh Quốc gần đường 30m kết nối khu hành chính Hoài Đức, vành đai 3.5, gần Hồ, trung tâm Thương mại.- Vị trí làm văn phòng, kinh doanh, cho thuê.Giá chỉ 9.x tỷ.
","Nhà biệt thự, liền kề",Giấy tờ hợp lệ, 11/11/2023,09/12/2023,Bán,2624802,,,,,,,,,,,,,,,,,,,,,
"
Dừng lại! mặt phố cù chính lan,36m²,3 tầng,4.5m,kinh doanh đỉnh,7.3tỷ.
","
7,3
Tỷ ","
36
m2
","['Hà Nội', 'Quận Thanh Xuân', 'Mua bán Nhà mặt phố tại Đường Cù Chính Lan']","
200TR/M SỞ HỮU NGAY NHÀ MẶT PHỐ CÙ CHÍNH LAN, THANH XUÂN - KHU VIP - SỔ VUÔNG ĐÉT NÉT CĂNG - Ở LUÔN - Ô TÔ TRÁNH, ĐỖ NGÀY ĐÊM THOẢI MÁI - KINH DOANH ĐỈNH.
 Em hân hạnh giới thiệu căn nhà mặt phố tại khu vực Cù Chính Lan, Thanh Xuân, Hà Nội - một cơ hội hiếm có để sở hữu một căn nhà mặt phố với vị trí tuyệt vời và tiện nghi đáp ứng mọi nhu cầu của anh chị, cả trong việc kinh doanh và để ở lâu dài.
 Diện tích: 36 m² .
 Số tầng: 3 .
 Mặt tiền: 4.5m. 
Giá bán: 7.3 tỷ VND có thương lượng.
 Địa chỉ: Cù Chính Lan, Thanh Xuân, Hà Nội
 Vị trí : Căn nhà này nằm tại vị trí cực kỳ đặc biệt, ngay mặt phố với tiện ích ô tô tránh và đỗ ngày đêm.
 Khu vực này rất thuận lợi cho kinh doanh và văn phòng, với đường thông ra Nguyễn Ngọc Nại, Hoàng Văn Thái, Trường Chinh.
 Mô tả chi tiết:
 - Tầng 1: Phòng khách, bếp, wc.
 - Tầng 2: 2 Phòng ngủ, wc.
 - Tầng 3: Phòng thờ, sân phơi rộng. Anh chị có thể về xây thêm tầng thoải mái. 
Pháp lý sạch, sổ đỏ đầy đủ, vuông vắn và đẹp.
 Liên hệ: Chung Phong.
 Nếu bạn quan tâm hoặc muốn biết thêm chi tiết, vui lòng liên hệ với em qua số điện thoại, hoặc zalo: .
 Hãy nhanh tay để không bỏ lỡ cơ hội đặc biệt này để sở hữu một căn nhà mặt phố tại khu vực đắc địa của Thanh Xuân, Hà Nội.
",Nhà mặt phố,Sổ đỏ, 03/11/2023,01/12/2023,Bán,2608792,3,3,,,,,,,,,,,,,,,,,,,
"
Shop TMDV San Hô giá 9.5 tỷ đối diện đại học VINUNI tại Gia Lâm Hà Nội (0985941***)
","
9,5
Tỷ ","
74,3
m2
",['Mua bán Nhà phố thương mại Shophouse  Vinhomes Ocean Park'],"
Shophouse San Hô tại Vinhomes Ocean Park Gia Lâm Diện tích rộng 74.5m2Mặt tiền 5.5mXây dựng 65m2/sànTổng xây dựng 321m2 (căn có mái)Hướng Đông NamGía bán 9.5 tỷ (bao toàn bộ thuế phí sang tên)Chi tiết xin liên hệ 0985941*** (Mr Hùng) Cách hồ Ngọc Trai khoảng 50mĐối diện là trường Đại học VinUniShophouse các 60 tòa chung cư chỉ từ 500m Hiện đại là phân khu có tỷ lệ hoàn thiện cao nhất dự án 78/120 căn về ở, kinh doanh.Nhu cầu về mặt bằng thuê tại đây luôn ở tình trạng thiếu, hoàn thiện cơ bản có thể cho thuê được giá 30-35 triệu/tháng
",Nhà phố thương mại Shophouse,Sổ hồng, 11/11/2023,09/12/2023,Bán,2624672,,,Đông-Nam,,,,,,,,,,,,,,,,,,
"
Quỹ Căn Duplex, Penthouse View Hồ 22ha hướng Đông Nam Chung Cư Khai Sơn City, Ngọc Thụy, Long Biên
","
9,5 - 13
Tỷ ","
168 - 272
m2
",['Mua bán Căn hộ chung cư  Khai Sơn Town'],"
Liên hệ ngay em Việt - phòng kinh doanh chủ đầu tư để lựa chọn được những căn hộ đẹp nhất, giá tốt nhất. Hotline: 0962961**** Tổng quan dự án.CĐT: Công ty Cổ phần Khai Sơn.Ra hàng 3 tòa chung cư K1 - K2 - K3, mỗi tòa 21 tầng.Tổng 545 sản phẩm bao gồm:- 457 Căn hộ 2PN - 3PN diện tích: 77m² - 90m² - 97m²(căn góc) - 102m² - 120m²(căn góc).- 26 Duplex Penthouse diện tích: 148m² - 179m² - 240m²(căn góc) - 243m²(căn góc) - 272m².- 16 Gian thương mại thông tầng (Tầng 1,2).- 46 Gian thương mại thường Officetel (Tầng 3).* Chính sách bán hàng hot nhất.Chiết khấu 20,5% giá bán.Tặng suất mua để ô tô cho 60 khách hàng đầu tiên.Hỗ trợ vay lên tới 65% GTCH - LS 0% trong 18 tháng + Chiết khấu 11% (dành cho 60 căn hộ đầu tiên ký HĐMB).CK 12,5% khi TT bằng vốn tự có.Thông tin chi tiết vui lòng liên hệ: 0962961***
",Căn hộ,Sổ hồng, 11/11/2023,09/12/2023,Bán,2509690,,,Đông-Nam,1.0,1.0,1.0,1.0,1.0,1.0,1.0,1.0,1.0,1.0,1.0,1.0,1.0,1.0,,,,
"
Căn hộ đập thông 190m2 - 500m2 dự án Le Grand Jardin, mua trực tiếp chủ đầu tư
","
Thỏa thuận
","
500
m2
",['Mua bán Căn hộ chung cư  Le Grand Jardin Sài Đồng'],"
Thiết kế căn hộ từ 4-6 phòng ngủ 4WC dành cho những gia đình ở nhiều thế hệ.Phòng khác + bếp rộng từ 60-80m2 rất rộng và đẹp.Căn góc 2 mặt thoáng giúp bao trọn tầm view.Liên hệ phòng kinh doanh chủ đầu tư:Chính sách ưu đãi mới nhất tháng 09/2023Khi thanh toán theo tiến độ thường, chiết khấu 5,5% GTCH (chưa bao gồm VAT + KPBT).Khi không vay thanh toán sớm 95% giá bán, chiết khấu 7% GTCH (chưa bao gồm VAT + KPBT).Vay tối đa 70% GTCH, hỗ trợ lãi suất 0% trong 15 tháng.Miễn phí trả nợ trước hạn trong thời gian hỗ trợ lãi suất.Miễn 24 tháng phí dịch vụ.Chiết khấu 2.8 triệu/m2 với những căn bàn giao thô.Liên hệ phòng kinh doanh chủ đầu tư
",Căn hộ,Sổ đỏ, 11/11/2023,09/12/2023,Bán,1708441,,,Đông-Nam,,,,,,,,,,,,,,,,,,
"
Dừng Lại! Mặt Phố Cù Chính Lan,33m²,4 Tầng,3.5m,Kinh Doanh Đỉnh,7.8Tỷ.
","
7,8
Tỷ ","
33
m2
","['Hà Nội', 'Quận Thanh Xuân', 'Mua bán Nhà mặt phố tại Đường Cù Chính Lan']","
200TR/M SỞ HỮU NGAY NHÀ MẶT PHỐ CÙ CHÍNH LAN, THANH XUÂN - KHU VIP - SỔ VUÔNG ĐÉT NÉT CĂNG - Ở LUÔN - Ô TÔ TRÁNH, ĐỖ NGÀY ĐÊM THOẢI MÁI - KINH DOANH ĐỈNH. Em hân hạnh giới thiệu căn nhà mặt phố tại khu vực Cù Chính Lan, Thanh Xuân, Hà Nội - một cơ hội hiếm có để sở hữu một căn nhà mặt phố với vị trí tuyệt vời và tiện nghi đáp ứng mọi nhu cầu của anh chị, cả trong việc kinh doanh và để ở lâu dài. Diện tích: 33 m² .Số tầng: 4 .Mặt tiền: 3.5m. Giá bán: 7.8 tỷ VND có thương lượng. Địa chỉ: Cù Chính Lan, Thanh Xuân, Hà NộiVị trí : Căn nhà này nằm tại vị trí cực kỳ đặc biệt, ngay mặt phố với tiện ích ô tô tránh và đỗ ngày đêm. Khu vực này rất thuận lợi cho kinh doanh và văn phòng, với đường thông ra Nguyễn Ngọc Nại, Hoàng Văn Thái, Trường Chinh. Mô tả chi tiết:Tầng 1 bao gồm phòng khách, khu vực bếp và phòng vệ sinh. Tầng 2 và 3 có tổng cộng 3 phòng ngủ và 2 phòng vệ sinh, cung cấp không gian riêng tư cho gia đình.Tầng 4 thiết kế với phòng thờ và sân thượng rộng rãi, thích hợp để trồng cây cỏ và tận hưởng không gian ngoài trời. Pháp lý sạch, sổ đỏ đầy đủ, vuông vắn và đẹp. Liên hệ: Chung Phong.Nếu bạn quan tâm hoặc muốn biết thêm chi tiết, vui lòng liên hệ với em qua số điện thoại, hoặc zalo: 0896510*** . Hãy nhanh tay để không bỏ lỡ cơ hội đặc biệt này để sở hữu một căn nhà mặt phố tại khu vực đắc địa của Thanh Xuân, Hà Nội.
",Nhà mặt phố,Sổ đỏ, 03/11/2023,01/12/2023,Bán,2608233,,,,1.0,1.0,1.0,1.0,1.0,1.0,1.0,1.0,1.0,1.0,1.0,1.0,1.0,1.0,,,,
"
Chủ nhà gửi bán viên ngọc quý trong đảo ngọc trai dự án Vinhomes Ocean Park Gia Lâm
","
31,1
Tỷ ","
150
m2
","['liền kề  Vinhomes Ocean Park', 'Mua bán Nhà biệt thự']","
Chỉ hơn 200tr sở hữu ngay 1 căn song lập Đảo Ngọc Trai Vip nhất dự án Vinhomes Ocean Park Gia Lâm.Là viên ngọc quý của dự án được bao bọc bởi hồ điều hòa và hệ thống kênh đào tuyệt đẹp trải rộng xung quanh.Với hệ thống tiện ích trọn vẹn và riêng tư giúp cuộc sống trở nên trọn vẹn và dễ dàng thì đây là không gian đán sống đáng mơ ước đáng tự hào.Nằm ở phân khu khép kín duy nhất của dự án với hệ thống an ninh 24/7 giúp bảo đảm an toàn về con người và tài sản của cư dân đảo Ngọc.Nơi có nhiều tiện ích nhất của dự  với 2 công viên sân chơi nội khu,bể bơi ngoài trời thêm vào đó là hệ thống nướng BBQ riêng biệt chỉ dành cho cư dân trong đảo.Vinhomes Ocean Park Giá TRị TRường Tồn – Độc Bản Phồn VinhDiện tích 142.Xây dựng 61m2/sàn. Xây dựng 3,5 tầng, tổng xây dựng 212m2.Hoàn thiện full nội thấtHướng nhà Tây Bắc.Sổ đỏ chính chủ.Anh chị, khách hàng quan tâm liên hệ em Thắng Vinhomes  để được tư vấn về giá cũng như xem nhà trực tiếp
","Nhà biệt thự, liền kề",Sổ đỏ, 11/11/2023,09/12/2023,Bán,1926563,,,Tây-Bắc,,,,,,,,,,,,,,,13m,84m,,
"
Bán cc Hồ Gươm Plaza,Hà Đông,Siêu Phẩm TIện Ích,chỉ 1,5 tỷ (30%)nhận nhà ở ngay, 0559845***
","
Thỏa thuận
","
120
m2
",['Mua bán Căn hộ chung cư  Hồ Gươm Plaza'],"
Căn hộ chung cư mặt đường Trần Phú đẹp long lanh đón tết, dự án Hồ Gươm Plaza, Hà Đông- 3 phòng ngủ, 2 vệ sinh, diện tích rộng, ở sướng.- Khu vực trung tâm đất học quận Hà Đông, đi lại thuận tiện khắp nơi.- Tiện ích đầy đủ: Siêu thị Big C, bể bơi 4 mùa, rạp chiếu phim CGV, Điện Máy Xanh, nhà hàng, Highland coffee, khu vui chơi trẻ em,...- Ga đường sắt Cát Linh - Hà Đông ngay gần.
",Căn hộ,, 11/11/2023,09/12/2023,Bán,2624272,,,,,,,,,,,,,,,,,,,,,
"
Mở bán Booking SA1 toà căn hộ cuối cùng tại phân khu SAKURA Vinhomes Smart City. Giá khởi điểm
","
1,5
Tỷ ","
32
m2
",['Mua bán Căn hộ chung cư  Vinhomes Smart City'],"
nhận Booking toà SA1 toà căn hộ cuối cùng tại xứ sở hoa anh đào, phong cách thiết kế đậm chất Nhật21/11/2023 bắt đầu mở bán tiến độ đợt đầu tiên đào móng, giá khởi điểm.Hãy là khách hàng thông tháo đón đầu đợt mở bán để có cơ hội mua những căn hộ đầu tiên với giá và chính sách quà tặng cực kỳ ưu đãi.- Bàn giao thiết bị vệ sinh đầy đủ của Toto, tủ bếp, cửa vân tay chống cháy, sàn gỗ, trần thạch cao, full điều hoà muti 2 chiều.- Sử dụng các tiện ích nội ngoại khu như Vườn Nhật, hồ cảnh quan, bể bơi 4 mùa, vườn hoa Hokkaido,...liên hệ em Nhung 03958864***để được tư vấn căn hộ đẹp nhất.
",Căn hộ,, 11/11/2023,25/11/2023,Bán,2624332,,,,1.0,,,,,,,,,1.0,1.0,1.0,1.0,,,,,
"
Cả phố mới có một nhà bán, Phân lô cạnh HV Quân Y- HĐ 55m2, nội thất sang xịn
","
6
Tỷ ","
55
m2
","['Hà Nội', 'Quận Hà Đông', 'Mua bán Nhà riêng tại Phố Phùng Hưng']","
- Đại tá Thanh về hưu bán nhà hồi hương- Nhà 4 tầng rộng rãi, bác tự xây, thiết kế rất tâm huyết. Giờ có tuổi về quê vui vầy cùng họ hàng làng xóm chứ không muốn bon chen chốn đất chật người đông nữa- Dân cư văn minh, ngõ thoáng sạch sẽ, yên tĩnh. Cả khu toàn người làm bác sỹ, quân đội, khu phố văn hóa, tình cảm chan hòa. - Diện tích 55m2 x 4 tầng . Nội thất tự thiết kế sang xịn- Ngõ trước nhà ô tô vào tận cửa, rất gần phố, cạnh viện 103- Giao thông thuận tiện kết nối ra KĐT Văn Quán, Xa La…, tiện ích bao la ngập tràn- Giá: 6 tỷ (có thương lượng)- Sổ đỏ vuông vức đẹp nức nởLiên hệ em để xem nhà ngay 0869 792 ***
",Nhà riêng,, 05/11/2023,03/12/2023,Bán,2370260,,,,1.0,1.0,1.0,1.0,1.0,1.0,1.0,1.0,1.0,1.0,1.0,1.0,1.0,1.0,,,,
"
Căn hộ 1PN Zenpark Ruby sẵn nội thất cao cấp tặng tới 290tr CK 15.5% Vinhomes Ocean Park
","
1,68
Tỷ ","
41
m2
",['Mua bán Căn hộ chung cư  Vinhomes Ocean Park'],"
Căn hộ 1 phòng ngủ 1WC view thoáng đẹp nhất tại phân khu cao cấp Zenpark tiêu chuẩn ruby (tương tự Timescity) trực tiếp từ CĐT Vinhomes.View thoáng rộng: Quảng trường nhạc nước 15.000m2 + Tổ hợp nhà để xe bể bơi mái kính tự động đóng mở + QH Công viên Hồ điều hòa 28ha + Biệt thự Hồ đảo cọ..Nội khu Vườn Nhật 6000m2 an yên, tĩnh lặng.+ Đã có đầy đủ nội thất liền tường chỉ việc vào ở+ Miễn phí mọi tiện ích trong nhà: Bể bơi bốn mùa/ngoài trời, gym tại tòa nhà, bi-a, khu vui chơi trẻ em, beeps BBQ miễn phí chính sách chỉ dành riêng cho cư dân Zenpark,.* Chính sách thanh toán hấp dẫn:+ Được vay 70% GTCH + Hỗ trợ lãi suất 0% tới 23/10/2024.+ CK cao khi thanh toán ngay bằng vốn tự có ko vay được giảm tới 15.5% cho mọi loại căn+ Giảm ngay vào giá bán 50tr-290tr theo loại căn với Quà tặng Tân gia An cư đẳng cấp cho tới khi kết thúc chương trình. * Tiêu chuẩn Bàn giao Ruby cao cấp tương tự Parkhill Timescity/Royal:- Tặng gói Smart Home tiêu chuẩn Gold cho căn hộ thông minh & tiện lợi.- Kính tràn viền từ trần đến sàn sang trọng, thoáng đãng và tràn ngập ánh sáng cho căn hộ.- Sảnh lễ tân, lounge lớn, phòng gym ngay chân tòa, khu vui chơi trẻ em trong nhà..- Điều hòa âm trần, nước nóng tổng, full sàn gỗ, được bàn giao full tủ bếp + thiết bị nhập khẩu Châu Âu cao cấp, tủ áo Acrylic, TBVS cao cấp kèm tủ chậu, khóa vân tay,....+ + Thừa hưởng hàng trăm tiện ích cao cấp của Tổ hợp The Ocean View..* Đừng bỏ lỡ căn hộ ưng ý để tận hưởng cuộc sống nghỉ dưỡng đẳng cấp:- Điểm đến mới của du lịch Hà Nội với Vinwonder và Vinpearl Safari đối diện;- KĐT có Biển hồ nước mặn và nước ngọt trải cát trắng lớn nhất Thế giới;- KĐT Quy mô lớn nhất Hà Nội đã bàn giao và 28.000 cư dân đã về ở;- Nơi có tòa văn phòng thông minh và hiện đại Top 10 Thế giới - Technopark sẽ thu hút rất nhiều công ty lớn về;- Đại học quốc tế đầu tiên và duy nhất VinUni - điểm check in ""trời Âu"" mới của các bạn trẻ;- Đầy đủ tiện ích TTTM Vincom, Vinmec, Vinschool,..- Đối diện công viên hồ điều hòa 28ha Gia Lâm (theo QH)..- Nằm tại mặt đường huyết mạch Lý Thánh Tông nối Quốc lộ 5A và 5B, Gần ga Metroline số 8 thuận tiện di chuyển, vào nội thành chỉ 15-20p.. * Cam kết: Mua trực tiếp từ CĐT với Giá gốc + Full ưu đãi tối ưu nhất.Quỹ căn lớn + độc quyền từ Đại lý Phân phối Top 1 Vinhomes.Được hỗ trợ tận tình mọi thủ tục liên quan đến căn hộ từ khi đặt cọc đến khi nhận bàn giao và làm sổ, cho thuê căn hộ..
",Căn hộ,Sổ hồng, 11/11/2023,09/12/2023,Bán,1722510,1,20,Đông-Bắc,1.0,1.0,1.0,,,,,,1.0,,1.0,1.0,1.0,,,,Đông-Bắc,Không
"
Mua căn hộ Zurich 48 tháng ko lo lãi suất hoặc Thanh toán chỉ 0.68%/tháng tại Vinhomes Ocean Park
","
1,5 - 5,5
Tỷ ","
33,1 - 115
m2
",['Mua bán Căn hộ chung cư  Vinhomes Ocean Park'],"
Thanh toán chỉ 0.68%/tháng sở hữu ngay căn hộ Zurich phong cách Thụy Sỹ từ Mitsubishi Nhật Bản tại Vinhomes Ocean Park 1, Gia Lâm, Hà Nội:+ Chỉ nộp 10% ký ngay HĐMB, + Thanh toán tiến độ cực giãn mỗi tháng chỉ 0.68%/tháng (3 tháng TT 2%GTCH đến khi có TB bàn giao) hoặc 1.5%/tháng+ Vay ngân hàng linh hoạt vay 45% HTLS ko lo lãi lên tới 48 tháng hoặc vay 70% nhận nhà trước HTLS tới 28/02/2027.+ Ko nhận BLNH đc giảm ngay thêm 1% CK(CS Áp dụng từ 16/09/2023).+ The Metropolitan (Tâm điểm thượng lưu) thuộc Đại đô thị biển Vinhomes Ocean Park gồm 4 phân khu Zurich - London - Beverly - Paris.+ Tầng 20: Sky Garden, phòng xông hơi đá nóng, bể ngâm, phòng SHCĐ, phòng Game, Kids zone, Yoga, Gym, Gian lánh nạn dự phòng..* Tiêu chuẩn bàn giao cực kì đẳng cấp: Bàn giao hoàn thiện, điều hòa, full thiết bị VS cao cấp, khóa cửa vân tay, Lót full sàn gỗ, Tủ bếp trên dưới, Bếp điện từ, Vòi xịt tự động, sen tắm mưa...+ Mật độ: 13 thang máy/sàn + Với hệ thống thang máy của Mitsubishi chất lượng đã được khẳng định từ lâu.+ Toà căn hộ: 37 tầng cao nhất dự án.+ Bổ sung dòng căn: 115m2 thông thuỷ lớn nhất dự án, đặc biệt lần đầu tiên xuất hiện căn hộ 3 logia thông thoáng, toàn bộ hướng Đông Nam mát mẻ.*Kề cận trường Vinschool, Brighton College hàng đầu Anh Quốc, Vin Uni, 2 Nhà để xe, Trung tâm thương mại dịch vụ..Tiện ích đẳng cấp: Sảnh đón đẳng cấp KS 5 sao,  Nhà để xe riêng biệt, an ninh, Hồ cảnh quan, đài phun nước, Quảng trường, Tháp đồng hồ Thụy Sĩ Zurich 7.5m, Vườn cờ, đọc sách, sân tập thể thao ...* Các loại căn:Studio ~ Tim 30.9 m - TT 27.4 m hoặc căn lớn 39.9m2 1PN ~ Tim 45 m - TT 40.7 m x5CH2PN ~ Tim 61.2 m - TT 56.4m x12CH3PN ~ Tim 96.2 m - TT 88m x2CH3PN ~ Tim 115m - 103.5m x2CH* Vị trí: Ngay cổng chào dự án, Đại lộ Lý Thánh Tông, cao tốc Hà Nội - Hải Phòng, kế bên Vinschool, Toà Technopark. Nằm giáp khu hồ điều hòa, View hồ San Hô trải dài thoáng đãng và view Vinpearl Safari..* The Zurich được triển khai bởi sự kết hợp giữa 2 tập đoàn lớn VINHOMES và MITSHUBISHI của Nhật Bản sẽ đem đến cho người dân một trải nghiệm cuộc sống tiện nghi, hiện đại xứng tầm quốc tế - Sống trọn khoảnh khắc Thuỵ Sỹ ngay tại HN!Phân khu The Zurich là phân khu căn hộ cao cấp có vị trí đắc địa tại cửa ngõ dự án, có tầm view triệu đô, cảnh quan nội khu có những điểm nhấn như vườn thực vật Botanic Garden, hồ cảnh quan, đảo tập Yoga, chòi nghỉ tổ chim, giàn cảnh quan, vườn dạo bộ, sân chơi trẻ em Tropical Playground, sân vận động liên hoàn, sân thể thao, Tất cả góp phần tạo nên một cuộc sống hoàn hảo dành cho cư dân sinh sống tại chung cư The Zurich.* Hotline đặt cọc tư vấn TT dự án trực tiếp từ CĐT Vinhomes.
",Căn hộ,Sổ hồng, 11/11/2023,09/12/2023,Bán,1990915,,,,,,,,,,,,,,1.0,1.0,1.0,,,,,Có
"
""Bán nhà Khương Hạ,36m2,5 tầng,6.3m,4.5 tỷ, nội thất đầy đủ, ngõ rộng, kinh doanh""
","
4,5
Tỷ ","
36
m2
","['Hà Nội', 'Quận Thanh Xuân', 'Mua bán Nhà riêng tại Phố Khương Hạ']","
TẶNG TOÀN BỘ NỘI THẤT - 5 TẦNG ĐỔ TRẦN - NGÕ RỘNG GẦN 3m - CÁCH Ô TÔ 40m - CÁCH BÃI Ô TÔ CHỈ 100m. Nhà tọa lạc tại Khương Hạ, quận Thanh Xuân, với diện tích 36 mét vuông và mặt tiền rộng 6.3 mét. Ngôi nhà có 5 tầng, mang đến không gian thoáng đãng và tiện nghi cho cả gia đình. Vị trí thuận lợi, gần phố, cách ô tô chỉ 40m, và có một ngõ rộng gần 3 mét, giúp việc di chuyển dễ dàng và thoải mái. Nhà được thiết kế rất thông thoáng và hiện đại. Cấu trúc như sau: Tầng 1: Phòng ăn, bếp và nhà vệ sinh. Tầng 2: Phòng khách rộng và một nhà vệ sinh. Tầng 3: Một phòng ngủ master rộng với nhà vệ sinh riêng. Tầng 4: Hai phòng ngủ và một nhà vệ sinh. Tầng 5: Một phòng thờ rộng (có thể sử dụng làm phòng ngủ thêm) và sân phơi. Giá : 4.5 tỷ có thương lượng. Ngôi nhà được bán kèm với toàn bộ nội thất, bao gồm giường, tủ, tivi 65 inch, 3 điều hòa Daikin 2 chiều và bàn ăn. Điều này giúp bạn dễ dàng chuyển đến và bắt đầu cuộc sống mới mà không cần lo lắng về việc trang bị nội thất. Chỗ ở này là một sự kết hợp hoàn hảo giữa vị trí thuận lợi và thiết kế hiện đại. Chủ nhà vui tính và dễ đàm phán, đảm bảo bạn sẽ có trải nghiệm tốt khi thăm nhà này. Liên hệ ngay: Chung Phong. sdt,zalo : 0896510***. RẤT VUI KHI ĐƯỢC ĐỒNG HÀNH CÙNG ANH CHỊ.
",Nhà riêng,, 03/11/2023,01/12/2023,Bán,2608894,,,,1.0,1.0,1.0,1.0,1.0,1.0,1.0,1.0,1.0,1.0,1.0,1.0,1.0,1.0,,,,
"
Mảnh ghép cuối cùng của SAKURA phong cách Nhật Bản tại Vinhomes Smart
","
Thỏa thuận
","
30
m2
",['Mua bán Căn hộ chung cư  Vinhomes Smart City'],"
Tổng quan nổi bật khu đô thị Vinhomes Smart City Tây Mỗ, Nam Từ Liêm, Hà Nội:- Vị trí tâm điểm phía Tây thủ đô Hà Nội, tiếp giáp Đại lộ Thăng Long, Lê Trọng Tấn, đường 72…- Công viên trung tâm: vườn nướng BBQ ngoài trời, hồ điều hòa, bãi cát nhân tạo, khu thể thao, khu vui chơi, …- Vườn Nhật: quảng trường sự kiện, công viên trò chơi, vườn thiền, vườn tre, nhà hàng Nhật, chòi lá, sân vườn đường dạo phong cách Nhật Bản- Trung tâm thương mại Vincom Mega Mall lớn nhất hệ thống Vincom toàn quốc: bể bơi 4 mùa, dòng sông nhân tạo, khu vui chơi, ăn uống…… và hàng trăm công viên lớn nhỏ, shophouse, biệt thự…Khu đô thị Vinhomes Smart City Tây Mỗ, Nam Từ Liêm với đầy đủ tiện ích, pháp lý chuẩn, đã có nhiều tòa bàn giao và có sổ.PHÂN KHU SAKURA PHONG CÁCH NHẬT BẢN ✅ Phân khu The Sakura có nội khu đẹp nhất Vinhomes Smart City✅ Thiên đường vui chơi Vườn Nhật nội khu rộng 1,1ha & hơn 20 tiện ích✅ Phân khu duy nhất có bể bơi 4 mùa rộng 1.000m đẳng cấp Quốc tế✅ Tâm điểm giáo dục với hệ thống 4 trường Vinschool ngay gần nhàNHẬN BOOKING TÒA SA1 – TÒA CĂN HỘ CUỐI CÙNG THUỘC PHÂN KHU SAKURAHiện tại phân khu Sakura có 2 tòa cư dân đã nhận nhà vào ở (SA2, SA3), tòa SA5 (có vườn Nhật trên tầng thượng) đã cất nóc dự kiến 10/2024 bàn giao chỉ còn 1 ít căn 3 phòng ngủ; SA1 chính là mảnh ghép cuối cùng thuộc phân khu Sakura.- Các loại hình căn hộ: Studio – 1PN – 2PN – 3PN- Diện tích căn hộ từ khoảng 28 – 80m2- Giá dự kiến: 50 – 60 triệu/m2Tòa SA1 dự kiến ra hàng vào khoảng cuối tháng 11/2023, khách hàng có thể booking với Công ty để được quyền ưu tiên chọn căn hộ ngay khi có giá lần đầu tiên, trong trường hợp khách hàng không đồng ý chuyển sang đặt cọc thì sẽ được hoàn lại 100%, không mất bất kì phí gì. Em ở S103 09022203***trực dự án 24/7, bán hàng trực tiếp Chủ đầu tư ạ.
",Căn hộ,, 11/11/2023,09/12/2023,Bán,2624085,,,,,,,,,,,,,,,,,,,,,
