Title,Price,Area,Address,Gen_descrip,Loại hình,Tình trạng pháp lý,Ngày đăng,Ngày hết hạn,Loại tin,ID tin,Số phòng ngủ,Số tầng,Hướng nhà,Bình nóng lạnh,Vòi hoa sen,Bồn cầu,Bồn rửa mặt,Hướng ban công,Căn góc,Nội thất,Máy hút mùi,Tủ bếp,Bàn ăn,Kệ TV,Tủ trang trí,Giường ngủ,Bàn phấn,Tủ quần áo,Bàn ghế P.khách
"
Chính chủ cần bán nhà cầu giấy 35m2 Lô góc nhà mới, tiện ích xung quanh GIÁ 4.3 TỶ
","
4,3
Tỷ ","
35
m2
","['Hà Nội', 'Quận Cầu Giấy', 'Mua bán Nhà riêng tại Phố Trần Bình']","
 LÔ GÓC - 2 THOÁNG - NHÀ ĐẸP NHƯ KHÁCH SẠN 5 SAO - GIÁ TỐTMô tả+Ngõ Trần Bình 2 ô tô tránh, ngay đầu Hồ Tùng Mậu, Ngách vào nhà ba gác tránh xe máy thoải mái.+ Nhà xây cực kiên cố, thiết kế hiện đại, tổng 5PN.+ Tầng 1 xây 33m từ tầng 2 là 36m.+ Tầng 1: Khách, bếp+ Tầng 2,3: 2 PN, WC+ Tầng 4: 1 PN, ban công rộng+ Khu vực dân trí cao gần các khu cán bộ giảng viên các trường ĐH Quốc gia, sư phạm, trường múa, Thương Mại...bệnh viện 198, Y học cổ truyền.Khu vực có nhu cầu thuê phòng cái, dòng tiền 15tr/ tháng.+ Chủ để lại toàn bộ nội thất hiện đại vừa mua mới cho khách thiện chí.+ Sổ đỏ vuông đẹp,LH : Em Hương
",Nhà riêng,Sổ đỏ, 20/10/2023,17/11/2023,Bán,2582411,,,,,,,,,,,,,,,,,,,
"
Bán nhà riêng Quận Cầu Giấy 40m gần phố ngõ quận ủy tiện ích xung quanh giá 4.68 Tỷ
","
4,68
Tỷ ","
40
m2
","['Hà Nội', 'Quận Cầu Giấy', 'Mua bán Nhà riêng tại Đường Cầu Giấy']","
TRUNG TÂM CẦU GIẤY - NHÀ ĐẸP SẴN Ở - GẦN Ô TÔ-NGÕ QUẬN UỶ AN NINH TUYỆT ĐỐI Thiết kế :Tầng 1 : Phòng Khách - Bếp - WcTầng 2 3 4 : 1 ngủ - 1 WcTầng 5 : Phòng thờ - Sân phơiMô tả : Ngõ nhà mình là ngõ Quận Uỷ Cầu Giấy , ô tô tránh , khu vực toàn quan chức tập chung nhiều cơ quan hành chính. Khu vực xung quanh tiện ích bạt ngàn , dân trí cao , hàng xóm thân thiện , an ninh tốt. Sổ đỏ đẹp chính chủ LH : Em Hương
",Nhà riêng,Sổ đỏ, 21/10/2023,18/11/2023,Bán,2586345,,,,,,,,,,,,,,,,,,,
"
Bán nhà riêng Quận Ba Đình 55m gần phố gần ô tô tiện ích xung quanh đầy đủ giá 5.20 Tỷ
","
5,2
Tỷ ","
55
m2
","['Hà Nội', 'Quận Ba Đình', 'Mua bán Nhà riêng tại Đường Đội Cấn']","
Chủ làm ăn lộc lá bán nhà Ba đình để mua nhà to hơn 55m gần phố tiện ích đầy đủ giá chỉ 5.20 TỷTrung Tâm Ba Đình-Ngõ Thông 75 Vĩnh Phúc-Khu Vực Tiện Ích Bạt ngàn-Gần Trường Cấp 1-2 Hoàng Hoa Thám-Chợ Vĩnh Phúc-BV 354-5 Phút Ra Hồ Tây2 Thoáng Trước Sau Phòng Nào Cũng Có Cửa Sổ-Nhà Xây Dựng KCBT Kiên Cố Cầu Thang Rộng Có Thể Lắp Thang MáyThiết Kế:Tầng 1: Sân Để Xe, Khách,Bếp,wcTầng 2,3: Mỗi Tầng 2 Ngủ,wc GiữaTầng 4: Phòng Thờ,sân PhơiTầng 5: Tum Chống nóng-Trồng Sau+Sổ đỏ chính chủLH : Em Hương
",Nhà riêng,Sổ đỏ, 03/11/2023,01/12/2023,Bán,2608895,,,,,,,,,,,,,,,,,,,
"
Giảm chào cực sốc nhà Trần Cung 45m2 nhà mới koong, cửa cổng khóa thông minh giá nhỉnh 4 tỷ
","
4,8
Tỷ ","
45
m2
","['Hà Nội', 'Quận Cầu Giấy', 'Mua bán Nhà riêng tại Phố Trần Cung']","
Nhanh  chân lên nào các anh chị em ơi!NHÀ MỚI Ở NGAY - 6T ĐẸP LUNG LINH - NGÕ RỘNG THOÁNG BA GÁC ĐUA NHAU+ Nhà mới coongThiết kế:T1: Để xe + BếpT2: Khách + WcT3,4,5: Mỗi Tầng 1 ngủ + WcT6: Phòng thờ + Sân PhơiSổ đỏ đẹp, chính chủ.LH : Em Hương
",Nhà riêng,, 17/10/2023,14/11/2023,Bán,2578542,,,,,,,,,,,,,,,,,,,
"
Bán nhà 3 tầng tại ngõ tô hoàng, bạch mai, 58m2, 3 tỷ 9
","
3,9
Tỷ ","
58
m2
","['Hà Nội', 'Quận Hai Bà Trưng', 'Mua bán Nhà riêng tại Phố Bạch Mai']","
 . Nhà diện tích rộng, thoáng trước sau nên phòng nào cũng thoáng sáng, gần nhiều tiện ích, các trường đại học lớn, bệnh viện, trung tâm thương mại…
 chủ tự xây khung cột bê tông vô cùng chắc chắn
+ T1: Khu để xe, phòng khách, bếp, wc., 
+ T2: 2 Phòng ngủ, WC., 
• Sổ đỏ đẹp sẵn sàng chào đón chủ mới ( Hình ảnh thực tế của nhà ) 
Chi tiết liên hệ Mr – Kiên – 
Chuyên thổ cư, còn hơn 200 nhà khu vực với nhiều mức giá, miễn phí dẫn khách xem nhà, tư vấn pháp lý
",Nhà riêng,Sổ đỏ, 10/11/2023,08/12/2023,Bán,2621648,3,3,,,,,,,,,,,,,,,,,
"
Chính chủ bán đất gần Cục gìn giữ Hoà Bình 01km, Quốc Oai, Hà Nội, Nhỉnh 10 Tỷ
","
10
Tỷ ","
1078
m2
","['Hà Nội', 'Mua bán Đất tại Huyện Thạch Thất']","
Chính chủ bán đất gần Cục gìn giữ Hoà Bình 01km, Quốc Oai, Hà Nội, Nhỉnh 10 Tỷ - Sổ đỏ Hoa Hậu tại khu vực.- Liên hệ trực tiếp (Không trả lời tin nhắn) để xem đất và sổ thực tế.
",Đất,, 28/09/2023,23/11/2023,Bán,2543007,,,,,,,,,,,,,,,,,,,
"
Chính chủ bán nhà gần Đại học Thăng Long 333m, Hoàng Mai, Hà Nội, nhỉnh 3 Tỷ
","
3,45
Triệu ","
30
m2
","['Hà Nội', 'Mua bán Nhà riêng tại Quận Hoàng Mai']","
Chính chủ bán nhà gần Đại học Thăng Long 333m, Hoàng Mai, Hà Nội, nhỉnh 3 Tỷ- Tầng 1: Phòng khách, bếp và WC- Tầng 2,3: Mỗi tầng 2 phòng ngủ và 1 WC- Tầng 4: Phòng thờ và sân phơi- Sổ đỏ nở hậu- Liên hệ trực tiếp (Không trả lời tin nhắn) để xem nhà và sổ thực tế
",Nhà riêng,, 28/09/2023,23/11/2023,Bán,2542994,,,,,,,,,,,,,,,,,,,
"
Chuyển nhượng căn góc 3 ngủ 66m2 giá 2.4Tỷ View Hồ Kim Quan KĐT Việt Hưng, Đức Giang, Long Biên
","
2,4
Tỷ ","
66,4
m2
","['Hà Nội', 'Quận Long Biên', 'Mua bán Căn hộ chung cư tại Đường Phan Văn Đáng']","
Cần bán gấp căn góc 2 ngủ 66m2 KĐT Việt Hưng Long BiênChủ đầu tư uy tín: Công ty CP thương mại và dịch vụ Tiến ThànhHệ thống tiện ích hiện đại với nhiều trài nhiệm cho cuộc sống thăng hoaVị trí đắc địa: KĐT Việt Hưng – Đức Giang - Long Biên - Hà Nội+ Diện tích thông thủy 66m².+ Thiết kế 2PN + 2WC.+ Ban công View Hồ Kim Quan thiêng liêng phù hộ cho nhiều gia chủ phát tài phát lộc – cách công viên lớn nhất khu đô thị Việt Hưng và Long Biên chỉ có 100m + Bàn giao nội thất cơ bản chủ đầu tư thiêt kế phong cách hiện đại cao cấp+ Giá bán chỉ 2.4 tỷ (hương lượng)* Chi tiết liên hệ xem nhà miễn trung gian: 09113391***sms, call, zalo). 
",Căn hộ,Sổ hồng, 06/11/2023,20/11/2023,Bán,2224085,,,Đông-Nam,1.0,1.0,1.0,1.0,,,,,,,,,,,,
"
Bán đất tặng nhà C4 thị trấn Trạm Trôi Hoài Đức Ôtô kinh doanh 52m2 mặt tiền 5m chỉ 3.3 tỷ.
","
3,3
Tỷ ","
52
m2
","['Hà Nội', 'Huyện Hoài Đức', 'Mua bán Đất tại Đường 422']","
Bán đất tặng nhà C4 thị trấn Trạm Trôi Hoài Đức Ôtô kinh doanh 52m2 mặt tiền 5m chỉ 3.3 tỷ.+ Vị trí nằm trên trục chính khu vực thị trấn Trạm Trôi Ô tô vào tận nhà.+ Cách trung tâm Huyện ủy, trung tâm Văn hóa thể thao huyện chỉ 300m, cách trường học các cấp chỉ 100m, sát chợ, giáp với Khu Đô Thị Nam 32...Cơ hội đầu tư tăng lãi vốn là rất lớn khi Hoài Đức lên Quận vào năm 2025...LH: PHẠM VĂN TƯỞNG.- 0 CHÍN 8 MỘT 0 55 SÁU 5 BA.CHUYÊN NHÀ ĐẤT THỔ CƯ HÀ NỘIXem nhà 24/7 hoàn toàn Miễn PhíTẬN TÂM-UY TÍN-CHUYÊN NGHIỆP.
",Đất,, 10/11/2023,08/12/2023,Bán,2621410,,,,,,,,,,,,,,,,,,,
"
Tôi cần bán suất ngoại giao chung cư IA20 Ciputra 92m2 giá 18.5tr/m2
","
1,7
Tỷ ","
92
m2
",['Mua bán Căn hộ chung cư  IA20 Ciputra'],"
Bán gấp căn hộ chung cư IA20 Ciputra, giá 18,5tr/m2, rẻ nhất thị trường.Khu vực: Bán căn hộ chung cư tại IA20 Ciputra - Quận Bắc Từ Liêm - Hà Nội.Giá: 16.8tr - 18.5triệu/m2 chưa bao gồm thuế VAT + chênh - Diện tích: 92m2.* Thông tin chi tiết căn hộ chung cư IA20 Ciputra;- Căn hộ diện tích 92m2, 2PN chính + 01 ngủ phụ, 2WC, ban công Đông Nam rất mát mẻ.- Căn hộ 3PN diện tích 107m2, 3PN, 2WC, Căn góc ban công Đông % Nam, các phòng đón ánh sáng tự nhiên.- Các tiện ích vượt trội tại dự án IA20 Ciputra như: Sân golf, bệnh viện Ciputra Hospital, học viện golf, bể bơi 4 mùa, fitness, phòng ăn, sân chơi cho trẻ em...- Vị trí dự án nằm trên đường 40m2 nối đường vành đai 2 Võ Chí Công và vành đai 3 Phạm Văn Đồng đã đi vào hoạt động khiến giao thông kết nối vào trung tâm thuận tiệnLiên hệ trực tiếp: Mr. Thanh 
",Căn hộ,Sổ hồng, 13/10/2023,08/12/2023,Bán,1575643,2,18,Đông-Nam,,,,,Đông-Nam,,,,,,,,,,,
"
Nhà MỚI siêu đẹp- DT 35m, 5 tầng, 3.5 TỶ đường Ngọc Hồi, Thanh Trì
","
3,5
Tỷ ","
35
m2
","['Hà Nội', 'Huyện Thanh Trì', 'Mua bán Nhà riêng tại Đường Ngọc Hồi']","
NHÀ MỚI SIÊU ĐẸP - DT 35m, 5 tầng, 3.5 TỶ đường Ngọc Hồi, THANH TRÌNhà xây mới, trong hẻm yên tĩnh, sân chung 2 nhà 16m² thoáng, 10m ra đường xe ba gác tránhThiết kế:+ Tầng 1: Phòng khách + bếp + wc+ Tầng 2,3,4: Mỗi tầng 1 phòng ngủ + wc ngoài+ Tầng 5: Phòng thờ, sân phơiTiện ích: Gần trường học, bến xe, bệnh viện, gần hồ Linh Đàm,...*** Sổ đỏ sẵn sàng giao dịch 
",Nhà riêng,Sổ đỏ, 09/11/2023,07/12/2023,Bán,2621178,,,Đông-Bắc,,,,,,,,,,,,,,,,
"
Bán gấp Song Lập San Hô căn áp góc sát hồ 24.5ha giá 21.6 tỷ Vin Gia Lâm (0985941***)
","
21,6
Tỷ ","
127
m2
","['liền kề  Vinhomes Ocean Park', 'Mua bán Nhà biệt thự']","
Biệt thự song lập San Hô sát hồ Ngọc TraiDiện tích 126.8m2Mặt tiền 8.5mXây 60m2/sànTổng xây 227 m2Hướng Tây BắcGiá 22 tỷ (bao toàn bộ chi phí sang tên)Chi tiết xin liên hệ 0985941*** (Mr Hùng) Nằm tại tiếu khu San Hô với vị trí trung tâm của kđt với phía Bắc là khu chung cư cao tầng, phía Tây là trường đại học Vinuni, phía Đông là hồ Ngọc Trai 24.5ha và phía nam giáp với sông Ngọc Trai. Được thiết kế với giao thông đường ô bàn cờ nên cực kỳ thông thoáng. Với số lượng toàn khu chỉ có 329 căn, với đầy đủ tiện ích cao cấp như bể bơi ngoài trời, công viên, sân tập thể thao Bao quanh là hệ thống hồ 24.5 ha, sông Ngọc Trai với bãi cát trắng, điểm nướng BĐS. Một chốn an cư hợp lý cho Qúy khách hàng.
","Nhà biệt thự, liền kề",Sổ đỏ, 09/11/2023,07/12/2023,Bán,2620888,,,Tây-Bắc,,,,,,,,,,,,,,,,
"
Bán căn 2ngủ ban công đn duy nhất còn lại home city 177 trung kính 3,6tỷ bao thuế phí
","
3,6
Tỷ ","
70
m2
","['Hà Nội', 'Quận Cầu Giấy', 'Mua bán Căn hộ chung cư tại Phố Trung Kính']","
Tôi chính chủ bán căn hộ 70m 2ngủ2wc full đồ sổ đỏ sẵn giá 3tỷ6 bao sang tên SĐT: Tôi chính chủ cần bán lại căn hộ 2PN2VS chung cư Home City 177 Trung Kính
Thông tin căn hộ như sau.- Diện tích thông thủy 70m².- Thiết kế căn gồm 2PN, 2WC.- Hướng cửa Tây Bắc, hướng ban công Đông Nam - Nội thất đầy đủ chỉ cần xách vali đến ở.Giá bán 3tỷ6 bao phí sang tên.Liên hệ xem nhà trực tiếp tôi SĐT277 6226 (miễn trung gian).Xin cảm ơn!
",Căn hộ,Sổ đỏ, 09/11/2023,07/12/2023,Bán,2620853,2,,,,,,,,,,,,,,,,,,
"
Bán căn hộ 3 ngủ DT 97m2 giá 3.6 tỷ chung cư sài đồng long biên, Hà Nội LH: 0911339***
","
2,5 - 4,1
Tỷ ","
66 - 107
m2
",['Mua bán Căn hộ chung cư  Le Grand Jardin Sài Đồng'],"
Chuyển nhượng căn hộ 3PN diện tích 97m2 giá 3.6tỷ khu đô thị sài đồng làm hàng xóm Vinhomes Riverside Long BiênNội thất cơ bản + nhận nhà ở ngay không phải đợi chờ lâuTiện ích đầy đủ : Gym, Spa,bể bơi, nhà hàng, café, siêu thị, hiệu thuốc….  Anh ninh bảo 24/7+ Từng tầng, từng tòa đều có thẻ thang máy chuyên biệt.  * Vị trí đắc địa, kết nối trung tâm thuận tiện:  + Cách trường cấp 1-2 Phúc Đồng 1km,  + Cách bệnh viện Đa khoa Đức Giang 3km.  + Cách siêu thị Big C Long Biên 1,5km. + Cách cầu Chương Dương 5km.  Chính sách hỗ trợ mua nhà cho khách hàng tại dự án như sau:  + Miễn 18 tháng phí dịch vụ.+ Tặng gói nội thất trị giá đến 60 triệu+ Chiết khấu đến 6% GTCN+ Hỗ trợ Vay 70% GTCN ( Miễn lãi suất 0% + miễn trả gốc + Miễn phí trả nợ trước hạn trong 12 tháng )+ Giảm thêm 2.8 triệu/m2 khi mua căn hộ thô về tự hoàn thiệnPháp lý: sổ hồng lâu dài  ☎️Liên hệ em Thiện để hỗ trợ xem nhà: 09.1133.9***Website dự án: https://legrandjardin-hanco3.com/ 
",Căn hộ,, 06/11/2023,04/12/2023,Bán,2128653,,,,1.0,1.0,1.0,1.0,,,,,,,,,,,,
"
Mua nhà đẹp sài đồng, long biên, Hà Nội, chiết khấu 9.5% hoặc lãi suất 0%/ 12 tháng, DT 67- 107m2
","
2,5 - 4,5
Tỷ ","
67 - 107
m2
",['Mua bán Căn hộ chung cư  Le Grand Jardin Sài Đồng'],"
🌟 𝐍𝐇𝐀̣̂𝐍 𝐍𝐇𝐀̀ ĐẸP - VỊ TRÍ VÀNG - KĐT SÀI ĐỒNG ĐÁNG SỐNG🌟 ☘☘☘☘ DIỆN TÍCH LINH HOẠT-> Căn 2PN : 54m2 – 63m2 - 65m2 - 75m2 -> Căn 3PN : 83m2 - 97m2 - 107m2.-> Đáp ứng mọi nhu cầu về không gian sống của khách hàng.-------------------------------------------------------------- ☘☘ CHÍNH SÁCH BÁN HÀNG KHỦNG THÁNG 10 :👉 Tặng quà khủng 100 triệu và 2 chỉ vàng 👉 Nhận nhà ở ngay chỉ cần thanh toán 𝟐𝟓% 𝐆𝐓𝐂𝐇 (chưa gồm VAT, KPBT).👉 Giảm 𝟐,𝟴 𝐭𝐫𝐢𝐞̣̂𝐮/𝐦𝟐 với gói Không gian sáng tạo.👉 Miễn phí 15 tháng phí dịch vụ quản lý.👉 Chiết khấu ngay 9.5% 𝐆𝐓𝐂𝐇 (chưa gồm VAT và KPBT) khi thanh toán sớm.👉 𝐇𝐓𝐋𝐒 𝟎% cho các khoản vay lên tới 𝟕𝟎% 𝐆𝐓𝐂𝐇 trong 12 tháng.👉 Ân hạn nợ gốc và miễn phí trả nợ trước hạn.--------------------------------------------------------------- ► Xem thêm tại: https://legrandjardin-hanco3.com/ 🌟 Le Grand Jardin - Sự lựa chọn hoàn hảo cho nơi an cư yên lành, đong đầy những giá trị xúc cảm thăng hoa. Nhanh tay sở hữu ngay! 
",Căn hộ,Sổ hồng, 27/10/2023,10/11/2023,Bán,1107747,2,,Đông-Nam,1.0,1.0,1.0,1.0,,Có,Có,,,,,,,,,
"
Chuyển nhượng căn 2 ngủ tại chung cư Berriver Nguyễn Văn Cừ, Long Biên, Ck 7% hoặc Ls 0%/ 12 tháng
","
3,2 - 5,1
Tỷ ","
71 - 124
m2
",['Mua bán Căn hộ chung cư  Berriver Jardin'],"
🔥NHẬN NHÀ Ở NGAY - SỔ HỒNG TRAO TAY - CHUNG CƯ BERRIVER, 390 NGUYỄN VĂN CỪ, LONG BIÊN, HÀ NỘI.🔥💥Bộ 3 Chủ đầu tư uy tín : Hanco9 và đơn vị phát triển hàng đầu Masterise, được bảo lãnh bởi ngân hàng Techcombank💥Chuẩn chung cư cao cấp: Cao 25 tầng, 3 tầng hầm, 10 căn hộ/tầng, 4 thang máy, 2 thang bộ thoát hiểm❌Thiết kế căn hộ đa dạng:👉 Căn 2 ngủ : 71m2 - 78m2 - 80m2 - 83m2 - 88m2👉 Căn 3 ngủ : 105m2 - 109m2 - 124m2👉 Căn 3 ngủ +1 : 117m2 - 121m2==============================Mua nhà với chính sách hấp dẫn - Chung cư Premier Berriver - 390 nguyễn văn cừ Long Biên. - Miễn phí 24 tháng dịch vụ. - Ngân hàng Techcombank hỗ trợ tối đa 70% GTCH, tối đa 35 năm. - Ưu đãi 0% lãi suất và ân hạn nợ gốc trong vòng 12 tháng. - Quà tặng nội thất 50 - 80 triệu đồng. - Chính sách đang chiết khấu lên tới 7% GTCH. ==========================Chương trình bốc thăm trúng thưởng 1. Giải đặc biệt là chiếc oto 1. Giải nhất là chiếc xe sH 2. Giải nhì là chiếc tủ lạnh 3. Giải ba là 1 chỉ vàng 15. Giải khuyến khích trị giá 1 triệu==============================💥Vị trí Kim Cương, Long Biên - Liên kết vùng thuận lợi: Cạnh trường cấp 1,2 Ngọc Lâm, cấp 3 Nguyễn Gia Thiều, bệnh viện Tâm Anh, khối văn phòng. Gần Aeon Mall, Vincom Long Biên, 7 phút di chuyển tới trung tâm Hồ Hoàn Kiếm, 30 phút di chuyển tới sân bay Nội Bài.💥Đã có sổ đỏ. Bàn giao ở ngay.💥Miễn phí tiện ích tập gym và bể bơi LỚN trọn đời tại tầng 2 ở trong tòa nhà.
",Căn hộ,Sổ hồng, 09/11/2023,23/11/2023,Bán,1437167,2,10,Đông-Nam,,,,,Đông-Nam,Có,Có,,,,,,,,,
"
Bán nhà 4 tầng nội thất gỗ lim Quận Nam Từ Liêm - Hà Nội giá 7.05 Tỷ
","
7,05
Tỷ ","
64
m2
","['Hà Nội', 'Quận Nam Từ Liêm', 'Mua bán Nhà riêng tại Đường Đại lộ Thăng Long']","
Cần tiền nên bán gắp căn nhà đẹp xây 3 tầng 1 tumđịa chỉ đắc địa ở khu Mễ Trì Thượng, Quận Nam Từ Liên, Tp.Hà Nội - gần khách sạn Mariort - trung tâm hội nghị quốc gia, bảo tàng quốc gia hà nội, .....Thiết kế bởi nhà kiến trúc sư ngành xây dựng  nên bố trí phòng rất hợp lý hệ thống cầu thang rộng thoáng, có ban công có tầng thượng phơi đồ thoángĐồ nội thất từ hệ thông của sổ, cửa ra vào, sập, tủ, bàn ghễ đều làm bằng đồ gỗ lim hoặc đinh chiều cao các tầng rất cao và thoáng mát gồm có 4 phòng ngủ và 3 vệ sinhbán giá rẻ nhất khu - liên hệ xem nhà và đàm phán giá: 0911339***
",Nhà riêng,Sổ đỏ, 09/11/2023,23/11/2023,Bán,2522272,,,Đông-Nam,1.0,1.0,1.0,1.0,,,,1.0,1.0,1.0,1.0,1.0,1.0,1.0,1.0,1.0
"
Bán căn hộ Duplex Penthouse diện tích 248 - 475m2 tại chung cư Premier Berriver Long Biên
","
10,5 - 20,1
Tỷ ","
248 - 475
m2
",['Mua bán Căn hộ chung cư  Premier Berriver Long Biên'],"
Bán 5 Penthouse Duplex trên cao 24 và 25 đẹp nhất và độc đáo nhất.+ Diện tích từ 246m2 - 475m2.+ Giá bán từ 44 triệu/m2.+ Sổ lâu dài.=========================Thông tin mô tả.Thông tin chuẩn xác dự án chung cư Berriver Long Biện.Tên dự án: Chung cư Premier Berriver Long Biên.Địa chỉ: Số 390 Nguyễn Văn Cừ, quận Long Biên, Hà Nội.Chủ đầu tư: Công ty CP Đầu tư xây dựng số 9 Hà Nội (Hanco 9).Tổng diện tích quy hoạch toàn dự án: 30.000m2.Tổng số vốn đầu tư: 3.000 tỷ VNĐ.Thiết kế chi tiết dự án chung cư Berriver Long Biên.Tòa căn hộ Berriver Long Biên có tầng 01 shophouse chân đế kinh doanh, 02 là dịch vụ như bể bơi trong nhà, gym, spa, yoga và khu vui chơi trẻ em.Thông tin pháp lý: Sổ lâu dài.
",Căn hộ,Sổ hồng, 09/11/2023,23/11/2023,Bán,1606179,4,25,Tây-Nam,,,,,Đông-Nam,Có,,,,,,,,,,
