Title,Price,Area,Address,Gen_descrip,Loại hình,Số phòng ngủ,Tình trạng pháp lý,Hướng nhà,Bình nóng lạnh,Vòi hoa sen,Bồn cầu,Bồn rửa mặt,Ngày đăng,Ngày hết hạn,Loại tin,ID tin,Máy hút mùi,Tủ bếp,Bàn ăn,Kệ TV,Tủ trang trí,Giường ngủ,Bàn phấn,Tủ quần áo,Bàn ghế P.khách,Hướng ban công,Số tầng,Căn góc,Nội thất,Bồn tắm
"
Nhà đẹp sát Vinhomes, 97m2, 3PN, giá 3.6 tỷ chung cư Le Grand Jardin Sài Đồng, Long Biên, Hà Nội
","
3,6
Tỷ ","
97
m2
",['Mua bán Căn hộ chung cư  Le Grand Jardin Sài Đồng'],"
Bán chuyển nhượng căn 3PN diện tích 97m2 giá 3.6 tỷ tại chung cư Le Grand Jardin Sài Đồng hàng xóm vinhomes Riverside Long Biên+ Diện tích: 97m2.+ Thiết kế thông minh, ngập tràn ánh sáng và thoáng mát với 3PN, 2WC, có tới 03 lô gia.+ View được cả nội khu và hồ Sài Đồng thơ mộng. Tiện ích thời thượng.+ Giá tốt nhất dự án: Chỉ 3.6 tỷ.--------------------------------------------------------------+ Miễn phí dịch vụ 18 tháng.+ Tặng voucher du lịch trị giá đến 60 triệu+ Chiết khấu lên tới 6% GTCN+ Hỗ trợ vay 70% với lãi suất 0% và miễn trả lãi và miễn phí trả nợ trước hạn trong 12 tháng.--------------------------------------------------+ Vị trí: Tọa lạc tại KĐT Sài Đồng mới trên mặt đường Huỳnh Văn Nghệ dẫn vào KĐT Vinhomes Riversiden. Đây là vị trí giao lộ vàng giữa các tuyến đường đi tỉnh và đường vào nội đô thành phố Hà Nội:- Kết nối trực tiếp với Quốc Lộ 5 đi Hải Dương, Hải Phòng, Quảng Ninh,...- Thông tuyến lên sân bay quốc tế Nội Bài và các tỉnh Vĩnh Phức, Thái Nguyên, Phú Thọ, Bắc Ninh, Bắc Giang, Hưng Yên, .....- Thông theo cầu Vĩnh Tuy,  Chương Dương và cầu Long Biên vào phố cổ chỉ 15 phút.+ Tiện ích: Đầy đủ trong khu dự án là tổ hợp của 9 tòa nhà như: bể bơi, phòng Gym, Yoga, khu đi dạo, hồ điều hòa sài đồng, vườn BBQ, Vườn massa chân, Bàn chơi cờ ...+ Xung quanh đã được đồng bộ về cơ sở hạ tầng và hệ thống tiện ích, Bic C Long Biên, Aeon Mall Long Biên, Vincom Central,...Liên hệ xem nhà và chọn căn đẹp nhận chính sách mua nhà tốt alo em Thiện ngay: 0911339***
",Căn hộ,3,Sổ hồng,Đông-Bắc,1.0,1.0,1.0,1.0, 09/11/2023,23/11/2023,Bán,1524241,,,,,,,,,,,,,,
"
Bán căn hộ 3 ngủ 85m2 Full đồ tại chung cư Eurowindow River Park giá 2.6Tỷ, LH 0911339***
","
2,6
Tỷ ","
85
m2
",['Mua bán Căn hộ chung cư  Euro River Park'],"
Chính chủ cần bán nhà 3 ngủ 85m2 Full đồ nội thất hiện đại tại Eurowindow River ParkDiện tích: 85 m Giá: 2,6 tỷKhu đô thị Eurowindow River Park Đông Trù  Long Biên  Hà NộiHiện nay do cần tiền nên tôi cần bán gấp căn hộ tại tòa nhà chung cư Eurowindow River Park Đông Trù  ĐÔng Anh Hà Nội. Nhà mới hoàn thiện Full đồ đẹp, xem là thích liền, có giấy tờ đầy đủ, không tranh chấp. Nằm trong quần thể dự án đáng sống với đầy đủ hệ thống tiện ích hiện đại như: Trung tâm thương mại, Bể bơi 4 mùa. Gym, Yoga, Xông hơi, Spa, Khu vườn dạo bộ trên tầng 4 và các vườn khu vui chơi dưới tầng 1. Ngoài ra, có thêm hệ thống shop chân đế cao 3 đến 4 tầng vừa ở và vừa kinh doanh hay làm văn phòng.Ví trị thuận lợi di chuyển ra mọi hướng, không kẹt xe, đường thoángGần Big C Long Biên, Bệnh viện Đức Giang, Chợ và các hệ thống trường học từ mầm non đế trường cấp 3 Đặc biệt vị trí này được đánh giá an toàn, an ninh được quản lý chặt chẻ, hiếm xảy ra tệ nạn.Liên hệ xem nhà trực tiếp gặp chủ nhà: 09.1133.9***
",Căn hộ,,Sổ hồng,Đông-Nam,1.0,1.0,1.0,1.0, 09/11/2023,23/11/2023,Bán,2228511,1.0,1.0,1.0,1.0,1.0,1.0,1.0,1.0,1.0,,,,,
"
Chuyện nhượng 2PN, DT 88m2 giá 3.78 tỷ chung cư Premier Berriver Long Biên - Hà Nội, LH 0911339***
","
3,78
Tỷ ","
88
m2
",['Mua bán Căn hộ chung cư  Berriver Jardin'],"
CĂN 88M2 BERRIVER JARDIN NHÀ ĐẸP BÊN SÔNG LIỀN KỀ PHỐ  Chỉ từ .3.78tỷ sở hữu ngay căn hộ cao cấp 2PN #trung_tâm_Long_Biên  Chuyển nhượng căn hộ chung cư Premier Berriver vị trí trung tâm quận Long Biên của tập đoàn Masteri Homes tại số 390 Nguyễn Văn Cừ, Long Biên, Hà NộiThiết kế diện tích đa dạng: 2 PN + 2 WC : 71m2 – 88m2 giá từ 3.48 tỷ3 PN + 2 WC : 105m2 – 124m2 giá từ 4.5 tỷCăn PENTHOUSE DUPLEX ( 4 PN + 3 WC ) : 262m2 – 475m2 Giá từ 10.4 tỷChính sách quà tặng và chiết khấu khi mua nhà tại Premier BerriverMiễn phí 24 tháng dịch vụTặng gói nội thất 90 triệu – 120 triệuChiết khấu đến 7% GTCNHỗ trợ VAY 70% GTCN lãi suất 0%/ 12 tháng + Miễn trả gốc và Phí thanh toán trước hạn trong 12 tháng đầu.Nếu cần thêm thông tin và hỗ trợ tốt hơn nữa thì liên hệ ngay Em Thiện: 0911339***-------------------------------------  GIAO ĐIỂM VÀNG TRUNG TÂM LONG BIÊN  Tọa lạc trên trục đường huyết mạch Nguyễn Văn Cừ sôi động và sầm uất nhất quận Long Biên, #PremierBerRiver  sở hữu tọa độ kết nối đáng mơ ước: ́: Tiểu học Ngọc Lâm, Elite Fitness, Hồ Hàng Không, BV Tâm Anh, siêu thị Intimex  ́: AEON Long Biên, vườn hoa Gia Lâm, bến xe Gia Lâm, trường quốc tế Well Spring, BV đa khoa QT Bắc Hà.  ́: Trung tâm Hà Nội, hồ Hoàn Kiếm, nhà hát lớn, Mipec Long Biên, Vinhomes Riverside  ́: Sân bay Nội Bài   
",Căn hộ,3,Sổ hồng,Đông-Nam,,1.0,1.0,1.0, 09/11/2023,23/11/2023,Bán,1744647,,,,,,,,,,Tây-Bắc,13,Không,,
"
Bán nhà biệt thự, liền kề Thạch Bàn - Long Biên - Hà Nội diện tích 344m2 hoàn thiện nhận nhà ở ngay
","
37
Tỷ ","
344
m2
","['liền kề  Biệt thự liền kề Arden Park - Hà Nội Garden City', 'Mua bán Nhà biệt thự']","
Bán khẩn cấp Biêt thự liền kề khu đô thị Garden City Thạch Bàn  Long Biên- Diện tích đất 244m2  - Diện tích sân vườn thêm 100m2 nữa- Diện tích xây dưng 107.7m2  diện tích sàn 313m2- Xây 3 tầng cao: Gồm có 2 chỗ để xe, 4 phòng ngủ và 5 nhà vệ sinh- Lô góc mặt tiền rộng và có cả khu sân vườn tuyệt đẹp- Nhà hoàn thiện rồi xây 3 tầng cao  mua xong chỉ có xách vali vào ở thôi- Phù hợp để làm nơi an cư sinh sống yên bình hoặc làm văn phòng công ty  
","Nhà biệt thự, liền kề",4,Sổ đỏ,Đông-Nam,1.0,1.0,1.0,1.0, 09/11/2023,23/11/2023,Bán,1885096,1.0,1.0,1.0,1.0,1.0,1.0,1.0,1.0,1.0,,3,,hoàn thiện ,1.0
"
Bán căn hộ 3 ngủ 83m2 giá 2.9 tỷ chung cư sài đồng Quận Long Biên - Hà Nội, LH 0911339***
","
2,9
Tỷ ","
83
m2
","['Hà Nội', 'Quận Long Biên', 'Mua bán Căn hộ chung cư tại Phố Hoàng Thế Thiện']","
Chuyển nhượng căn 3 PN giá 2.9 tỷ tại dự án Le Grand Jardin Sài Đồng, hàng xóm Vinhomes Riverside, nằm trong quần thể KĐT mới Sài Đồng – View hồ sài đồng.* Thông tin căn hộ chuyển nhượng+ Diện tích căn hộ: 84m².+ Thiết kế căn hộ 3PN+ Giá căn hộ 2.9 tỷ + Các căn hộ đều được thiết kế thông minh đảm bảo không gian thông thoáng, tối ưu công năng sử dụng và lấy ánh sáng tự nhiên cho từng căn hộ.------------------------------------------Chính sách quà tặng và chiết khấu hỗ trợ mua nhà từ chủ đầu tư1. Miễn 18 tháng phí dịch vụ.2. Tặng chuyến du lịch đến 60 triệu3. Chiết khấu 6% GTCH.4. Hỗ trợ VAY 70% GTCN ( lãi suất 0% trong vòng 12 tháng và ân hạn gốc + miễn trả nợ trước hạn).5. Giảm 2.8 triệu/m2/căn bàn giao thô.--------------Thông tin dự án Le Grand Jardin sài đồngChủ đầu tư: Công ty cổ phần phát triển nhà Hà Nội số 3.Đơn vị thi công: Công ty CP xây dựng Hòa Bình (Corporation).Đơn vị thiết kế cảnh quan: Công ty cổ phần West Design.Đơn vị tư vấn giám sát: Công ty cổ phần tư vấn công nghệ, thiết bị và kiểm định xây dựng Coninco.Quy mô dự án: Gồm 9 tòa nhà cao 15 tầng nổi với 1 tầng hầm thông nhau chung một khối đế. Một mặt sàn có 9 - 10 căn với 3 thang máy và 2 thang bộ, thiết kế diện tích đa dạng từ 50m2 -  63m2 – 65m2 – 76m2 – 84m2 -  99m2 - 107m2 ( Thiết kế từ 2 - 3 phòng ngủ).Số lượng đỗ xe đáp ứng:  Phân Lô N015 có (Ô tô: 214 + Xe máy: 459) và Phân lô No16 có (Ô tô: 170 + xe máy: 1358).Hình thức sở hữu: Sổ hồng lâu dài.Liên hệ: 09790492***hoặc 0911339***.Tham khảo thêm thông tin website: https://legrandjardin-hanco3.com/
",Căn hộ,,,,1.0,1.0,1.0,1.0, 11/10/2023,22/11/2023,Bán,2128774,,,,,,,,,,,,,,
"
Bán nhà biệt thự, liền kề quận Long Biên Hà Nội, 102m2 - 148m2 giá từ 20 tỷ
","
19,5 - 30
Tỷ ","
102 - 148
m2
","['liền kề  The Diamond Point', 'Mua bán Nhà biệt thự']","
Chuyển nhượng suất ngoại giao đẹp nhất tại dự án The Diamond Point.Vị trí tặng trưởng: Đường Nguyễn Lam, Phúc Đồng, Long Biên, Hà Nội (đối diện KĐT Vinhomes The Harmony).Quy mô dự án: Chỉ có 126 lô đất (Shophouse, liền kề và biệt thự song lập).Các loại diện tích đang bán:  + Liền kề 102m2 - hướng Đông Nam - giá 21 tỷ+ Liền kề 102m2 - hướng Tây Bắc - giá 19.5 tỷ+ Biệt thự Song lập 105m2 - hướng Tây Nam - giá 21.5 tỷ+ Biệt thự Song lập 130m2 - hướng Đông Nam - giá 28.9 tỷ+ Biệt thự song lập 145m2 - hướng Tây Nam - giá 30 tỷ  + Biệt thự song lập 148m2 - hướng Tây Nam - giá 28 tỷDự án được quy hoạch cực đẹp: Hệ thống khu vui chơi, vườn hoa dạo bộ, công viên cây xanh tạo ra khu vực có cuộc sống an lành, trường mầm non, cấp 1, cấp 2 và cấp 3; vườn hoa; công viên; 7 tòa chung cư. Quy hoạch hệ thống cơ sở hạ tầng đường lớn rộng 30m và đường nội bộ 13m.Pháp lý: Sở hữu lâu dài.
","Nhà biệt thự, liền kề",,,,,,,, 06/11/2023,20/11/2023,Bán,2002116,,,,,,,,,,,,,,
"
Bán gấp căn liền kề HC Golden City - 319 Bồ Đề, Long Biên, 5 tầng 127m2 giá 31.85 tỷ
","
31,8
Tỷ ","
127
m2
",['Mua bán Căn hộ chung cư  HC Golden City'],"
Do mua xong chưa có nhu cầu ở và điều chuyển công tác nên muốn bán gấp căn liền kề tại dự án Hc Golden CityGiá siêu hấp dẫn cho khách hàng thiện chí mua để ở và đầu tưThiết kế 5 tầng với điện tích là 127 m2---------------------------------------------------Vị trí đắc địa tại 319 đường Hồng Tiến Bồ Đề, Long Biên, Hà Nội+ Sát bệnh viện hàng đầu về chăm sóc sức khỏe là bệnh viện Tâm Anh + Có công viên Bồ Đề để cư dân đi dạo, rèn luyện thể dục thể thao.+ Chỉ cần 3 phút sẽ Liên kết với Sân Golf, Aeon Mall Long Biên, Big C Long Biên + Chỉ 5 Phút sẽ đến Time City, Phố Cổ, Hồ Tây qua các tuyến cầu Vĩnh Tuy, Chương Dương, Long Biên+ Thiết kế phong cách hiện đại - hoặc chủ nhà có thể thay đổi cách tân thiết kế theo phong cách mình muốn+ Sản phẩm có tiềm năng tăng giá cao trong Tương Lai, Hoặc cho Thuê sinh lợi nhuận caoHệ thống tiện tích hiện hữu cư dân sống tại dây sử dụng luôn và trải nghiệm cuộc sống hạnh phúc nhấtBên cạnh đó là Hệ thống trường học từ mầm non, cấp 1, cấp 2 và cấp 3 hoặc là trường quốc tế wellspringLiệu rằng lý do đã đủ để bạn đầu tư hoặc mua để ở, giữ giá trị dòng tiền
",Căn hộ,4,Sổ hồng,Tây-Nam,,,,, 06/11/2023,20/11/2023,Bán,1497683,,,,,,,,,,,5,Có,,
"
Bán căn hộ 4 phòng ngủ 117m2 hướng đông nam full đồ cao cấp chung cư Berriver Long Biên
","
5
Tỷ ","
117
m2
",['Mua bán Căn hộ chung cư  Premier Berriver Long Biên'],"
Chuyển nhượng căn hộ 4PN Diện tích 117m² Full đồ cao cấp ở ngay! - Thiết kế 117m² - 4PN + 2wc + phòng kho.- Nhà mới hoàn thiện Nội thất hiện đại sang xin mịn Full cả đồ liền tường và đồ thiết bị trong nhà – mua xong chỉ có việc xách vali về ở - Sổ hồng trao tay chỉ trong 1 nốt nhạc- Thiết kế căn hộ diện tích tối ưu công năng sử dụng nhất dự án berriver Long Biên- Chủ để lại full đồ kể cả đồ điện tử không mang gì theo- Xem nhà và thương lượng giá tốt trực tiếp với chủ nhà
",Căn hộ,4,Sổ hồng,Đông-Bắc,1.0,1.0,1.0,1.0, 07/11/2023,21/11/2023,Bán,2029274,1.0,1.0,1.0,1.0,1.0,1.0,1.0,1.0,1.0,Đông-Nam,3,Có,Full toàn bộ,1.0
"
Bán căn 3 phòng ngủ - 97m2 giá 3.6 tỷ tại chung cư cao cấp Le Grand Jardin Sài Đồng, Long Biên
","
3,6
Tỷ ","
97
m2
",['Mua bán Căn hộ chung cư  Le Grand Jardin Sài Đồng'],"
Chuyển nhượng căn 3 PN giá 3.6 tỷ tại dự án Le Grand Jardin Sài Đồng, hàng xóm Vinhomes Riverside, nằm trong quần thể KĐT mới Sài Đồng – View hồ sài đồng.* Thông tin căn hộ chuyển nhượng+ Diện tích căn hộ: 97m².+ Thiết kế căn hộ 3PN+ Giá căn hộ 3.6 tỷ + Các căn hộ đều được thiết kế thông minh đảm bảo không gian thông thoáng, tối ưu công năng sử dụng và lấy ánh sáng tự nhiên cho từng căn hộ.------------------------------------------Chính sách quà tặng và chiết khấu hỗ trợ mua nhà từ chủ đầu tư1. Miễn 18 tháng phí dịch vụ.2. Tặng chuyến du lịch đến 60 triệu3. Chiết khấu 6% GTCH.4. Hỗ trợ VAY 70% GTCN ( lãi suất 0% trong vòng 12 tháng và ân hạn gốc + miễn trả nợ trước hạn).5. Giảm 2.8 triệu/m2/căn bàn giao thô.--------------Thông tin dự án Le Grand Jardin sài đồngChủ đầu tư: Công ty cổ phần phát triển nhà Hà Nội số 3.Đơn vị thi công: Công ty CP xây dựng Hòa Bình (Corporation).Đơn vị thiết kế cảnh quan: Công ty cổ phần West Design.Đơn vị tư vấn giám sát: Công ty cổ phần tư vấn công nghệ, thiết bị và kiểm định xây dựng Coninco.Quy mô dự án: Gồm 9 tòa nhà cao 15 tầng nổi với 1 tầng hầm thông nhau chung một khối đế. Một mặt sàn có 9 - 10 căn với 3 thang máy và 2 thang bộ, thiết kế diện tích đa dạng từ 50m2 -  63m2 – 65m2 – 76m2 – 84m2 -  99m2 - 107m2 ( Thiết kế từ 2 - 3 phòng ngủ).Số lượng đỗ xe đáp ứng:  Phân Lô N015 có (Ô tô: 214 + Xe máy: 459) và Phân lô No16 có (Ô tô: 170 + xe máy: 1358).Hình thức sở hữu: Sổ hồng lâu dài.Liên hệ: 09790492***hoặc 0911339***.Tham khảo thêm thông tin website: https://legrandjardin-hanco3.com/
",Căn hộ,3,Sổ hồng,,1.0,1.0,1.0,1.0, 07/11/2023,21/11/2023,Bán,1092591,,,,,,,,,,Đông-Nam,15,Có,Có,
"
Suất ngoại giao giá rẻ chung cư sài đồng 80 - 99m2 giá chỉ 25 triệu/m2 Full cơ bản, LH: 0979049***
","
1,85 - 2,3
Tỷ ","
79 - 99
m2
",['Mua bán Căn hộ chung cư  Khu đô thị Sài Đồng'],"
🔥Nhận nhà ở luôn căn GÓC ""2PN + 2WC diện tích 80 - 99m2"" View ĐẸP🎁 Đặc biệt căn hộ :- Tòa nhà cao 13 tầng với 7 căn/ sàn, có 3 thang may - Hiện tại đã đi vào hoạt động và vận hành- Nhận nhà ở ngay với bàn giao mới nguyên cơ bản chủ đầu tư- Cơ sở hạ tầng cùng hệ thống tiện ích xung quanh đầy hưởng thụ- Bàn giao căn hộ: Sàn gỗ, trần thạch cao, thiết bị chiếu sáng, điều hòa, tủ bếp và bếp, hút mùi.- View hồ sài đồng nằm trong quần thể KĐT sài đồng mới--------------------🔑 Liên hệ ngay lấy giá gốc chủ đầu tư rẻ hơn 25triệu/m2🔰 Vị trí đắc địa: Đường Huỳnh Văn Nghệ, KĐT Sài Đồng, Long Biên, Hà Nội☎️ Liên hệ xem nhà ngay : 0886222***
",Căn hộ,,Sổ hồng,Đông-Nam,1.0,1.0,1.0,1.0, 07/11/2023,21/11/2023,Bán,2367051,1.0,1.0,1.0,,,1.0,1.0,1.0,,,,,,
"
Bán GẤP căn hộ Góc 4 ngủ 118m2 chung cư berriver Long Biên - Hà Nội giá 5.5 Tỷ, Full đồ nội thất
","
6,4
Tỷ ","
118
m2
",['Mua bán Căn hộ chung cư  Premier Berriver Long Biên'],"
Chuyển nhượng căn hộ GÓC view ĐÔNG NAM không bị che chẵn, diện tích 118m2 thiết kế 4 ngủ tầng cao đẹp – sổ đỏ trao tay và bàn giao nhà Full nội thất  ở ngay.+ Diện tích thông thủy: 118m2 (ban công Đông Nam, cửa Đông Bắc).+ Bố trí 4 phòng ngủ.+ 2 phòng vệ sinh.+ 1 phòng bếp, 1 khách.+ Ban công siêu thoáng, đón gió mát quanh năm.- Thực trạng đã hoàn thiện Full nội thất: có sàn gỗ, trần thạch cao, thiết bị vệ sinh, bếp và giường tủ, bàn ghế sofa nhập khẩu.* Nhận nhà ở ngay + nhận sổ hồng trao tay.* Giá chủ nhà bán chỉ có 6.4 Tỷ* Liên hệ để lên tham quan căn hộ, hỗ trợ tư vấn thủ tục : 09.1133.9*** (Mr Thiện). 
",Căn hộ,,Sổ trắng,Tây-Nam,1.0,1.0,1.0,1.0, 23/10/2023,20/11/2023,Bán,2412137,,1.0,1.0,1.0,1.0,1.0,1.0,1.0,1.0,,,,,
"
Bán nhà 4 tầng 4 ngủ mặt phố Quận Nam Từ Liêm - Hà Nội giá 7.2 Tỷ, Liên hệ: 0911339***
","
7,2
Tỷ ","
64
m2
","['Hà Nội', 'Quận Nam Từ Liêm', 'Mua bán Nhà mặt phố tại Phường Mễ Trì']","
Bán gấp nhà 4 tầng, 4 phòng ngủ, mặt tiền 4m ô tô vào nhà tại trung tâm Nam Từ Liêm - Hà NộiĐịa chỉ: Phường Mễ trì, Nam Từ Liêm, Tp. Hà NộiDiện tích đất: 64m2 Mặt tiền rộng 4m x 16m2Mặt ngõ rộng ô tô vào nhà cách đường lớn 10mXây nhà 4 tầng:Tầng 1: Phòng khách, bếp, nhà vệ sinhTầng 2,3: Thiết kế 4 phòng ngủ và 2 nhà vệ sinhTầng 4: Phòng thờ và ban công phơi đồ , trồng rauGiá yêu thương của chủ nhà đang báo:  7,x tỷ nhỏ xinhLiên hệ xem nhà chốt giá yêu thương gặp ngay chủ nhà: 09.1133.9***
",Nhà mặt phố,,Sổ đỏ,Đông-Nam,1.0,1.0,1.0,1.0, 09/11/2023,23/11/2023,Bán,2516042,1.0,1.0,1.0,1.0,1.0,1.0,1.0,1.0,1.0,,,,,
"
Bán căn hộ Duplex chung cư berriver Long Biên - Hà Nội DT 246m2 giá 10.xTỷ, Liên hệ: 0911339***
","
10,8 - 20
Tỷ ","
246 - 475
m2
",['Mua bán Căn hộ chung cư  Premier Berriver Long Biên'],"
Nhận nhà luôn - sổ đỏ trao tay - ngân hàng hỗ trợ tối đa - cách phố cổ chỉ 4km.Vị trí đắc địa trung tâm: 390 Nguyễn văn cừ, Bồ Đề, Long Biên, Hà Nội.Chủ đầu tư hàng đầu: Masteri Homes.Đơn vị xây dựng uy tín: Coteccons.Đơn vị vận hành chuẩn cao cấp: Savill.Diện tích đa dạng: 246m2 - 475m2.Bàn giao không gian sáng tạo.Bể bơi trong nhà, phòng Gym, Khu vui chơi chỉ phục vụ cư dân.Gần TTTM Aeon Mall Long Biên, Big C Long Biên, bệnh viện Tâm Anh, bệnh viện Bắc Hà, bệnh Đức Giang, hệ thống trường học chuẩn quốc tế từ mầm non, cấp 1, cấp 2,Giá từ 10.8 tỷ, vị trí đắc địa trung tâm quận long biên, cách phố cổ 4km.Khách có thiện chí liên hệ em Thiện để được hỗ trợ đi xem nhà: 09.1133.9***.Xin cảm ơn!
",Căn hộ,,Sổ hồng,Tây-Nam,,,,, 27/10/2023,10/11/2023,Bán,2157963,,,,,,,,,,,,,,
"
Bán nhà phố thương mại shophouse Gia Lâm - Hà Nội giá 10.90 Tỷ
","
10,9
Tỷ ","
67,5
m2
",['Mua bán Nhà phố thương mại Shophouse  Vinhomes Ocean Park'],"
Qũy căn chuyển nhượng biệt thự, liền kề, shophouse tại Vinhomes Ocean Park Gia Lâm cập nhật 11/2023+ Liền kề:- Liền kề Sao Biển 67,5m² kinh doanh 11.2 tỷ.- Liền kề Sao Biển ở 90m² giá 15.8 tỷ.- Liền kề Sao Biển 67.5m² xây 5 tầng giá 15.6 tỷ đường 40m.- Liền kề Sao Biển kinh doanh 70m² đường 52m giá 15.8 tỷ.- Liền kề Ngọc Trai vườn hoa 16.8 tỷ.- Liền kề Ngọc Trai kinh doanh 20.5 tỷ.- Liền kề Hải Âu HA02 loại 90m² kinh doanh giá 18.6 tỷ.- Liền kề Hải Âu kinh doanh 100m² giá 18.5 tỷ đường 30m.- Liền kề San Hô 120m² giá 32.6 tỷ đường 52m.+ Biệt thự song lập:+ Biệt thự song lập Hải Âu 3 150m² giá 20.2 tỷ.+ Biệt thự song lập Hải Âu 2 150m² giá 26.5 tỷ hoàn thiện.+ Biệt thự song lập San Hô 135m giá 21.5 tỷ.+ Biệt thự song lập San Hô 150m² giá 25.6 tỷ.+ Biệt thự song lập Ngọc Trai 148m² view vườn hoa giá 30.8 tỷ.+ Biệt thự song lập Ngọc Trai 150m² giá 28.6 tỷ.+ Biệt thự song lập Ngọc Trai 183m² ngay hồ giá 38.9 tỷ.+ Biệt thự song lập Ngọc Trai 165m² giá 34.6 tỷ.+ Cặp Shophouse Sao Biển 22 - 288m² view cạnh nhìn TTTM đã hoàn thiện 70.8 tỷ.+ Biệt thự song lập Sao Biển 125m² giá 18.3 tỷ.+ Biệt thự song lập Sao Biển 142m² giá 19.5 tỷ.+ Shophouse Sao Biển 19 loại 144m² view biển giá 36.8 tỷ.+ Biệt thự song lập Sao Biển 150m² giá 26.5 tỷ.+ Biệt thự đơn lập:- Đơn lập Hải Âu 2, góc đang kinh doanh, giá 76.6 tỷ đã hoàn thiện view biển nước mặn.- Đơn lập Hải Âu góc view vườn hoa 56.8 tỷ.- Đơn lập Hải Âu HA01 loại 272m² mặt hồ giá 58.6 tỷ.- Đơn lập Hải Âu 1 loại 282m², giá 71.8 View trung tâm hồ Ngọc Trai- Đơn lập Ngọc Trai 1 giá 126.8 tỷ.- Đơn lập Ngọc Trai 288m² giá 52.8 tỷ.- Đơn lập Ngọc Trai 18 loại 297m² sau view sông giá 58 tỷ.- Đơn lập Góc Ngọc Trai 328m góc 70.8 tỷ.- Đơn lập Ngọc Trai 288m² giá 55.6 tỷ.- Đơn lập Góc Ngọc Trai 295m² góc view sông 78.6 tỷ.- Đơn lập trục đường 30m, 328m² đã hoàn thiện 63.6 tỷ.- Đơn lập San Hô 224m² giá 46.2 tỷ.- Đơn lập San Hô giá 68.6 tỷ mặt hồ 24.5ha.* Shophouse TMDV (sổ 50 năm):- SB9A 136m² TB giá 13. tỷ.- SB01 126m² TB 13.8 tỷ bao phí.- SB11 loại 96m² mặt đường 20m giá 16.8 tỷ.- BH9A loại 143m² giá 13.5 tỷ.- HA16 loại 155m² giá 11.6 tỷ.- HA11 loại 155m² 9.3 tỷ.- HA09 82.5m² giá 7,5 tỷ.- HA09 loại 99m 2 mặt 9 tỷ.- SH2A giá 9.1 tỷ.Chi tiết xin liên hệ 0985941*** (Mr Hùng)
",Nhà phố thương mại Shophouse,,Sổ đỏ,Tây-Nam,,,,, 09/11/2023,07/12/2023,Bán,2620640,,,,,,,,,,,,,,
"
Chính chủ bán nhanh căn 2PN - 88m2 tại chung cư cao cấp The Matrix One giá chỉ 5.1 tỷ
","
5,1
Tỷ ","
88
m2
",['Mua bán Căn hộ chung cư  The Matrix One'],"
Gia đình cần bán nhanh cắt lỗ căn 2PN ở The Matrix One giá chỉ 5.1 tỷThông tin căn hộ:  - Diện tích: 88m2- Thiết kế 2PN- 2VS- Ban công Đông Bắc cực mát- Nội thất bàn giao cao cấp của chủ đầu tưLiên hệ xem nhà 24/7
",Căn hộ,,,,,,,, 09/11/2023,07/12/2023,Bán,2424134,,,,,,,,,,,,,,
"
Bán căn 2PN từ 71m2 - 88m2, chiết khấu 7% hoặc LS 0%/12 tháng tại chung cư Berriver Long Biên
","
3,48 - 10,5
Tỷ ","
71 - 248
m2
",['Mua bán Căn hộ chung cư  Berriver Jardin'],"
Chọn gấp các căn hộ 2 ngủ đẹp nhất dự án premier Berriver Long Biên, cách phố cổ chỉ 10 phút đi xe và được hỗ trợ chính sách tốt nhất vay đến 70% GTCH tối đa 35 năm. Hỗ trợ lãi suất 0% và ân hạn nợ gốc trong vòng 12 thángChung cư premier berriver - 390 nguyễn văn cừ, Long Biên năm trung tâm quận và chỉ cách 1km đến cầu chương dương. Xung quanh là hệ thống tiện ích hiện đại và sang trọng - vị trí kết nối thuận lợi trong quá trình sinh sống và hưởng thụ cũng như di chuyển đi lại _________________________* Thông tin đầy đủ căn hộ 2 ngủ:+ Diện tích: 71m2.+ Hướng ban công: Đông Nam).+ Công năng: 2PN + 2WC.+ Tầng cao, cực thoáng mát vì là căn góc.+ Giá bán: 3.4x tỷ.___________________________* Thông tin đầy đủ căn hộ dự án premier berriver:+ Diện tích: 88m2.+ Hướng ban công:  Đông Nam).+ Công năng: 2PN + 2WC.+ Tầng cao, cực thoáng mát vì là căn góc.+ Giá bán: 3.6tỷ.--------------------------------------Chính sách bán hàng hấp dẫn mua nhà berriver long biên:Tặng gói phí dịch vụ quản lý 24 tháng.Tặng gói nội thất 90tr - 120tr.Ck lên đến 7% GTCH khi thanh toán 100%.Chỉ cần thanh toán 10% GTCH có thể nhận nhà ở ngay.Ngân hàng Techcombank hỗ trợ tối đa 70% GTCH, tối đa 35 năm.Ưu đãi 0% lãi suất và ân hạn nợ gốc trong vòng 12 tháng.
",Căn hộ,2,Sổ hồng,Tây-Nam,,,,, 11/10/2023,08/11/2023,Bán,1660128,,,,,,,,,,Tây-Nam,3,,,
"
Bán nhà riêng Huyện Đông Anh - Hà Nội giá 12.00 Tỷ. LH: 0912439***
","
12
Tỷ ","
440
m2
","['Hà Nội', 'Huyện Đông Anh', 'Mua bán Nhà riêng tại Xã Uy Nỗ']","
Đất giữa làng, rộng hiếm có (440 m2). cách Chợ Tó 500m. sổ đỏ chính chủ. Nhà 2 tầng mỗi sàn 130m2. đường vào ô tô 7 chỗ vào dễ dàng.
",Nhà riêng,,Sổ đỏ,Bắc,1.0,1.0,1.0,1.0, 09/11/2023,07/12/2023,Bán,2620962,1.0,1.0,,1.0,1.0,1.0,,1.0,1.0,,,,,
"
Bán căn hộ cao cấp 2 phòng ngủ chung cư Hinode City Minh Khai hướng mát đã có sổ
","
3,4 - 3,8
Tỷ ","
77 - 82
m2
",['Mua bán Căn hộ chung cư  Hinode City'],"
Bán căn hộ cao cấp 2PN chung cư Hinode City Minh Khai hướng mátBán căn hộ chung cư Hinode City 201 Minh Khai mới bàn giao, view thành phố, cách mặt đường lớn 30m nên không bị ô nhiễm tiếng ồn, rất thích hợp các hộ gia đình sinh sống.Thông tin căn hộ: số 201 Minh Khai, cách Hồ Gươm & khu Phố Cổ: 4km, cách Times City 1km, Công viên tuổi trẻ, hồ Thanh Nhàn: 800m..- Diện tích: 77m2 thông thủy- Phòng ngủ: 02 phòng.- Phòng tắm: 02 phòng.- Phòng khách: 01 phòng- Phòng bếp: 01 phòngBan công Đông Nam thoáng mátCăn hộ được thiết kế đẹp với 2PN, mỗi phòng đều có ánh sáng trực tiếp, rất thoáng mát. Nội thất cao cấp mới tinh: điều hòa âm trần, tủ bếp, nóng lạnh…Căn hộ có vị trí cực kỳ thuận tiện cách trung tâm khoảng 10 phút nên dễ dàng di chuyển đến các khu vui chơi giải trí, mua sắm, ẩm thực của Hà Nội.Tiện ích đầy đủ và cao cấp: Hệ thống phòng tập gym, bể bơi, yoga, xông hơi 5 sao, rạp chiếu phim, Trung Tâm thương mại, trường mầm non…Giá bán: 4,5 tỷ bao thuế phíSổ đỏ lâu dài.LH: 0936262***#HinodeCity #201MinhKhai #HinodeMinhKhai #muacanho2phongnguHaiBaTrung #bancanho2phongnguHaiBaTrung #muabancanhoHaiBaTrung
",Căn hộ,2,Sổ đỏ,,1.0,1.0,1.0,1.0, 09/11/2023,07/12/2023,Bán,1493956,1.0,1.0,1.0,1.0,1.0,1.0,1.0,1.0,1.0,,,Không,Có,1.0
