Title,Price,Area,Address,Gen_descrip,Loại hình,Tình trạng pháp lý,Hướng nhà,Bình nóng lạnh,Máy hút mùi,Tủ bếp,Bàn ăn,Kệ TV,Tủ trang trí,Giường ngủ,Bàn phấn,Tủ quần áo,Vòi hoa sen,Bồn cầu,Bồn rửa mặt,Bàn ghế P.khách,Ngày đăng,Ngày hết hạn,Loại tin,ID tin,Đường vào,Mặt tiền,Chiều sâu,Bồn tắm
"
Bán căn hộ 2 ngủ 50m2 chung cư le grand jardin sài đồng, Long Biên, Hà Nội giá 2,xTỷ
","
1,85 - 4
Tỷ ","
50 - 105
m2
",['Mua bán Căn hộ chung cư  Le Grand Jardin Sài Đồng'],"
Ngoại giao ngay  Chìa khóa trao tay  - sổ hồng trao tay căn hộ 2 ngủ 50m2 giá 2.2 tỷĐặc biệt căn hộ chung cư sài đồng le grand jardin :- Tòa nhà cao 15 tầng với 9 căn/ sàn, có 3 thang may  - Hiện tại đã đi vào hoạt động và vận hành- Cơ sở hạ tầng đồng bộ với hệ thống tiện ích nội khu cùng tiện ích xung quanh đầy hưởng thụ- Bàn giao căn hộ: Sàn gỗ, trần thạch cao, thiết bị chiếu sáng, điều hòa, tủ bếp và bếp, hút mùi.Vị trí đắc địa: Đường Huỳnh Văn Nghệ, KĐT Sài Đồng, Long Biên, Hà NộiLiên hệ xem nhà ngay : 0886222***
",Căn hộ,Sổ hồng,Tây-Bắc,1.0,1.0,1.0,1.0,1.0,1.0,1.0,1.0,1.0,1.0,1.0,1.0,1.0, 06/11/2023,20/11/2023,Bán,2367182,,,,
"
Cần bán 50m2 đất dịch vụ khu 25,2ha xã Vân Canh Hoài Đức, giá 73tr/m2, đã có sổ đỏ, giao dịch ngay
","
Thỏa thuận
","
50
m2
","['Hà Nội', 'Huyện Hoài Đức', 'Mua bán Đất nền dự án tại Đường 70']","
Tôi cần bán gấp lô đất 50m2 đất dịch vụ khu 25,2ha xã Vân Canh Huyện Hoài Đức Hà Nội.+ Vị trí lô đất giáp khu đô thị An Lạc Green Symphony, gần đường Văn Tiến Dũng kéo dài, di chuyển đi Mỹ Đình rất thuận tiện.+ Lô đất 50m2 vuông vắn đường to 13m, hướng đông nam mát mẻ.Mua để ở hoặc đầu tư sinh lời tốt.+ Sổ đỏ lâu dài.Giá bán: Thương lượng trực tiếp(cam kết giá đầu tư).Liên hệ xem sổ đỏ và thực địa lô đất ngay
",Đất nền dự án,Sổ đỏ,Đông-Nam,,,,,,,,,,,,,, 09/11/2023,07/12/2023,Bán,1860842,12m,4m,"12,5m",
"
Bán 59.2m2 đất dịch vụ khu 25.2ha xã Vân Canh, hoài Đức, Hà Nội, giá 72tr/m2
","
Thỏa thuận
","
59
m2
","['Hà Nội', 'Huyện Hoài Đức', 'Mua bán Đất tại Đường 70']","
Bán nhanh lô đất dịch vụ Vân Canh khu 25.2 ha xã Vân Canh, huyện Hoài Đức, Hà Nội, mặt đường 11m.- Diện tích 59.2m2.- Mặt tiền gần 4m.- Đường trước nhà 11m, vỉa hè 2.5m.- Vị trí nằm trên đường 11m, lô đất nhìn ra khu vườn hoa thoáng trước vĩnh viễn.- Giá bán thương lượng: Cam đoan giá rẻ nhất khu hiện nay.- Ngoài ra, bên em còn 1 số ô đất dịch vụ khu 4.5ha, đất dịch vụ 6.9ha, đất dịch vụ 1.7ha.- Gọi ngay Mr Sơn.- Nhiệt tình phục vụ chu đáo 24/7 đi xem đất và sổ đỏ miễn phí.
",Đất,,,,,,,,,,,,,,,, 09/11/2023,07/12/2023,Bán,1866342,11m,4m,16m,
"
Cần bán 50m2 đất dịch vụ khu 25,2ha xã Vân Canh Hoài Đức, giá 70tr/1m2, đã có sổ đỏ, giao dịch ngay
","
7E-05
Triệu ","
50
m2
","['Hà Nội', 'Huyện Hoài Đức', 'Mua bán Đất nền dự án tại Đường 70']","
Tôi cần bán gấp lô đất 50m2 đất dịch vụ khu 25,2ha xã Vân Canh Huyện Hoài Đức Hà Nội.+ Vị trí lô đất giáp khu đô thị An Lạc Green Symphony, gần đường Văn Tiến Dũng kéo dài, di chuyển đi Mỹ Đình rất thuận tiện.+ Lô đất 50m2 vuông vắn đường to 13m, hướng đông nam mát mẻ.Mua để ở hoặc đầu tư sinh lời tốt.+ Sổ đỏ lâu dài.Giá bán: Thương lượng trực tiếp(cam kết giá đầu tư).Liên hệ xem sổ đỏ và thực địa lô đất ngay
",Đất nền dự án,Sổ đỏ,Đông-Nam,,,,,,,,,,,,,, 09/11/2023,07/12/2023,Bán,1860847,12m,4m,"12,5m",
"
Bán đất Huyện Hoài Đức - Hà Nội giá thỏa thuận
","
Thỏa thuận
","
100
m2
","['Hà Nội', 'Huyện Hoài Đức', 'Mua bán Đất tại Xã Vân Canh']","
E cần bán ngay lô đất có diện tích 100m² đường rộng 20m, là trục đường hướng tâm đẹp nhất khu 25.2ha Vân Canh Hoài Đức, vỉa hè mỗi bên 5m, sử dụng thoải mái - Lô đất có vị trí đắc địa, thuận tiện kinh doanh: Làm trụ sở công ty, quán cafe, nhà hàng, khách sạn hoặc xây căn hộ dịch vụ cho thuê, hoặc xây cho ngân hàng thuê - Đất đã có sổ đỏ, cơ sở hạ tầng đã hoàn thiện (điện, đường, trường học, nước và cây xanh) được cấp phép xây dựng 6 tầng 1 tum, xây nhà được luôn full 100% đất - Kết nối giao thông thuận tiện, xung quang các con đường lớn: Vành đai 3.5 - Trịnh Văn Bô - đường 70 - Đại Lộ Thăng Long. Khu dân cư đông đúc hạ tầng hoàn thiện hết rồi - Mua bán chuyển nhượng, sang tên trực tiếp cho người mua, thủ tục rõ ràng, đảm bảo quyền lợi cho hai bên mua bán. - Giá bán cam kết thấp thấp nhất thị trường, cả hai bên đều đạt được mục tiêu, người bán nhận được tiền để giải quyết công việc, người Mua thì mua được đất giá tốt. - Liên hệ ngay để xem sổ đỏ tận tay và thực địa lô đất: 0909469***/ 0984952*** ( E Sơn)
",Đất,Sổ đỏ,Đông-Nam,,,,,,,,,,,,,, 09/11/2023,07/12/2023,Bán,2304990,,,,
"
Mở bán đợt 1 Quỹ căn View hồ - Toà ZR2 phân khu The Zurich - Vinhomes Ocean Park
","
Thỏa thuận
","
120
m2
",['Mua bán Căn hộ chung cư  The Zurich'],"
️💥 SIÊU CHÍNH SÁCH💥Chỉ 𝟒𝟎𝟎𝐓𝐑 về ở ngay, bàn giao 𝐅𝐔𝐋𝐋 liền tường với căn hộ 𝐓𝐇𝐄 𝐙𝐄𝐍𝐏𝐀𝐑𝐊 cao cấp tại đại đô thị lớn nhất nhất Hà Nội - 𝐕𝐢𝐧𝐡𝐨𝐦𝐞𝐬 𝐎𝐜𝐞𝐚𝐧 𝐏𝐚𝐫𝐤.🎁 CHIẾT KHẤU ưu đãi 𝟏𝟓.𝟓%🎁 Quà tặng TÂN GIA 𝟑𝟎𝟎 𝐭𝐫🎁 CHỈ 𝟑𝟎% nhận nhà ở ngay, vay 𝟕𝟎% ân hạn gốc lãi 𝟏𝟖 tháng.⭐ CHO CON TƯƠNG LAI, ÔNG BÀ VUI KHỎE, GIA ĐÌNH HẠNH PHÚC VỚI HỆ THỐNG TIỆN ÍCH ĐẲNG CẤP:🏊🏻 Phát triển chiều cao với 𝟏𝟐 bể bơi tiêu chuẩn Olympic⛹ Nâng cao sức khỏe với 𝟖𝟎𝟎 máy tập Gym, 𝟓𝟎 sân bóng đá, tennis, cầu lông, bóng bàn, bóng rổ🏃 Cho con tuổi thơ với 𝟑𝟎 công viên sân chơi trẻ em👨‍👩‍👧 𝟐𝟎𝟎 điểm nướng 𝐁𝐁𝐐 view hồ cuối tuần gắn kết gia đình🏠 𝟐𝟓 trường học ngay trong dự án không cần đưa đón🍀 Hệ sinh thái Vingroup đẳng cấp: 𝐯𝐢𝐧𝐡𝐨𝐦𝐞𝐬, 𝐯𝐢𝐧𝐜𝐨𝐦, 𝐯𝐢𝐧𝐦𝐞𝐜, 𝐯𝐢𝐧𝐬𝐜𝐡𝐨𝐨𝐥, 𝐯𝐢𝐧𝐛𝐮𝐬...👉 Diện tích căn hộ phù hợp với mọi nhu cầu để ở, đầu tư:+ Căn hộ 𝐒𝐭𝐮𝐝𝐢𝐨 (28-34m2)+ Căn hộ 𝟏𝐏𝐍+ (41-58m2)+ Căn hộ 𝟐𝐏𝐍 (64- 86m2)+ Căn hộ 𝟑𝐏𝐍 (78 - 120m2)☎️ Liên hệ: 096 9955 3***để nhận báo giá, đi xem căn hộ mẫu#TheZenpark #Ruby #vhop #vinhomesoceanpark
",Căn hộ,,,1.0,1.0,1.0,1.0,1.0,1.0,1.0,1.0,1.0,1.0,1.0,1.0,1.0, 09/11/2023,07/12/2023,Bán,2620071,,,,1.0
"
tại ngã từ ở căn hộ mini chỉ 650 tr/ căn ô tô đỗ cửa dt 35 - 52m
","
650
Triệu ","
25
m2
","['Hà Nội', 'Mua bán Căn hộ chung cư tại Quận Thanh Xuân']","
1.Vị trí: Tòa nhà chung cư K7 – Cự Lộc đã hoàn thiện chỉ việc xách vali vào ở. Căn hộ đã có nội thất . Cách Hồ Quan Nhân khoảng 50m. Gần chợ, trường…2. Giá bán: + Căn 25m - 35m - 40m2: Giá từ 650tr- 850tr+ Căn 42 - 55m2: Giá từ 900 tr – 950tr hơn 1 tỷ Chiết khấu cao: 30 - 50tr/cănVị trí đắc địa có thể di chuyển đến các tuyến phố: Nguyễn Trãi – Cự Lộc- Láng…3. Nội thất.Sàn gỗ, trần thạch cao, tủ bếp trên dưới, bếp từ, hút mùi, nóng lạnh, thiết bị vệ sinh đầy đủ, các đèn điện chiếu sáng và trang trí tuyệt đẹp, đầu chờ internet, truyền hình cáp…Thông tin liên hệ xem nhà 24/24: ( không qua trung gian)
",Căn hộ,,,1.0,,,,1.0,1.0,1.0,,1.0,1.0,,1.0,, 09/11/2023,07/12/2023,Bán,2619917,,,,1.0
"
Cần bán gấp căn góc chung cư gần chợ, gần phố cổ, hồ Hoàn Kiếm, Hà Nội Giá chỉ 2.5 tỷ
","
2,5
Tỷ ","
70
m2
","['Hà Nội', 'Quận Long Biên', 'Mua bán Căn hộ chung cư tại Phố Gia Quất']","
CHÍNH CHỦ BÁN CĂN GÓC CHUNG CƯ GẦN CHỢ GIA QUẤT VÀ KHU ĐÔ THỊ KHAI SƠN - LONG BIÊN- HÀ NỘI. Pháp lý: sổ hồng chính chủ sở hữu lâu dài.Diện tích 70m, gồm 2 phòng ngủ, 2 wc, nội thất đầy đủ: tủ gỗ gắn tường An Cường, bếp từ Đức, giường tầng kiêm bàn học ZIP (https://www.noithatzip.vn/danh-muc-san-pham/giuong-tang/), 2 nóng lạnh, 2 điều hòa….Ban công view công viên Thượng Thanh, sân bóng, sân tennis; cửa sổ 2 phòng ngủ view trường tiểu học Gia Quất và hồ 22 ha của Khu đồ Thị Khai Sơn Căn góc nên ánh sáng ngập tràn các phòng. Ở gần sông Hồng và 3 công viên lớn nên không khí rất trong lành. Do khu này chỉ có 1 tòa chung cư, nên đảm bảo tính riêng tư (cửa sổ, ban công không vướng căn hộ khác).******Tiện ích:  Ngay trong khu chung cư có sân chơi, bể bơi, phòng tập Gym, spa, siêu thị….- Bán kính 150 m có 3-4 trường mầm non, trường TIểu học Gia Quất (các con ở khu này có thể tự đi bộ đi học ) chợ Gia Quất, Winmart,…- Bán kính 300 m có Khu Đô thị Khai Sơn (https://khaisonhomes.vn/), công viên Thượng Thanh, - Bánh kính 500m có ga Gia Lâm, Công viên Ngọc Lâm, Phòng khám đa khoa Giao thông Vận tải, bến xe buýt…- Bán kính khoảng 800 m có trường Quốc tế Việt Pháp, Trường THCS Gia Quất, bến xe Gia Lâm; - Bán kính dưới 2 km có Big C, bệnh viện Đa Khoa, Tâm Anh, Trường Quốc tế Wellspring, …- Cách Cầu Chương Dương, Hồ Hoàn Kiếm và Phố Cổ khoảng 2,5-3 km.Tòa chung cư nằm trong Khu trung tâm của Quận Long Biên, cơ sở hạ tầng đầy đủ, hiện đại nên có nhiều trường học, chợ, khu phố ẩm thực (phố Ngọc Lâm), vui chơi giải trí và bệnh viện lớn. Gần các khu thương mại lớn (Big C, Aeon mall Long Biên). Nhu cầu thuê ở khu này rất cao, Căn tương tự đang cho thuê từ 8-11 triệu/ tháng (tuỳ nội thất)$$$$$$$$$$Giá thỏa thuận. Số điện thoại liên hệ: 09639633***hoặc 0977281***
",Căn hộ,Sổ hồng,Nam,1.0,1.0,1.0,1.0,1.0,1.0,1.0,1.0,1.0,1.0,1.0,1.0,1.0, 09/11/2023,07/12/2023,Bán,2620058,,,,1.0
"
Nhận Booking SA1 – Tòa Căn Hộ Cuối Cùng Phong Cách Nhật Bản Tại Vinhomes Smart City
","
2,5
Tỷ ","
54
m2
",['Mua bán Căn hộ chung cư  Vinhomes Smart City'],"
Nhận Booking SA1 – Tòa Căn Hộ Cuối Cùng Phong Cách Nhật Bản Tại Vinhomes Smart City✅ Phân khu The Sakura có nội khu đẹp nhất Vinhomes Smart City✅ Thiên đường vui chơi Vườn Nhật nội khu rộng 1,1ha & hơn 20 tiện ích✅ Phân khu duy nhất có bể bơi 4 mùa rộng 1.000m đẳng cấp Quốc tế✅ Tâm điểm giáo dục với hệ thống 4 trường Vinschool ngay gần nhà ✅ SA1 là toà duy nhất còn lại tại phân khu The Sakura của CĐT Samty✅ Cơ hội mua nhà từ móng đóng tiền giãn, thiết kế siêu đẹp, tối ưuĐể nhận thông tin chi tiết nhất, anh/chị liên hệ Phòng bán hàng CĐT☎️ Hotline: 0985.421.***  (SMS, Zalo)
",Căn hộ,Sổ hồng,,,,,,,,,,,,,,, 09/11/2023,23/11/2023,Bán,2619918,,,,
"
Cần bán căn 3PN 75M2 Sakura Vinhomes Smart City 3,7 tỷ 
","
3,7
Tỷ ","
75
m2
","['Hà Nội', 'Quận Nam Từ Liêm', 'Mua bán Căn hộ chung cư tại Đường Đại lộ Thăng Long']","
CẦN BÁN CĂN 3PN 75M2 SAKURA VINHOMES SMART CITY 3,7 TỶ  RẺ NHẤTVới quần thể rộng lớn, Vinhomes Smart City đáp ứng đầy đủ các nhu cầu trong cuộc sống hàng ngày của cư dân:- Vị trí tâm điểm phía Tây thủ đô Hà Nội, tiếp giáp Đại lộ Thăng Long, Lê Trọng Tấn, đường 72…- Công viên trung tâm: vườn nướng BBQ ngoài trời, hồ điều hòa, bãi cát nhân tạo, khu thể thao, khu vui chơi, …- Vườn Nhật: quảng trường sự kiện, công viên trò chơi, vườn thiền, vườn tre, nhà hàng Nhật, chòi lá, sân vườn đường dạo phong cách Nhật Bản- Trung tâm thương mại Vincom Mega Mall lớn nhất hệ thống Vincom toàn quốc: bể bơi 4 mùa, dòng sông nhân tạo, khu vui chơi, ăn uống…… và hàng trăm công viên lớn nhỏ, shophouse, biệt thự…Khu đô thị Vinhomes Smart City Tây Mỗ, Nam Từ Liêm với đầy đủ tiện ích, pháp lý chuẩn, đã có nhiều tòa bàn giao và có sổ. PHÂN KHU SAKURA PHONG CÁCH NHẬT BẢN  ✅ Phân khu The Sakura có nội khu đẹp nhất Vinhomes Smart City✅ Thiên đường vui chơi Vườn Nhật nội khu rộng 1,1ha & hơn 20 tiện ích✅ Phân khu duy nhất có bể bơi 4 mùa rộng 1.000m đẳng cấp Quốc tế✅ Tâm điểm giáo dục với hệ thống 4 trường Vinschool ngay gần nhà✅CHỈ TÒA SA5 CÓ VƯỜN THƯỢNG UYỂN – VƯỜN NHẬT TRÊN MÂY Hiện tại SA5 chỉ còn ít căn 3 phòng ngủ giá tốt nhất trong các phân khu mới tại Vinhomes Smart City: chỉ từ 3,7 tỉ diện tích 75m2 – Giá trực tiếp chủ đầu tưLiên hệ em Hằng chọn căn nhanh nhất, phù hợp nhất ạ: 090.222.03***S103 trực dự án 24/7   
",Căn hộ,,,,,,,,,,,,,,,, 09/11/2023,07/12/2023,Bán,2619949,,,,
"
Tổng hợp quỹ căn Vin Smart City Trực tiếp CĐT Studio từ 1,3 tỷ, 2pn 54m2 từ 2,3 tỷ, 3PN từ 2,9 tỷ
","
2,4
Tỷ ","
54
m2
",['Mua bán Căn hộ chung cư  Vinhomes Smart City'],"
Em Tiến gửi anh chị tổng hợp quỹ căn Vinhomes Smart city mới nhất tầng đẹp giá rẻ: - The Sakura SA5 Nhận nhà tháng 10/2024Căn Studio: diện tích 32m2 thông thuỷ giá từ 1,4 tỷCăn 1pn diện tích 43m2 thông thuỷ giá từ 2,2 tỷCăn 2pn 1wc diện tích 54m2 thông thuỷ giá từ 2,8 tỷCăn 2pn+1  2wc diện tích 64m2 thông thuỷ giá từ 3,2 tỷCăn 3pn diện tích 81m2 thông thuỷ giá từ 3,5 tỷ - The Canopy : Nhận nhà tháng 6/2025Căn Studio: diện tích 32m2 thông thuỷ giá từ 1,8tỷCăn 1pn diện tích 43m2 thông thuỷ giá từ 2,8 tỷCăn 2pn 1wc diện tích 64m2 thông thuỷ giá từ 4,3 tỷCăn 3pn diện tích 81- 92m2 thông thuỷ giá từ 5,6 tỷ - Tokin  2 nhận nhà tháng 10/2023Căn Studio: diện tích 32m2 thông thuỷ giá từ 1,7 tỷCăn 1pn diện tích 43m2 thông thuỷ giá từ 2,5 tỷCăn 2pn 1wc diện tích 54m2 thông thuỷ giá từ 3,1 tỷCăn 2pn+1  2wc diện tích 64m2 thông thuỷ giá từ 3,5 tỷCăn 3pn diện tích 81m2 thông thuỷ giá từ 4,5 tỷ - Masteri nhận nhà Tháng 1/2024Căn Studio: diện tích 32m2 thông thuỷ giá từ 1,8 tỷCăn 1pn diện tích 47m2 thông thuỷ giá từ 2,6 tỷCăn 2pn 1wc diện tích 60m2 thông thuỷ giá từ 3,2 tỷCăn 2pn+1  2wc diện tích 64m2 thông thuỷ giá từ 3,6 tỷ-------------Anh chị quan tâm căn hộ call/ibx zalo ngay em Tiến để chọn căn đẹp giá rẻ.
",Căn hộ,Sổ đỏ,Đông-Nam,1.0,1.0,1.0,1.0,1.0,1.0,1.0,1.0,1.0,1.0,1.0,1.0,1.0, 09/11/2023,23/11/2023,Bán,2142191,,,,1.0
"
Cực hot quỹ ngoại giao duplex 250m2 N01 - T6 siêu vip 2 tầng chỉ 2x tỷ view Hồ Tây - Hồ Starlake
","
25
Tỷ ","
250
m2
",['Mua bán Căn hộ chung cư  Han Jardin'],"
Em Tiến 0977 5 6 5 3 ***  gửi anh chị thông tin căn hộ toà N01 T6 Ngoại Giao Đoàn.- Chủ đầu tư: Tổng Công Ty Xây Dựng Hà Nội.- Đơn vị phát triển dự án: Taseco.- Vị trí: Ngã tư Hoàng Minh Thảo - Xuân Tảo - KĐT Ngoại Giao Đoàn.- Quy mô: 45 tầng nổi + 3 tầng hầm với 280 căn hộ, duplex, penthouse.- Pháp lý: Sở hữu lâu dài.- Bàn giao quý 4/2023.- Tầng 1 - 6 trung tâm thương mại.- Tầng 7 - 26 căn hộ cao cấp.- Tầng 28 - 45: Căn hộ - duplex - penthouse.- Tầng thượng: Infinity poor + sky garden.----------------------Duy nhất 24 căn duplex.Căn duplex diện tích 250m².Tầng từ 28 - 39.Thiết kế 4PN + 1 phòng giúp việc.Tầng 1: 125,3m² thiết kế 2PN, 2wc, bếp, phòng khách + phòng ăn + cầu thang.Tầng 2: 124,7m² thiết kế 2PN, 2 + 1 Phòng giúp việc + khoảng thông tầng.Giá từ 23 - 25 tỷ/ căn.Ngoài ra bên em còn các loại hình căn hộ 3 - 4PN.- Căn 01 3PN + 1 DT 142,5m² view hồ Tây - công viên Ngoại Giao Đoàn: Hướng cửa chính Nam, ban công hướng Bắc + hướng Đông giá từ 9,9 - 12 tỷ.- Căn 02 4PN DT 141,2m², view công viên Starlake - đường Hoàng Minh Thảo: Hướng cửa chính Bắc - ban công hướng Nam + Bắc giá từ 9,9 - 12 tỷ.- Căn 03 - 04 -***: 3PN 104m² view công viên Starlake hướng cửa chính Bắc ban công hướng Nam giá từ 6,9 - 8,3 tỷ.- Căn 06 4PN 141,2m² hướng cửa chính Bắc view công viên Starlake - công viên Hoà Bình giá từ 10,9 - 13 tỷ.- Căn 07 3PN 125,7m² hướng cửa chính Nam, ban công hướng tây view công viên Ngoại Giao Đoàn giá từ 9,9 - 12 tỷ.- Căn 08 view nội khu: DT 107,5m² hướng cửa: Chính Nam, ban công chính Bắc giá từ 6,9 - 8,5 tỷ.Tầng 40 - 45.- Penthouse giá ibx.Anh chị quan tâm, xem nhà call ngay em Tiến: 0977 5 6  5 3 4 5 em cảm ơn.
",Căn hộ,Sổ hồng,Đông,1.0,1.0,1.0,1.0,1.0,1.0,1.0,1.0,1.0,1.0,1.0,1.0,1.0, 09/11/2023,23/11/2023,Bán,2439940,,,,1.0
"
Bán căn hộ 2PN - 3PN hiện đại, giá rẻ tại Hinode 201 Minh Khai
","
4,5
Tỷ ","
76,5
m2
",['Mua bán Căn hộ chung cư  Hinode City'],"
Gia đình không có nhu cầu sử dụng nên cần bán căn 2PN và 3PN tại Hinode 201 Minh Khai (có slot oto). Chung cư cách hồ gươm 4km, rất gần bệnh viện thanh nhàn, công viên tuổi trẻ,* Thông tin căn 2PN: 70 - 76,5m², 2PN, 2WC.Giá bán: 4,5 tỷ. (bao phí, có nội thất)* Thông tin căn 3PN: 100m², 3PN, 2WC.Giá bán: 6,5 tỷ. (bao phí, có nội thất)Chung cư có đầy đủ tiện ích phục vụ cư dân: Bể bơi, gym, siêu thị,.Vui lòng LH: 0933.95.8***
",Căn hộ,Sổ đỏ,,1.0,1.0,1.0,1.0,1.0,1.0,1.0,1.0,1.0,1.0,1.0,1.0,1.0, 09/11/2023,07/12/2023,Bán,2619849,,,,1.0
"
Phân LÔ – 2 Ô Tô Tránh – Nghi Tàm Tây Hồ. 99M2, 4 tầng. Mặt tiền 6,2m. Giá 13,5tỷ. (TL)
","
13,4
Tỷ ","
99
m2
","['Hà Nội', 'Quận Tây Hồ', 'Mua bán Nhà riêng tại đường Nghi Tàm']","
- Bán nhà Nghi Tàm - Tây Hồ, vị trí siêu đẹp phân lô ô tô tránh 99m², 4 tầng.- Mặt tiền hơn 6m, nhà 3 thoáng, hiếm có tại khu vực.- Giao thông thuận tiện gần các cung đường chính: Thanh Niên, Lăng Bác, phố cổ, Âu Cơ, Xuân Diệu, Đặng Thai Mai.. Đi lên sân bay Nội Bài chỉ 1 con đường thẳng 20p tới nơi.- Đầy đủ các khu vui chơi, TTTM Lotte cao cấp, siêu thị hay trường học các cấp, tiện ích vô vàn.- Nhà thiết kế có sân vườn nên rất thoáng. Tổng 4 tầng.- Hiện trạng nhà diện tích trên sổ là 56,2m và hơn 40m² phần đất lưu không đã xây tường bao quanh và làm sân sau của nhà để làm không gian ăn ăn uống ngoài trời. Tổ chức tiệc , BBQ.- Sổ đỏ vuông đẹp. Sẵn sàng giao dịch (có thương lượng).* Liên hệ E. Trang chuyên khu vực Tây Hồ. Thông tin chuẩn, tư vấn thật.
",Nhà riêng,Sổ đỏ,,,,,,,,,,,,,,, 16/10/2023,13/11/2023,Bán,2489163,,,,
"
Măt Phố Phó Đức Chính – Ba Đình – Lô Góc – Mặt Tiền 7M. Diện tích 54M2, GIÁ 19.9 TỶ.
","
19,9
Tỷ ","
54
m2
","['Hà Nội', 'Quận Ba Đình', 'Mua bán Nhà mặt phố tại Phố Phó Đức Chính']","
- Vị trí mặt phố Ba Đình. Nhà Lô Góc – Kinh Doanh 54m2. Mặt tiền 7m.- Giao các tuyến đường Thanh Niên – Yên Phụ. Gần Lăng Bác Hồ, Khu các cơ quan chính phủ. - 2p ra Hồ Tây, 5p lên Hồ Gươm. Vị trí quá đắc địa Trung Tâm của Trung Tâm.- Gần nhà có rất nhiều trường học các cấp, chợ an sinh, siêu thị….- Nhà cũ nên chủ xác định bán đất. Chủ mới về xây tòa nhà văn phòng hay căn hộ cho thuê đều hợp lý.- Sổ đỏ chính chủ giao dịch ngay.
",Nhà mặt phố,Sổ đỏ,,,,,,,,,,,,,,, 09/11/2023,07/12/2023,Bán,2561970,,,,
"
Phân Lô Ô Tô – Tây Hồ. Khu Quân Đội - Dân Trí Cao 73m2, mặt tiền 5.3m. Giá 11 tỷ.
","
11
Tỷ ","
73
m2
","['Hà Nội', 'Quận Tây Hồ', 'Mua bán Nhà riêng tại đường An Dương']","
- Chủ nhà là Cán Bộ Cao Cấp Quân Đội về hưu. Thiện chí bán căn nhà diện tích 73m2 thuộc Phố An Dương – Tây Hồ.- Phân lô Ô tô. Trước nhà Ô tô quay đầu rất rộng.- Mặt tiền 5.3m, Nhà có 2 mặt thoáng nên rất mát.- Nhà ở khu quân đội, an ninh tốt, dân trí cao . Nhà ở vượng khí các con đều là quan chức.- Gần phố, 3 bước ra Hồ Tây, Trúc Bạch. An sinh cực đỉnh, khách đến là không muốn về. Đang có quy hoạch ven sông Hồng thành khu vui chơi, tiềm năng tăng giá cực tốt.- Nhà xây kiểu Biệt Thự cổ khung cột chắc chắn, có thể lên thêm được 2 tầng, có cột chờ sẵn. Chủ mới về sửa sang theo phong cách hiện đại thì quá tuyệt vời. -  Tổng  4 tầng, 3 ngủ . Nhà có giếng trời và các tầng đều có khe thoáng nên nhà hút gió rất mát. -- Sổ đỏ chính chủ sẵn sàng giao dịch.  
",Nhà riêng,Sổ đỏ,,,,,,,,,,,,,,, 28/10/2023,25/11/2023,Bán,2598209,,,,
"
Chủ Đầu Tư Bán Căn 3N 2WC: 116m2 Tòa L2 View Hồ Điều Hòa Chung Cư Le Grand Jardin Giá 4.4 tỷ
","
4,4
Tỷ ","
116
m2
",['Mua bán Căn hộ chung cư  Le Grand Jardin Sài Đồng'],"
Hotline phòng kinh doanh: 09629613***để được hỗ trợ chọn căn giá tốt. Thiết kế thông minh, tầm nhìn ko 1 góc chết!Được phát triển bởi tập đoàn BRG uy tín - chuyên nghiệp.Đã hoàn thiện: Bàn giao tháng 10/2023.Tiện ích đặc quyền 5*: Sảnh Lounge; bể bơi Resort lớn nhất; sân chơi sân thể thao, vườn nướng BBQ; tầng hầm liên thông.Chính sách bán hàng đặc biệt ưu đãi:- Hỗ trợ vay vốn lãi suất 0% cho 70% giá trị căn hộ trong 15 tháng.- Tặng 15 tháng phí dịch vụ tòa nhà.- Chiết khấu thanh toán thường 6.5%.- Chiết khấu thanh toán sớm 8.5%. * Ngoài ra, còn các quỹ căn khác:- Căn 2N 71m2 chỉ từ 2,5 tỷ.- Căn 3N 90m2 chỉ từ 2.9 tỷ.- Căn 3N 97m2 - 99m2 chỉ từ 3,6 tỷ.- Căn 3N 107m2 chỉ từ 3,9 tỷ.* Tại sao nên lựa chọn Le Grand Jardin là nơi an cư.- Cộng đồng cư dân văn minh, trung tâm.- Quần thể 9 tòa với hơn 50 tiện ích đẳng cấp.- Là dự án có quần thể và thiết kế cũng như chất lượng xây dựng đẹp nhất Sài Đồng.- Dự án đã hoàn thiện và khách hàng có thể nhận nhà ở ngay sau khi mua - Khách hàng có thể trực tiếp đến mục sở thị căn hộ mà mình quan tâm.+ Chỉ 10p di chuyển vào trung tâm Hà Nội.+ Cách Quốc Lộ 5 chỉ 200m, di chuyển đến cao tốc, các tỉnh lân cận như Hải Dương, Hải Phòng, Bắc Ninh, Quảng Ninh, cực kì thuận lợi.+ Chỉ 30p ra đến sân bay Nội Bài.+ Giao thông công cộng phát triển, đường sá to rộng.Hotline: 0962961***
",Căn hộ,Sổ hồng,Đông-Nam,1.0,1.0,1.0,1.0,1.0,1.0,1.0,1.0,1.0,1.0,1.0,1.0,1.0, 31/10/2023,14/11/2023,Bán,2546532,,,,1.0
"
Bán căn góc Đông nam 3 mặt thoáng đẹp rộng 201m2 hiếm khu Trung Hòa – Nhân Chính
","
14,6
Tỷ ","
201
m2
",['Mua bán Căn hộ chung cư  BRG Diamond Residence'],"
Căn góc đẹp được săn đón nhất tại BRG Lê Văn Lương – tầng 12 cao vừa phải số đẹpBan công Đông nam thoáng, nhìn ra khu thấp tầng, hoàn toàn không lo nắng nóng, tiếng ồnCăn hộ hiếm hoi sở hữu đến 3 mặt thoáng, diện tích lớn 201m2 thiết kế 4 phòng ngủ rộng rãi thoáng, sángTòa nhà hiếm hoi trong khu vực đảm bảo đủ suất đỗ ô tô tại tầng hầm cho cư dânNhà sẵn sàng bàn giao ngay vào hoàn thiện đón TếtGiá bán: 14.6 tỷ Liên hệ xem nhà: 0911.772.*** (em Ngọc)
",Căn hộ,Sổ đỏ,Đông-Nam,,,,,,,,,,,,,, 09/11/2023,07/12/2023,Bán,2619760,,,,
