Title,Price,Area,Address,Gen_descrip,Loại hình,Hướng nhà,Ngày đăng,Ngày hết hạn,Loại tin,ID tin,Tình trạng pháp lý,Bình nóng lạnh,Máy hút mùi,Tủ bếp,Bàn ăn,Kệ TV,Tủ trang trí,Giường ngủ,Bàn phấn,Tủ quần áo,Bồn tắm,Vòi hoa sen,Bồn cầu,Bồn rửa mặt,Bàn ghế P.khách,Số phòng ngủ,Số tầng
"
Bán nhà riêng Thị xã Sơn Tây - Hà Nội giá 1.10 Tỷ
","
1,1
Tỷ ","
34,5
m2
","['Hà Nội', 'Thị xã Sơn Tây', 'Mua bán Nhà riêng tại Đường Quang Trung']","
Chuyển nhượng nhà đất, ngõ xe máy thông ngõ ô tô (cách 20m), cách mặt phố Quang Trung 20m. Nhà gần sông, không khí thoáng mát, trong lành, yên tĩnh. Bán kính 150m có khu đô thị HUD hiện đại, Thành cổ, trường học cấp 1, cấp 2, chợ Nghệ, trung tâm tiệc cưới, nhà hàng, khu ẩm thực. Diện tích 34.5m² (4x8,625m). Điên nước đầy đủ hợp đồng. Khu phụ, bếp nhỏ xinh. Liên hệ: Em Minh 0901 705 ***
",Nhà riêng,Bắc, 08/11/2023,06/12/2023,Bán,2619066,,,,,,,,,,,,,,,,,
"
(mới)Bán cắt lỗ căn 2PN+1 DT 70m2, sẵn sổ, Vinhomes Smart Smart City Tây Mỗ 2.7-2,9 tỷ bao thuế phí
","
2,7 - 2,9
Tỷ ","
70
m2
",['Mua bán Căn hộ chung cư  Vinhomes Smart City'],"
Bán 5 căn 2N2VS + 1 - căn góc phân khu S1 và S2, từ nguyên bản mới chưa ở đến đủ đồ sẵn đẹp vào ở ngay! Giá chỉ từ 2.7 - 2.9 tỉ Bao Phí. Quỹ căn cắt lỗ - chủ nhà rất thiện trí bán có gia lộc vào việc ngay tức thì, cơ hội quá tốt về làm hàng xóm em Thanh Huyền đi ạ. AC tìm căn đẹp giá tốt LH em ngay 0896 688 6***hỗ trợ full từ tư vấn quỹ căn, vay bank, check pháp lý căn hộ... ).Vinhomes Smart City. #Vinhomes_Smart_City#Imperia_Smart_City#Sakura_Smart_City#Tonkin_Smart_City#Masteri_West_Heights#Chuyển_Nhượng_căn_hộ_chung_cư_tây_mỗ#bán_cắt_lỗ#bán_gấp
",Căn hộ,, 08/11/2023,06/12/2023,Bán,2619046,Sổ đỏ,1.0,1.0,1.0,1.0,1.0,1.0,1.0,1.0,1.0,1.0,1.0,1.0,1.0,1.0,,
"
Bán Nhà Hoàng Mai-Tặng nội thất siêu phẩm- Vị tró siêu đẹp
","
4,9
Tỷ ","
35
m2
","['Hà Nội', 'Mua bán Nhà riêng tại Quận Hoàng Mai']","
CỰC HIẾM - #Maiđộng - #HoàngMai - VỊ TRÍ CỰC ĐẸP - TẶNG NỘI THẤT XỊN XÒ.-Diện tích: 35 m2 x 5 tầng Giá chào 4.9tỷ.-Vị trí cực đẹp: vài bước ra ngõ ô tô, Hồ Đền Lừ, gần trường MN Mai Động.-Nhà xây chắc chắn, khu vực an ninh, dân cư văn minh, công năng sử dụng đầy đủ-Tầng 1: Khách, bếp, Wc-Tầng 2.3.4: Ngủ, Wc-Tầng 5: Phòng thờ, sân phơi-Chủ nhà hiền lành, dễ tính-Anh chị quan tâm liên hệ em Hải qua sdt: 0865459***.
",Nhà riêng,, 08/11/2023,06/12/2023,Bán,2619037,,,,,,,,,,,,,,,,,
"
Bán nhà riêng Quận Ba Đình 45m 6 Tầng Thang máy êm ru gần phố tiện ích giá 7.50 Tỷ
","
7,5
Tỷ ","
45
m2
","['Hà Nội', 'Quận Ba Đình', 'Mua bán Nhà riêng tại Đường Đội Cấn']","
NHÀ MỚI - THANG MÁY - NGÕ RỘNG - 20M RA PHỐ - TT BA ĐÌNH Mô tả - Vị trí trung tâm Ba Đình, ngõ rộng thoáng sáng, cách phố chỉ 20m - Nhà chủ xây tâm huyết thiết kế hiện đại, công năng đầy đủ.T1: Khách, bếp và wc.T2: Phòng khách. T3.4 5: Mỗi tầng 1 phòng ngủ + WC khép kín.T6: Thờ và sân phơi. Sổ đỏ chính chủLH : Em Hương
",Nhà riêng,, 01/11/2023,29/11/2023,Bán,2603922,Sổ đỏ,,,,,,,,,,,,,,,,
"
Bán nhà riêng Quận Ba Đình 40m gần phố gần ô tô tiện ích xung quanh giá 4.35 Tỷ
","
4,35
Tỷ ","
40
m2
","['Hà Nội', 'Quận Ba Đình', 'Mua bán Nhà riêng tại Đường Đội Cấn']","
NHÀ ĐẸP LONG LANH - Ô TÔ TRÁNH CÁCH NHÀ 25M-TIỆN ÍCH XUNG QUANH CHỦ LÀM ĂN LỘC LÁ VƯỢNG PHÁT MUA NHÀ MỚI TO HƠN ĐỂ Ở + Bán kính 100m quanh nhà, tiện ích phủ đầy, khách bước chân vào ngõ chắc chắn thích luôn vì quá đẹp. Thiết kế:- Tầng 1: Bếp + PK + WC- Tầng 2: 2PN + WC- Tầng 3: 1PN + WC- Tầng 4: PT + Sân Phơi* Sổ đỏ sẵn giao dịch luônLH : Em Hương
",Nhà riêng,, 02/11/2023,30/11/2023,Bán,2607345,Sổ đỏ,,,,,,,,,,,,,,,,
"
Bán nhà 3 tầng thượng phúc xã tả thanh oai ô tô cách 02 nhà 1.89 tỷ
","
1,89
Tỷ ","
32
m2
","['Hà Nội', 'Huyện Thanh Trì', 'Mua bán Nhà riêng tại Đường Cầu Tó']","
Nhà 3 tầng xây cực đẹp, trước nhà là 1 mảnh đất có thể trồng rau sạch nên rất thoáng ô tô đỗ cách 02 nhà và chỉ cách mặt đường liên thôn 40m thiết kế 03 phòng và 01 sân phơi hàng xóm vô cùng thân thiện cách cầu tó, đường 70, kim giang 4km miễn trung gian!
",Nhà riêng,, 08/11/2023,06/12/2023,Bán,2161191,Sổ đỏ,1.0,1.0,1.0,1.0,1.0,1.0,1.0,1.0,1.0,1.0,1.0,1.0,1.0,1.0,,
"
Bán nhà 5 tầng đội 9 tả thanh oai huyện thanh trì 1.79 tỷ ô tô đỗ
","
1,79
Tỷ ","
32
m2
","['Hà Nội', 'Huyện Thanh Trì', 'Mua bán Nhà riêng tại Đường Cầu Tó']","
Nhà 5 tầng xây rất chắc chắn gồm 03 phòng ngủ, 01 phòng thờ, 01 sân phơi, 01 phòng khách, 01 bếp Nhà thoáng, được hưởng ngõ làm sân để xe Xung quanh dân đông đúc nhà mới coong, gần chợ, gần trường học, gần cầu bắc sang KĐT Thanh Hà, cienco5 Miễn trung gian!
",Nhà riêng,, 08/11/2023,06/12/2023,Bán,2228993,Sổ đỏ,1.0,1.0,1.0,1.0,1.0,1.0,1.0,1.0,1.0,1.0,1.0,1.0,1.0,1.0,,
"
Bán nhà mặt phố ven sông chưa sổ Thanh Trì -Tả thanh Oai 320.00 Triệu
","
320
Triệu ","
20
m2
","['Hà Nội', 'Huyện Thanh Trì', 'Mua bán Nhà mặt phố tại Đường Tả Thanh Oai']","
Nhà ven sông chủ đã sử dụng hơn 20 năm giờ nhượng lại giá siêu rẻ cho người có ít tiền mà muốn có nhà kinh doanh đượcHiện đang cho thuê 3x triệu/thángđịa chỉ xã tả thanh oai huyện thanh trìMiễn trung gian!
",Nhà mặt phố,, 08/11/2023,06/12/2023,Bán,2394116,,1.0,1.0,1.0,1.0,1.0,1.0,,,,1.0,1.0,1.0,1.0,1.0,,
"
Bán nhà riêng Huyện Thanh Trì - Hà Nội giá 1.90 Tỷ
","
1,9
Tỷ ","
30
m2
","['Hà Nội', 'Huyện Thanh Trì', 'Mua bán Nhà riêng tại Đường Thượng Phúc']","
Gia đình cần tiền nên muốn sang nhượng gấp nhà mới mua được 3 tháng tại Thượng Phúc, Tả Thanh Oai, Thanh Trì. chưa từng sử dụng Nhà thiết kế 5 tầng với 4 ngủ vệ sinh khép kín, tầng lửng phòng khách, bếp, phòng thờ, sân phơi... thông thoáng. Diện tích 30m2 sổ, ngõ trước nhà 3m, xung quanh dân đông đúc. Nhà đẹp mới hoàn toàn vì lý do chuyển công tác nên cần nhượng lại cho người có nhu cầu ở thực sự. Đã đầu tư nội thất đến 200 triệu. Chỉ việc đến ở không cần đầu tư thêm. Để lại đúng giá lúc mua mới 1. 9 Tỷ ( Giá lúc mua 1.9 Tỷ). Tặng toàn bộ nội thất. Mua quá hời. Khách thiện chí quan tâm alo chị Thảo đi xem nhà. Nhà cực mới nên khách an tâm chất lượng!
",Nhà riêng,Tây-Nam, 08/11/2023,06/12/2023,Bán,2219130,Sổ đỏ,1.0,1.0,1.0,1.0,1.0,1.0,1.0,1.0,1.0,1.0,1.0,1.0,1.0,1.0,,
"
Bán nhà riêng Huyện Thanh Trì - Hà Nội xã tả thanh oai chưa sổ 46m giá 530.00 Triệu
","
530
Triệu ","
46
m2
","['Hà Nội', 'Huyện Thanh Trì', 'Mua bán Nhà riêng tại Đường Tả Thanh Oai']","
Nhà chưa sổ, vị trí cực đẹp giữa xã tả thanh oai, đối diện mầm non tả thanh oai B thôn nhân hoà diện tích 46m. hiện đang cho thuê 3 4 triệu 1 tháng cách cầu tó 2km, từ cầu tó rẽ vào tả thanh oai đi xuống 2km gần uỷ ban xã và trường tiểu học miễn trung gian!
",Nhà riêng,, 08/11/2023,06/12/2023,Bán,2476074,Giấy tờ hợp lệ,1.0,1.0,1.0,1.0,1.0,1.0,1.0,1.0,1.0,1.0,1.0,1.0,1.0,1.0,,
"
Bán nhà 2 tầng 35m sổ đỏ ô tô đỗ cửa ngõ 20 tả Thanh oai 1.92 tỷ
","
1,92
Tỷ ","
39
m2
","['Hà Nội', 'Huyện Thanh Trì', 'Mua bán Nhà riêng tại Đường Tả Thanh Oai']","
Nhà xây độc lập, kiên cố 2 tầng. Thiết kế mỗi tầng 01 phòng. Đường trước nhà 2.3m. Có 02 phòng ngủ. 01 sân phơi. 01 phòng khách, bếp. Các thiết bị đều hiện đại. Đi vài bước là ra chợ và trường học. Nằm đầu xã Tả Thanh Oai. Ngõ thông các ngả! ô tô đỗ! miễn trung gian!12:52             Nhà xây độc lập, kiên cố 2 tầng. Thiết kế mỗi tầng 01 phòng. Đường trước nhà 2.3m. Có 02 phòng ngủ. 01 sân phơi. 01 phòng khách, bếp. Các thiết bị đều hiện đại. Đi vài bước là ra chợ và trường học. Nằm đầu xã Tả Thanh Oai. Ngõ thông các ngả! ô tô đỗ! miễn trung gian!12:52                            
",Nhà riêng,, 08/11/2023,06/12/2023,Bán,2321006,Sổ đỏ,1.0,1.0,1.0,1.0,1.0,1.0,1.0,1.0,1.0,1.0,1.0,1.0,1.0,1.0,,
"
Nhà ngõ hoàng hoa thám thông các ngả, vị trí vip, 39m2, giá 4.6 tỷ
","
4,6
Tỷ ","
39
m2
","['Hà Nội', 'Quận Ba Đình', 'Mua bán Nhà riêng tại Đường 10']","
 
",Nhà riêng,, 08/11/2023,06/12/2023,Bán,2618704,Sổ đỏ,,,,,,,,,,,,,,,3,4
"
Bán 3 lô đất liền kề tổng 446m2 ở khu Phố Yên, Tiền Phong, Mê Linh, Hà Nội
","
31,22
Tỷ ","
446
m2
","['Hà Nội', 'Huyện Mê Linh', 'liền kề tại Đường Tỉnh lộ 301', 'Mua bán Nhà biệt thự']","
Cần bán 3 lô đất liền kề nằm ở ngã 3 Phố Yên, Tiền Phong, Mê Linh, Hà Nội.Diện tích tổng 3 lô là 446m2, đang có cửa hàng cho thuê với tổng thu nhập là 55.000.000đ/tháng.Đất nằm ở vị trí đắc địa, có mặt tiền rộng, chỉ mất 4 phút để ra quốc lộ 23, cách trung tâm Hà Nội khoảng 15-20 phút, cách sân bay Nội Bài 20 phútĐối diện Medlatec Mê Linh, gần trạm y tế, UBND, trường học, chợ Yên Tiền PhongGần với trường Đại học Tài chính - Ngân hàngThích hợp làm kinh doanh tầm trung-lớn, xây trung tâm thương mại, chung cư, văn phòng cho thuê, siêu thị, v.v...Có phí dịch vụ cho trung gian, sổ đỏ trao tay
","Nhà biệt thự, liền kề",, 08/11/2023,06/12/2023,Bán,2618705,Sổ đỏ,,,,,,,,,,,,,,,,
"
Căn hộ góc Vinhomes smart City thiết kế có 2 PN+1,2 WC( sửa 3PN) 76,3m² nội khu The Canopy CK 9%
","
4 - 4,5
Tỷ ","
76,3
m2
",['Mua bán Căn hộ chung cư  Vinhomes Smart City'],"
- Bán căn hộ duy nhất thuộc dự án Vinhomes Smart City có 2 tầng hầm, gần hồ , gần nhà để xe nổi, đầy đủ các tiện ích như bể sục nóng, gym, ...- Mật độ cư dân thấp, chỉ 16 căn/1 mặt sàn- Căn hộ thiết kế có 2 PN+1, 2 WC (có thể sửa thành 3PN)  có diện tích 76,3m² thông thủy, tầng cao view nội khu The Canopy.- Căn góc thiết kế thoáng mát, diện tích lớn, tất cả các phòng  đều lấy được ánh sáng tự nhiên.- Thanh toán theo tiến độ làm nhiều đợt (11 đợt hoặc 18 đợt theo lựa chọn của khách hàng), chiết khấu lên tới 9%, chiết khấu thanh toán sớm 5%/năm/số tiền thanh toán trước hạn- Ngân hàng cho vay lên tới 70% giá trị căn hộ, ân hạn nợ gốc và hỗ trợ lãi suất 0% tối đa trong vòng 4 năm.- Bàn giao nội thất liền tường cơ bản (điều hòa, cửa vân tay lõi thép chống cháy, thiết bị vệ sinh TOTO, ...).- Được sử dụng miễn phí các tiện ích của Vinhomes Smart City.- Tháng 7/2025 nhận nhà .Liên Hệ E Huấn 097103509***Zalo 
",Căn hộ,, 08/11/2023,06/12/2023,Bán,2618694,,,,,,,,,,,,,,,,,
"
Bán chung cư Vĩnh Phúc -Hoàng Hoa Thám -Ba Đình,Full đồ, ô tô đỗ (30- 50m )
","
850
Triệu ","
35
m2
","['Hà Nội', 'Mua bán Căn hộ chung cư tại Quận Ba Đình']","
Bán chung cư Vĩnh Phúc -Hoàng Hoa Thám -Ba Đình,Full đồ, Ở ngay-Vị trí đắc địa: ngay phố vĩnh Phúc - Hoàng Hoa Thám - Bưởi ...gần chợ , trường cấp 1,2,3 .Khu dân trí cao , an ninh đảm bảo -Thiết kế : Tòa chung cư 7 tầng . Tầng 1 để xe máy. Đầy đủ thang máy, thang bộ. Bảo vệ 24/24 ,camera an ninh, hệ thống phòng cháy.. -Diện tích căn hộ : 32m2 - 45m2 - 48 -50m2 -55m2 Thiết kế 1-2 ngủ hiện đại, khách và bếp , vệ sinh, ban công - Giá bán căn hộ : 850 triệu –980 triệu -1,4 tỷ - 1,45 tỷ -1,55 tỷ - Chiết khấu ngay 30 -50 triệu khi thanh toán nhanh . - Nội thất : Sàn gạch cao cấp , tủ bếp, bếp từ , bếp hút mùi ,trần thạch cao, thiết bị vệ sinh, bình nóng lạnh, đèn Led.... LIÊN HỆ NGAY CHỦ ĐẦU TƯ XEM CĂN HỘ Xem căn hộ miễn phí, mua giá gốc CĐT, chính sách tốt (miễn môi giới, quảng cáo).
",Căn hộ,, 08/11/2023,06/12/2023,Bán,2618505,Sổ hồng,1.0,1.0,1.0,,1.0,1.0,1.0,,1.0,,1.0,1.0,1.0,1.0,,
"
Bán căn hộ Vĩnh Phúc - Ba Đình - Hà Nội giá 700 - 1,2 tỷ - 1,350 tỷ
","
700
Triệu ","
35
m2
","['Hà Nội', 'Mua bán Căn hộ chung cư tại Quận Ba Đình']","
CĐT mở bán chung cư mini Hoàng Hoa Thám - Vĩnh Phúc khu 7,2ha khu dân cư sầm uất nhất Hà nội1. Vị trí đắc địa Quận Ba Đình , gần đường Hoàng hoa thám, Thụy khuê , Bưởi , Lạc long quân… Gần chợ Vĩnh phúc , trường học cấp 1,2 Hoàng hoa thám, đi lại các hướng rất thuận lợi,2. Trang thiết bị - nội thất. - Sàn gỗ hoặc gạch, trần thạch cao, bếp, tủ bếp trên dưới, máy hút mùi, bình nóng lạnh, thiết bị chiếu sáng, thiết bị vệ sinh, Tòa nhà được trang bị gồm thang máy hiện đại, thang bộ, bảo vệ 24/24 an ninh tốt .3. Diện tích - thiết kế. - Chung cư mini Hoàng Hoa Thám được thiết kế đa dạng các loại diện tích từ 25 - 36 - 45 - 48 - 50 m².4. Giá bán.Căn Studio 25m²: 650 triệu.Căn 1 PN 34 - 36 m²: 880 triệu - 950 triệu.Căn 2 PN 45 - 48 - 50 m²: 1.200tr - 1.650tr5. Pháp lý: Mua chung cư mini Hoàng Hoa Thám khách hàng không phải mất thêm chi phí nào, ký hợp đồng trực tiếp CĐT với đầy đủ pháp lý: Sổ đỏ PTCC, giấy phép XD, hợp đồng mua bán căn hộ, cam kết tách sổ hồng. Liên hệ chủ đầu tư để mua giá gốc. 
",Căn hộ,, 08/11/2023,06/12/2023,Bán,2478860,,1.0,1.0,1.0,,1.0,1.0,1.0,1.0,1.0,,1.0,1.0,1.0,,,
"
Bán căn hộ gần ĐH Bách Khoa ở ngay giá chỉ từ 880tr/ căn
","
800
Triệu ","
50
m2
","['Hà Nội', 'Mua bán Căn hộ chung cư tại Quận Hai Bà Trưng']","
1. Vị trí. - Chung cư Lê Duẩn - Công viên Thống Nhất nằm tại trung tâm Quận Đống Đa, giao thông thuận kết nối với các tuyến đường như, Lê Duẩn, Đại Cồ Việt, Xã Đàn, Giải Phóng, Khâm Thiên... - Gần trung tâm thương mại, các trường đại học lớn. ĐH Kinh Tế Quốc Dân, ĐH Bách Khoa, ĐH Xây Dựng, ĐH Y Hà Nội, Học viện Ngân Hàng... - Gần ngay công viên Thống Nhất, Hồ 3 Mẫu,... Tầng thượng view Hồ Ba Mẫu + Hồ Bảy Mẫu. 2. Thiết kế.-Tòa nhà chung cư Lê Duẩn - Công viên Thống Nhất sở hữu 2 mặt ngõ nên căn hộ nào cũng thoáng sáng, siêu đẹp, view Hồ Ba Mẫu, công viên Thống Nhất. - Toà nhà thiết kế hiện đại trang bị đầy đủ thang bộ, thang máy, hệ thống PCCC tự động.- Các căn hộ được thiết kế vô cùng tiện nghi với phòng ngủ, khách bếp, vệ sinh và ban công riêng biệt, sáng thoáng. 3. Nội thất. Bàn giao đầy đủ nội thất cao cấp gồm: Sàn gỗ, trần thạch cao, đèn điện chiếu sáng, đèn hắt trần, tủ bếp, bếp từ, hút mùi, nóng lạnh, điều hòa, sofa, giường, tủ quần áo,. 4. Diện tích và Giá bán. +Diện tích : 30 - 32 – 34 – 48m2 + Gía 880 - 990 – 1 tỷ - 1.4 – 1.5 tỷ tùy tầng và diện tích 5. Pháp lý. - Khách hàng mua bán căn hộ chung cư Lê Duẩn - Công viên Thống Nhất ký hợp đồng trực tiếp Chủ Đầu Tư. Cam kết tách sổ hồng cho người mua. Hotline:
",Căn hộ,, 08/11/2023,06/12/2023,Bán,2487453,,1.0,,,,1.0,1.0,,,,1.0,1.0,1.0,1.0,1.0,,
"
Bán nhà Phan Đình Giót, Quang Trung, Hà Đông, Hà Nội
","
5,25
Tỷ ","
35
m2
","['Hà Nội', 'Quận Hà Đông', 'Mua bán Nhà riêng tại Đường Phan Đình Giót']","
- Nhà cách mặt phố Phan Đình Giót vài bước chân.,Lô góc ô tô vào cửa nhàCông năng đầy đủ , tiện ích xung quanh không thiếu gì- Tầng 1: Grara ôtô + 1WC,- Tầng 2: Phòng khách + Bếp,- Tầng 3-4: Mỗi tầng 2 phòng ngủ + 1WC,- Tầng 5: Phòng thờ + Sân Phơi,SỔ ĐỎ CHÓT CẤT KÉT SÃN SÀNG ĐỢI CHỦ MỚI 
",Nhà riêng,, 08/11/2023,06/12/2023,Bán,2618514,,,,,,,,,,,,,,,,,
