Title,Price,Area,Address,Gen_descrip,Loại hình,Tình trạng pháp lý,Ngày đăng,Ngày hết hạn,Loại tin,ID tin,Bình nóng lạnh,Máy hút mùi,Tủ bếp,Bàn ăn,Kệ TV,Tủ trang trí,Giường ngủ,Bàn phấn,Tủ quần áo,Bồn tắm,Vòi hoa sen,Bồn cầu,Bồn rửa mặt,Bàn ghế P.khách
"
Dòng tiền tại Bùi Xương Trạch – Thanh Xuân. DT: 51m, 10m ra phố, 14 phòng cho thuê 70 triệu/tháng
","
8,7
Tỷ ","
51
m2
","['Hà Nội', 'Quận Thanh Xuân', 'Mua bán Nhà riêng tại Đường Bùi Xương Trạch']","
Cần bán tòa CCMN Bùi Xương Trạch, Cầu Giấy. Nhà chủ có tiền tự xây cho thuê, không phải dân chuyên kinh doanh mua đi bán lại. Thông tin như sau Diện tích 51m2, xây 8 tầng Số đỏ đẹp pháp lý sạch sẵn sàng giao dịch.-Vị trí đẹp mặt ngõ thông, Nhà cách phố mặt phố Bùi Xương Trạch 10m, ngõ trước nhà rộng 3.5m-Tầng 1: Để xe, Gara hoặc làm cửa hàng kinh doanh-Tầng 2-8: Mỗi tầng 2 căn hộ khép kín, đầy đủ nội thất, tất cả các phòng đều có cửa sổ đón sáng tự nhiên- Sổ đỏ đẹp, sẵn sàng giao dịch.-Xung quanh nhà tiện ích phục vụ nhu cầu thiết yếu đầy đủ, chợ, cửa hàng tiện lợi, nhà thuốc, nhà hàng, café, trường mẫm giáo, lưu lượng sinh viên, người đi làm đông- Giao thông đi cái hướng, ngõ thông các ngảDòng tiền mỗi năm 840 triệu, sau 5 năm gấp đôi giá trịGiá bán 8.7 tỷ, khách thiện chí mua có thể trao đổi thêmLiên hệ trao đổi trực tiếp 09017711***Chú Bảo
",Nhà riêng,Sổ đỏ, 08/11/2023,22/11/2023,Bán,2617980,,,,,,,,,,,,,,
"
Lô góc 2 mặt tiền 1017m tại Hòa Lạc, bên cạnh là trường đại học, nhà văn hóa alo 0915151***
","
Thỏa thuận
","
1017
m2
","['Hà Nội', 'Huyện Quốc Oai', 'Mua bán Bất động sản khác tại Xã Phú Mãn']","
Chính chủ em bán Lô góc Diện tích 1017m2 với 2 mặt tiền siêu rộng, siêu đẹp, đất vuông vắn tiềm năng phát triển x2 x3 trong tầm tay. Xung quanh là các công ty lớn, đối diện là Bảo tàng cổ vật, bên cạnh là các trường Đại học, cao đẳng, vài bước chân là tới ủy ban nhân dân, trường tiểu học, trạm y tế. Quy hoạch đường mở rộng đã có dấu đỏ chót. Alo em ngay 0915.151.*** – 091.116.77***
",Bất động sản khác,, 08/11/2023,06/12/2023,Bán,2617971,,,,,,,,,,,,,,
"
Cần nhượng lại căn 75m2 thiết kế 2PN trong KĐT Việt Hưng, đã có sổ giá 1.9 tỷ có nội thất
","
1,9
Tỷ ","
74,54
m2
",['Mua bán Căn hộ chung cư  CT15 Việt Hưng Green Park'],"
*Do gia đình chuyển công việc nên cần nhượng lại căn hộ tại chung cư KĐT Việt hưng, ngay gần đường NGô Gia Tự, thuận tiên di chuyển lên cầu Chương Dương, cầu Đuống- Diện tích sử dụng: 74.54m2- Thiết kế 2PN,2WC-Nhà hướng Đông Nam nên rất mát- Sổ hồng sở hữu lâu dàiGiá bán: 1.9 tỷ bao phí chuyển nhượng*Liên hệ xem căn hộ: 0865831***
",Căn hộ,, 08/11/2023,22/11/2023,Bán,2617951,1.0,1.0,1.0,1.0,1.0,1.0,1.0,1.0,1.0,1.0,1.0,1.0,1.0,1.0
"
Bán Căn 3PN Sakura – Vinhomes Smart City Giá Trực Tiếp CĐT
","
3,5
Tỷ ","
75
m2
",['Mua bán Căn hộ chung cư  Vinhomes Smart City'],"
CĐT mở bán trực tiếp Căn hộ 3 phòng ngủ với chính sách vô cùng hấp dẫn1. Diện tích căn hộ: 75m2 – 81m2 – 94m22. Ưu đãi:- Chiết khấu 8% giá trị căn hộ- Quà tặng lên tới 1.5 cây vàng- Hỗ trợ vay ngân hàng với lãi suất 0%3. Giá bán: Từ 3,5tỷ                                                                               4. Hình thức thanh toán: Rất giãn- Thanh toán bằng vốn tự có: Đóng trước 25% giá trị căn hộ để nhận nhà. Phần còn lại sẽ thanh toán làm các đợt cho đến khi nhận nhà- Vay ngân hàng: Chỉ cần đóng trước 30% giá trị căn hộ. Phần còn lại ngân hàng hỗ trợ vay với lãi suất 0%5. Thời gian bàn giao: Tháng 10/20246. Pháp lý: Sổ hồng vĩnh viễnĐể nhận thông tin nhanh nhất, chính xác nhất. Anh/Chị liên hệ trực tiếp☎ Phòng bán hàng CĐT  0985421*** (hoặc SMS, Zalo)#vinhomessmartcity #sakura #sakura5 #sakura1 #tonkin #masteri
",Căn hộ,Sổ hồng, 08/11/2023,22/11/2023,Bán,2617941,,,,,,,,,,,,,,
