Title,Price,Area,Address,Gen_descrip,Loại hình,Tình trạng pháp lý,Hướng nhà,Bình nóng lạnh,Máy hút mùi,Tủ bếp,Bàn ăn,Kệ TV,Tủ trang trí,Giường ngủ,Bàn phấn,Tủ quần áo,Bồn tắm,Vòi hoa sen,Bồn cầu,Bồn rửa mặt,Bàn ghế P.khách,Ngày đăng,Ngày hết hạn,Loại tin,ID tin,Số phòng ngủ,Hướng ban công,Số tầng,Căn góc,Nội thất,Đường vào,Mặt tiền
"
Cắt Lỗ - Bán Chung Cư CT1 Nam Đồng - Xã Đàn - Đống Đa - Sổ đỏ vĩnh viễn
","
700
Triệu ","
55
m2
","['Hà Nội', 'Quận Đống Đa', 'Mua bán Căn hộ chung cư tại Đường Nam Đồng']","
MỞ BÁN TRỰC TIẾP CHUNG CƯ NAM ĐỒNG - XÃ ĐÀN - ĐỐNG ĐAChung cư CT1 Nguyễn Trãi - Trường Chinh - Ngã Tư Sở.Liên hệ Trường chủ đầu tư để mua giá gốc 0971 846 *** (Lưu ý miễn môi giới trung gian).Giá bán: 659tr - 700tr - 856tr - 941tr - hơn 1 tỷ.Diện tích: 35m² - 52m² - 55m² - 58m² - 60m² - 65m².Tòa nhà thiết kế tầng 1 để xe, có đầy đủ hệ thống phòng cháy chữa cháy tự động, an ninh tòa nhà bảo vệ chuyên nghiệp.Sổ hồng sở hữu vĩnh viễn.Liên hệ trực tiếp Trường chủ đầu tư xây dựng để mua nhà giá gốc 0971 846 ***.Add Zalo để nhận video căn hộ. (Lưu ý miễn môi giới trung gian).
",Căn hộ,Sổ hồng,Đông-Nam,1.0,1.0,1.0,1.0,1.0,1.0,1.0,1.0,1.0,1.0,1.0,1.0,1.0,1.0, 07/11/2023,05/12/2023,Bán,1211647,,,,,,,
"
Giám Sốc !! Bán gấp chung cư A1 Nguyễn Chí Thanh - Kim Mã - Ba Đình - Sổ đỏ vĩnh viễn
","
700
Triệu ","
55
m2
","['Hà Nội', 'Quận Ba Đình', 'Mua bán Căn hộ chung cư tại Đường Nguyễn Chí Thanh']","
Mở Bán Chung Cư A1 Nguyễn Chí Thanh - Ba ĐìnhLiên hệ Trường chủ đầu tư để mua giá gốc 0971 846 *** (Lưu ý miễn môi giới trung gian).Giá bán: 609tr - 700tr - 856tr - 941tr - hơn 1 tỷ.Diện tích: 35m²  - 48m²  - 52m² - 55m² - 58m² - 60m² - 65m².Tòa nhà thiết kế tầng 1 để xe, có đầy đủ hệ thống phòng cháy chữa cháy tự động, an ninh tòa nhà bảo vệ chuyên nghiệp.Sổ hồng sở hữu vĩnh viễn.Liên hệ trực tiếp Trường chủ đầu tư xây dựng để mua nhà giá gốc 0971 846 ***.Add Zalo để nhận video căn hộ. (Lưu ý miễn môi giới trung gian).
",Căn hộ,Sổ hồng,Đông,1.0,1.0,1.0,1.0,1.0,1.0,1.0,1.0,1.0,1.0,1.0,1.0,1.0,1.0, 07/11/2023,05/12/2023,Bán,1542629,2,Đông,8,Có,Có,,
"
Cắt Lỗ - Bán chung cư A1 Đại Cồ Việt - Trần Khát Chân - Hai Bà Trưng - Sổ đỏ vĩnh viễn
","
700
Triệu ","
55
m2
","['Hà Nội', 'Quận Hai Bà Trưng', 'Mua bán Căn hộ chung cư tại Đường Đại Cồ Việt']","
MỞ BÁN CĂN HỘ A1 ĐẠI CỒ VIỆT - TRẦN KHÁT CHÂN - HAI BÀ TRƯNGLiên Hệ Trường Chủ Đầu Tư Để Mua Nhà Giá Gốc 0971846***Tòa nhà nằm trung tâm quận, đi lại thuận tiện giữa các quận, gần công viên Chung cư gần chợ, siêu thị, trường học. Thang bộ thang máy phòng cháy chữa cháy đầy đủ. Về ở được ngay Giá bán: 600tr - 650tr - 750tr - 800tr - 900tr - HƠN 1 tỷ Diện tích: 35m2 - 48m2 - 50m2 - 55m2 - 58m2  - 65m2. Nội thất: Sàn gỗ, tủ bếp, trần thạch cao, thiết bị vệ sinh, bình nóng lạnh, đèn Led. Tòa nhà thiết kế tầng 1 để xe, tầng trên cùng là tầng tum sân phơi chung còn lại là các tầng căn hộ, có đầy đủ hệ thống phòng cháy chữa cháy tự động, an ninh tòa nhà bảo vệ chuyên nghiệp Liên hệ trực tiếp chủ đầu tư để mua nhà
",Căn hộ,,,1.0,1.0,1.0,1.0,1.0,1.0,1.0,1.0,1.0,1.0,1.0,1.0,1.0,1.0, 07/11/2023,05/12/2023,Bán,1539882,2,Đông,8,Có,Có,,
"
Bán nhà riêng Quận Tây Hồ - 42m2 * 4 tầng, đẹp, đủ công năng, dọn ở ngay đón Tết
","
4,8
Tỷ ","
42
m2
","['Hà Nội', 'Quận Tây Hồ', 'Mua bán Nhà riêng tại Phường Bưởi']","
💥Chủ nhờ bán căn nhà quận Tây Hồ 42m2 * 4 tầng, mặt tiền 4.2m, xây vài năm vẫn như mới, khách mua về ở ngay💥Thiết kế:👉Tầng 1: Phòng khách nhà để xe.👉Tầng lửng: Nhà ăn, Phòng bếp, VS.👉Tầng 2: 1 phòng ngủ khép kín và 1 phòng ngủ nhỏ.👉Tầng 3: 1 phòng khép kín, sân để máy giặt.👉Tầng 4: Phòng thờ, sân phơi Giá bán 4.8 tỷ,Sổ đỏ sẵn sàng giao dịch.☎️ 0963443***
",Nhà riêng,Sổ đỏ,,1.0,1.0,1.0,1.0,1.0,1.0,1.0,1.0,1.0,1.0,1.0,1.0,1.0,1.0, 07/11/2023,05/12/2023,Bán,2617078,,,,,,,
"
Bán nhà mặt phố -thuỵ khuê- tây hồ 39m l 6 tầngthang máy lgiá 18 tỷ
-thang máy
","
18
Tỷ ","
40
m2
","['Hà Nội', 'Quận Tây Hồ', 'Mua bán Nhà mặt phố tại đường Thụy Khuê']","

Diện tích 39m l 6 tầng l mặt tiền3.8m giá 18 tỷ 

1. Mô tả 
+ Mặt phố đắc địa - Kinh doanh sầm uất 
+ Vị trí ngay đầu Phố cực kỳ sầm uất, vỉa hè rộng, kinh doanh đa dạng.

2. Thiết kế : 
+ Nhà 6 tầng thang máy mới long lanh, 
+ cầu thang cuối mỗi tầng 1 Phòng, 
+ hiện cho bên Thời Trang thuê tầng 1 giá 12 Triệu/Tháng.

3. Pháp lý 
- Đoạn này quy hoạch đã ổn định, đầy đủ GPXD, thiết kế, sổ đỏ nở hậu tuyệt đẹp.
- Phân khúc mặt phố hiếm, vừa tiền nhiều Khách săn đón.

4 . Liên hệ xem nhà : 
",Nhà mặt phố,Sổ đỏ,,,,,,,,,,,,,,,, 07/11/2023,05/12/2023,Bán,2617039,5,,,,,,
"
Bán Đất DV Vân Canh Khu 25.2 Ha, Đường 11M, Vỉa Hè, Cạnh KĐT An Lạc, DT 85m. Giá 6.05 Tỷ.
","
6,05
Tỷ ","
85
m2
","['Hà Nội', 'Huyện Hoài Đức', 'Mua bán Đất tại Đường Vân Canh']","
 +  Vị trí rất đẹp nằm trong khu đất dịch vụ Vân Canh 25.2ha, đường 11m, gần giáp đường 70 ( Xuân Phương đang mở rộng) nối đường 3.5 sắp thông xe, cạnh khu đô thị An Lạc, ĐH Vân Canh, Foresa Xuân Phương, KĐT Viglacera Xuân Phương hưởng trọn tiện ích hạ tầng giao thông đã hoàn chỉnh. Đi Mỹ Đình mất 15 phút.+ Thửa đất vuông vắn, mặt tiền rộng hơn 6m, phân lô, vỉa hè, đường trước nhà rộng 11m. Khách mua về xây nhà và ở luôn xung quanh các nhà đã xây về ở nhiều rồi.+ Chủ cần bán nhanh lấy tiền đầu tư kinh doanh.+ Sổ đỏ chính chủ, thương lượng cho khách có thiện trí. + Liên hệ :E Nam  để được tư vấn miễn phí và xem đất 24/7. 
",Đất,Sổ đỏ,,,,,,,,,,,,,,,, 07/11/2023,05/12/2023,Bán,2617002,,,,,,,
"
1.78 tỷ - Nhà Lĩnh Nam 20m x 4 tầng - Sổ đỏ - Tặng nội thất
","
1,78
Tỷ ","
20
m2
","['Hà Nội', 'Quận Hoàng Mai', 'Mua bán Nhà riêng tại Đường Lĩnh Nam']","
Chỉ 1.78 tỷ - Nhà Lĩnh Nam 20m x 4 tầng - Sổ đỏ - Tặng nội thất - Thiết kế : 2 phòng ngủ , 1 phòng thờ , 4 wc , 1 sân phơi , có tum lên tầng 5 - Ngõ cực nông , dân trí cao , an sinh đỉnh Liên hệ em Nam - ( chỉ bán nhà đẹp , không bán nhà xấu )
",Nhà riêng,,,,,,,,,,,,,,,,, 07/11/2023,05/12/2023,Bán,2616981,,,,,,,
"
Bán nhà giảng võ, 36m2, 4 tầng, mặt tiền 5m, oto, 6.2 tỷ.
","
6,2
Tỷ ","
36
m2
","['Hà Nội', 'Quận Ba Đình', 'Mua bán Nhà riêng tại Phố Giảng Võ']","
MẶT NGÕ Ô TÔ TRÁNH - KINH DOANH - CÁCH MẶT PHỐ GIẢNG VÕ 15M.+ Vị trí quá tuyệt vời, phân khúc nhỉnh 6 tỷ, ngõ ô tô, kinh doanh, gần mặt phố. + Gần Láng Hạ và La Thành, giao thông thuận tiện, tiếp giáp giữa Ba Đình và Đống Đa, khách đuổi không hết.

+ Nhà chủ tự xây đã cũ nhưng khung chột chắc chắn.  +Hiện đang cho thuê cả nhà để kinh doanh với giá ưu đãi 10 triệu/tháng. + Hỗ trợ xem nhà miễn phí. 
",Nhà riêng,Sổ đỏ,,,,,,,,,,,,,,,, 07/11/2023,05/12/2023,Bán,2616984,3,,,,,,
"
Bán Nhà Phố Vân Hồ_Kề Bên Công Viên Thống Nhất_Lô Góc_Ngõ Nông Rộng_37m / 4 Tầng_Giá 5 Tỷ2
","
5,2
Tỷ ","
37
m2
","['Hà Nội', 'Quận Hai Bà Trưng', 'Mua bán Nhà riêng tại Đường Vân Hồ III']","
+ Nhà phố Vân Hồ 3, ngõ rộng và sạch đẹp, ô tô đỗ cách nhà 30m, đi bộ vài phút sang Công Viên Thống Nhất, đối diện ĐH Bách Khoa, vài trăm mét tới VinCom Bà Triệu, tiện ích ngút ngàn, an sinh cực đỉnh.+ Nhà lô góc, diện tích 37m2, mặt tiền rộng 7m, vô cùng thoáng sáng, xây 4 tầng khung cột bê tông kiên cố, nội thất đẹp, đầy đủ công năng sử dụng.+ Sổ riêng chính chủ, pháp lý chuẩn, giao dịch ngay.+ Giá chào 5 tỷ 200 (Có thương lượng cho khách thiện chí)Liên hệ ngay 036-587-22***để giao dịch chính chủ (Miễn trung gian).
",Nhà riêng,Sổ đỏ,,1.0,1.0,1.0,1.0,1.0,1.0,1.0,1.0,1.0,1.0,1.0,1.0,1.0,1.0, 07/11/2023,05/12/2023,Bán,2616973,,,,,,,
"
Bán nhà Yên Nghĩa, Hà Đông, Nhà Mới, 51m2 x 5 Tầng, Giá 2.35 Tỷ
","
2,35
Tỷ ","
51
m2
","['Hà Nội', 'Quận Hà Đông', 'Mua bán Nhà riêng tại Đường Hòa Bình']","
Chủ nhà gửi bán. Nhà thuộc phường Yên Nghĩa, hà đông, cạnh kdt Đô Nghĩa, cuối đường Tố Hữu, đại học phennika, bệnh viện nhi đồng, vành đai 4, bến xe yên nghĩa. Công viên âm nhạc đô nghĩa+ Ô TÔ ĐỖ CỔNG.+ Tầng 1: Phòng khách, Bếp WC+ Tầng 2, 3 mỗi tầng 2 PN, WC+ Tầng 4: Phòng thờ sân Phơi.+ Tầng 5: Tum chống nóng.+ Khu vực đang phát triển mạnh từng ngày .+ SỔ ĐỎ SẴN SÀNG GIAO DỊCH+ Lh em Tâm ( thổ cư hà đông )+ 0387284***
",Nhà riêng,Sổ đỏ,,1.0,1.0,1.0,1.0,1.0,1.0,1.0,1.0,1.0,1.0,1.0,1.0,1.0,1.0, 07/11/2023,05/12/2023,Bán,2616928,,,,,,,
"
Bán căn hộ tại khu đô thị văn khê , sổ đỏ chính chủ, full nội thất, gia chủ làm ăn có lộc
","
2,5 - 2,6
Tỷ ","
85,3
m2
",['Mua bán Căn hộ chung cư  Khu đô thị Văn Khê'],"
Đô thị văn khê đã về rồi đây mọi người ơi+, Căn 3 ngủ, 2 vệ sinh diện tích 85,3m. Cửa hướng đông, ban công hướng tây. Full nội thất gồm tivi, tủ lạnh, 3 điều hoà, giường tủ sofa bàn ghế ăn như ảnh.+, Giá chỉ từ 2.5x tỷ-> Liên hệ em để sở hữu căn hộ ưng ý: 0974091***
",Căn hộ,Sổ đỏ,Đông,1.0,1.0,1.0,1.0,1.0,1.0,1.0,1.0,1.0,1.0,1.0,1.0,1.0,1.0, 07/11/2023,05/12/2023,Bán,2616815,,,,,,,
"
Chủ nhà gửi bán căn Biệt thự Góc đẹp nhất Vinhomes Gardenia 286m2 đẹp nhất dự án.
","
Thỏa thuận
","
286
m2
","['liền kề  Khu đô thị Vinhomes Gardenia', 'Mua bán Nhà biệt thự']","
Chủ nhà gửi bán căn Biệt thự Góc đẹp nhất Vinhomes Gardenia 286m2 đẹp nhất dự án.Bán gấp căn biệt thự siêu hot - giá siêu đẹp có 102.- nằm trong khu đô thị khép kín- Bảo vệ 24/24- Diện tích 286m².- xây 4tầng.- Vì là căn góc nên mặt tiền siêu rộng- Giá bán thương lượng!- Pháp lý chuẩn,sổ sẵn sang giao dịch.Giá rẻ hơn thị trường cơ hội khách thiện trí.Liên hệ Em Đức Giang 0922630*** – Chuyên bán biệt thự Mỹ Đình để lựa chọn căn nhà đẹp nhất với giá tốt nhất thị trường.( Có nhận ký gửi của khách hàng có nhu cầu chuyển nhượng)Cảm ơn quý khách đã đọc tin!
","Nhà biệt thự, liền kề",,,,,,,,,,,,,,,,, 07/11/2023,05/12/2023,Bán,2616730,,,,,,,
"
chủ nhà gửi bán gấp căn 3PN – 110M2 đẹp nhất dự án CT8- The Emerald giá chỉ 5 TỶ LH:0922630***
","
5
Tỷ ","
110
m2
",['Mua bán Căn hộ chung cư  The Emerald CT8 Mỹ Đình'],"
chủ nhà gửi bán gấp căn 3PN – 110M2 đẹp nhất dự án CT8- The Emerald giá chỉ 5tỷ LH:0922630***Với giá 5 tỷ bạn sẽ sở hữu ngôi nhà có vị trí đắc địa trung tâm Mỹ Đình.- Gần ngay công viên, sân vận động Mỹ Đình và có 3 hầm để xe không lo chỗ để ô tô.- Xung quanh đầy đủ các trường mầm non, tiểu học, THCS, THPT.Thông số chi tiết:- Diện tích 110m² tim tường và 99.2 m2 thông thủy- Thiết kê 3PN + 2WC- Ban công cực mát, view thoáng đẹp.- Nhà thiết kế Full nội thất cao cấp khách hàng sẵn sách villa vào ở.Với vị trí đắc địa, không gian sống thoáng mát và tiện ích đầy đủ, có cả bể bơi và khuôn viên nội khu, đây là cơ hội tuyệt vời để bạn sở hữu một ngôi nhà ấm cúng, tiện nghi và đầy đủ tiện ích.Liên hệ Em Đức Giang 0922 630 6***để lựa chọn căn nhà đẹp nhất với giá tốt nhất thị trường. (Có nhận ký gửi của khách hàng có nhu cầu chuyển nhượng).Cảm ơn khách hàng đã đọc tin!
",Căn hộ,,,,,,,,,,,,,,,,, 07/11/2023,05/12/2023,Bán,2616729,,,,,,,
"
chủ nhà gửi bán gấp căn 3PN Góc đẹp nhất dự án CT8- The Emerald giá chỉ 4.x tỷ LH:0922630***
","
4,5
Tỷ ","
86
m2
",['Mua bán Căn hộ chung cư  The Emerald CT8 Mỹ Đình'],"
chủ nhà gửi bán gấp căn 3PN Góc đẹp nhất dự án CT8- The Emerald giá chỉ 4.x tỷ LH:0922630***Với giá 4,X ( X tiểu học thôi ạ) tỷ bạn sẽ sở hữu ngôi nhà có vị trí đắc địa trung tâm Mỹ Đình.- Gần ngay công viên, sân vận động Mỹ Đình và có 3 hầm để xe không lo chỗ để ô tô.- Xung quanh đầy đủ các trường mầm non, tiểu học, THCS, THPT.Thông số chi tiết:- Diện tích 86m²tim tường và 80m2 thông thủy.- Thiết kê 3PN + 2WC- Ban công mát mẻ view nội khu, view thoáng đẹp.- Nhà thiết kế Full nội thất cao cấp khách hàng sẵn sách villa vào ở.Với vị trí đắc địa, không gian sống thoáng mát và tiện ích đầy đủ, có cả bể bơi và khuôn viên nội khu, đây là cơ hội tuyệt vời để bạn sở hữu một ngôi nhà ấm cúng, tiện nghi và đầy đủ tiện ích.Liên hệ Em Đức Giang 0922 630 6***để lựa chọn căn nhà đẹp nhất với giá tốt nhất thị trường. (Có nhận ký gửi của khách hàng có nhu cầu chuyển nhượng).Cảm ơn khách hàng đã đọc tin!
",Căn hộ,,,,,,,,,,,,,,,,, 07/11/2023,05/12/2023,Bán,2616728,,,,,,,
"
Cần tiền mua nhà thấp tầng bán 2 căn hộ đang cho thuê dòng tiền rất ổn. Lh 0931722***
","
3,6 - 4,2
Tỷ ","
60 - 83
m2
",['Mua bán Căn hộ chung cư  Hacinco Complex (Hà Nội Center Point)'],"
1. Căn 60m2 2 ngủ 1 vệ sinh2. Căn 83m2 3 ngủ 2 vệ sinhCó slot ô tôĐể lại nội thấtLiên hệ xem nhà
",Căn hộ,,,,,,,,,,,,,,,,, 07/11/2023,21/11/2023,Bán,2616679,,,,,,,
"
Bán nhà liền kề bồ đề long biên - Hà Nội diện tích 114m2 giá 26Tỷ
","
26
Tỷ ","
114
m2
","['Hà Nội', 'Quận Long Biên', 'liền kề tại Đường Lâm Hạ', 'Mua bán Nhà biệt thự']","
Mua Liền kề để ở hoặc đầu tư sinh lời cao và giữ giá trị dòng tiền vị trí  trung tâm quận Long Biên - gần bệnh viện Tâm Anh và công viên Bồ Đề.Liền kề phố Bồ Đề - Cách phố cổ 10p đi xe.Diện tích đất trong sổ: 114m2.Xây dựng cao 6 tầngMặt tiền rộng: 6m.Hướng nhà Đông NamLiên hệ xem nhà gặp Mr Thiện: 0911339***.- Vị trí đẹp ngay cổng bệnh viện Tâm Anh, cạnh nhà hàng Bồ Đề Gold, gần trường quốc tế Wellspring.- Khu vực VIP dân trí toàn cán bộ cấp cao, cư ngụ chính giữa trung tâm quận Long Biên.- Thích hợp ở hưởng thụ, kinh doanh mọi loại hình từ phòng khám, nha khoa, cà phê, siêu thị, văn phòng...Sổ  đỏ chính chủ, phân lô, sẵn sàng giao dịch nhận nhà luôn. 
","Nhà biệt thự, liền kề",Sổ đỏ,Đông-Nam,,,,,,,,,,,,,,, 07/11/2023,21/11/2023,Bán,2139214,,,,,,,
"
Bán gấp biệt thự song lập The Diamond Point, Phúc Đồng, Long Biên - Diện tích 135m2
","
24,5
Tỷ ","
135
m2
","['liền kề  The Diamond Point', 'Mua bán Nhà biệt thự']","
Chuyển nhượng suất ngoại giao đẹp nhất Biệt thự song lập tại dự án The Diamond Point (khu đấu giá C14 Phúc Đồng, Long Biên, Hà Nội. )+ Diện tích: 135m2 mặt tiền 7,5m vuôn vắn hướng Tây - Nam.+ Nằm trong dự án The Diamond Point đang xây dựng 4 tầng+ Đường rộng 13m có vỉa hè rộng đối diện sát KĐT Vinhomes Riverside.+ Tích hợp xây dựng hệ thống tiến ích được quy hoạch như:Trường mầm non, trường cấp 1, cấp 2 và cấp 3. Hệ thống sân thể thao, khu vui chơi trẻ em, khu vườn dạo bộ, thiết kế không gian cây xanh tạo không gian an lành...+ Khu vực mới nên được quy hoạch hệ thống cơ sở hạ tầng đồng bộ và bài bản. Hệ thống tiện ích được xây dựng và phát triển theo không gian sống sanh sạch đẹp. Cùng hệ thống các tòa nhà chung cư cao cấp hiện đại thiết kế sang trọng. Tạo nên một quần thể cư dân tri thức ,phong cách hiện đại và sống văn minh.
","Nhà biệt thự, liền kề",,,,,,,,,,,,,,,,, 07/11/2023,21/11/2023,Bán,1770213,4,,4,,,12m,"7,5m"
"
Đơn lập khu khép kín Ngọc Trai, 288m2 Đông Nam giá 5x tỷ Vin Gia Lâm 0985 941***
","
55
Tỷ ","
288
m2
","['liền kề  Vinhomes Ocean Park', 'Mua bán Nhà biệt thự']","
Đơn lập khu Vip Ngọc Trai Vin Gia Lâm.Diện tích đất 288m²Mặt tiền 16mDiện tích xây dựng 137 m²/sànTổng xây dựng 418m²Hướng Đông NamSố tầng 3.5 tầngTình trạng bàn giao thô hoàn thiện mặt ngoàiPháp lý đã có sổ đỏ.Gía bán: 55 tỷ (có thương lượng)Chi tiết xin liên hệ 0985 941 ***(Mr Hùng).Vị Trí:Biệt thự đơn lập Ngọc Trai sở hữu một vị trí đẹp, thông thoáng, trên tuyến phố Ngọc Trai; một con phố nhỏ, yên bình ở đảo lớn Ngọc Trai, được bao quanh bởi hệ thống sông sinh thái cùng công viên cây xanh và đường dạo bộ ngắm cảnh.Sẵn có lợi thế của Ngọc Trai ở tọa độ vàng, trung tâm của Vinhomes Ocean Park đem lại cho nơi đây khả năng kết nối giao thông thuận tiện, đa chiều đi các hướng.Kế cận biệt thự là hệ thống tiện ích nội khu đầy đủ, đẳng cấp, và đặc biệt dành riêng cho các Quý chủ nhân Ngọc Trai như bể bơi 4 mùa mái kính, bể bơi resort ngoài trời, vườn nướng BBQ bên hồ, công viên gym, đường chạy bộ ven sông...Mô tả chi tiết:Biệt thự Ngọc Trai có vị trí thông thoáng, hướng mát, diện tích lớn, mặt tiền rộng rãi trong một con phố nhỏ yên tĩnh nên rất phù hợp để ở.Hơn thế nữa, Ngọc Trai là tiểu khu VIP, khép kín, an ninh 24/7 với hệ thống tiện ích vô cùng đầy đủ - đẳng cấp đặc biệt dành riêng cho cư dân nơi đây.Tất cả những lợi thế đó biến Ngọc Trai trở thành nơi chốn lý tưởng cho các Quý chủ nhân thượng lưu muốn tận hưởng, trải nghiệm không gian sinh thái biển hồ xanh mát trên ốc đảo nghỉ dưỡng đẳng cấp bậc nhất Vinhomes Ocean Park.Với đơn giá hiện tại rất tốt nên tiềm năng tăng giá rất lớn trong tương lai không xa, biệt thự đơn lập Ngọc Trai này là một sự lựa chọn tuyệt vời để an cư cũng như đầu tư.
","Nhà biệt thự, liền kề",Sổ hồng,Đông-Nam,,,,,,,,,,,,,,, 07/11/2023,05/12/2023,Bán,2616500,,,,,,,
