Title,Price,Area,Address,Gen_descrip,Loại hình,Bình nóng lạnh,Máy hút mùi,Tủ bếp,Bàn ăn,Kệ TV,Tủ trang trí,Giường ngủ,Bàn phấn,Tủ quần áo,Bồn tắm,Vòi hoa sen,Bồn cầu,Bồn rửa mặt,Bàn ghế P.khách,Ngày đăng,Ngày hết hạn,Loại tin,ID tin,Tình trạng pháp lý,Hướng nhà,Đường vào,Mặt tiền,Số tầng
"
Bán căn 2 ngủ, 2vs, 66m2, nhà đẹp lung linh, chung cư HH4 Linh Đàm, 1,7 tỷ về ở
","
1,7
Tỷ ","
66
m2
",['Mua bán Căn hộ chung cư  HH4 Linh Đàm'],"
Chung cư Linh Đàm Cây xanh Hồ nước vây quanh, anh ninh dân trí cao, tiện ích đáng sống, vị trí đắc địa, giao thông thuận lợi, phong thủy đẹp vô cùng.Chung cư Linh Đàm Cây xanh Hồ nước vây quanh, anh ninh dân trí cao, tiện ích đáng sống, vị trí đắc địa, giao thông thuận lợi, phong thủy đẹp vô cùng.Căn 2 ngủ, 2vs, 66m2, full nội thất, tầng trung, view đẹp, chung cư HH4 Linh Đàm, có cho vay ngân hàng, hôc trợ thủ tục sang tên miễn phí, gọi ngay cho người đăng bài để xem nhà và thương lượng trực tiếp.
",Căn hộ,1.0,1.0,1.0,1.0,1.0,1.0,1.0,1.0,1.0,1.0,1.0,1.0,1.0,1.0, 07/11/2023,05/12/2023,Bán,2616435,,,,,
"
Đơn lập Hải Âu 1 đối diện quảng trường, hoàn thiện nội thất cao cấp 81 tỷ Vin Gia Lâm 0985 941***
","
81,8
Tỷ ","
288
m2
","['liền kề  Vinhomes Ocean Park', 'Mua bán Nhà biệt thự']","
Biệt thự đơn lập mặt hồ HA1 đối diện Quảng Trường Vinhomes Ocean Park Gia Lâm.Diện tích 288m², mặt tiền 14mXây dựng 110m²/sànHướng Tây tứ mệnhĐã hoàn thiện đẹp chi phí hết 11 tỷ, đang có hợp đồng cho thuê 60 triệu/thángToàn bộ các căn xung quanh đã đi hoàn thiện đang ở và kinh doanh đông đúcGía bán 81.8 tỷ (có thương lượng)Chi tiết xin liên hệ xem nhà 0985941*** (Mr Hùng)Vị trí:- Năm trên trục đường mặt hồ HA01, đối diện là quảng trường Cá Voi và giữa trung tâm của Hồ Ngọc Trai 24.5ha và biển nước mặn 6.1ha.- View biển 180 độ nhìn đâu cũng biển cát trắng, vị trí đẹp nhất dự án chính giữa hồ 24ha, view thẳng ra cánh buồm giữa hồ Ngọc Trai.- Trước nhà là lối vào Hồ cát trắng rất tiện, tha hồ ngồi ngắm biển như Resort Nha Trang.- Ước mơ ngủ dậy là thấy cát trắng thấy hàng dừa, thấy biển nhân tạo tại HN sẽ thành hiện thực.- Nằm trên trục đường HA01, trục chính của Vinhomes OCP1, dãy phố nhà hàng cafe.
","Nhà biệt thự, liền kề",1.0,1.0,1.0,1.0,1.0,1.0,1.0,1.0,1.0,1.0,1.0,1.0,1.0,1.0, 07/11/2023,05/12/2023,Bán,2616402,Sổ hồng,Tây-Bắc,,,
"
Shophouse sổ đỏ lâu dài mặt tiền 7.5m, xây 397m2 mặt đường 30m giá 2x tỷ Vin Gia Lâm (0985941***)
","
29,2
Tỷ ","
112
m2
",['Mua bán Nhà phố thương mại Shophouse  Vinhomes Ocean Park'],"
Shophouse sổ đỏ lâu dài mặt đường 30m tại Vin Gia LâmDiện tích đất 112m², mặt tiền 7.5mDiện tích xây dựng 97.1m²/sàn (Tổng xây 397.2m²)Hướng Đông Bắc.Đã hoàn thiện full nội thất cao cấp tổng chi phí hết 7 tỷGiá bán 29.1 tỷVị trí: Đối diện là công viên, trường liên cấp, kế bên là nhà để xe 5 tầng. Nằm trên trục đường đường 2 chiều 30m, vỉa hè 6.5m kết nối giữa khu cao tầng đẳng cấp với TTTM VinCom.Chi tiết xin liên hệ 0985 941***(Mr Hùng).
",Nhà phố thương mại Shophouse,1.0,1.0,1.0,1.0,1.0,1.0,1.0,1.0,1.0,1.0,1.0,1.0,1.0,1.0, 07/11/2023,05/12/2023,Bán,2616395,Sổ hồng,Đông-Bắc,,,
"
Bán Toà Dòng tiền HOàng Quốc Việt- 78m2x6Tầng,Thang Máy! 20 phòng! Giá 14 Tỷ
","
14
Tỷ ","
78
m2
","['Hà Nội', 'Quận Cầu Giấy', 'Mua bán Nhà riêng tại Đường Hoàng Quốc Việt']","
GÀ ĐẺ TRỨNG VÀNG-DÒNG TIỀN KHỦNG KHIẾP 100 TRIỆU/THÁNG! THIÊN ĐƯỜNG CHO THUÊ! HOÀNG QUỐC VIỆT! -Dòng tiền Siêu đỉnh 10%/năm! Mỗi tháng thu nhập Thụ Động 100 triệu/tháng! TIỀN TỰ ĐỘNG CHẢY VỀ TÚI KHI NGỦ. _ Khu vực tập trung cục nhiều cư dân, sinh viên,các trường ĐH lớn,KHÔNG BAO GIỜ TRỐNG PHÒNG. - Nhà xây dựng 2023, đầy đủ GPXD,hệ thống PCCC,an ninh tuyệt đối,cửa ra vào vân tay,cửa phòng cửa từ. THANG MÁY NHẬP KHẨU-CHẠY VÈO VÈO. Phòng nào cũng có ban công thoáng mát.. TẦNG 1: ĐỂ XE TẦNG 2-6: MỖI TẦNG 4 PHÒNG. SỔ ĐỎ CHÍNH CHỦ. PHÁP LÝ CHUẨN. GIÁ 14 TỶ ( CÓ THƯƠNG LƯỢNG) LIÊN HỆ XEM NHÀ MIỄN PHÍ EM CƯỜNG
",Nhà riêng,1.0,1.0,1.0,1.0,1.0,1.0,1.0,1.0,1.0,1.0,1.0,1.0,1.0,1.0, 07/11/2023,05/12/2023,Bán,2616372,Sổ đỏ,,,,
"
Bán Toà Dòng tiền Quan HOa,53m2x6Tầng, 15 phòng! Giá 10 Tỷ
","
10
Tỷ ","
53
m2
","['Hà Nội', 'Quận Cầu Giấy', 'Mua bán Nhà riêng tại Đường Quan Hoa']","
HÀNG HIẾM CẦU GIẤY! CỰC KHÓ TÌM TRONG PHÂN KHÚC 10 TỶ ! GÀ ĐẺ TRỨNG VÀNG-CỖ MÁY IN TIỀN 70 TRIỆU/THÁNG! THANG MÁY! NHÀ MỚI XÂY 2023!!! + CỰC HIẾM! Toạ lạc tại thiên đường cho thuê- không bao giờ trống phòng, khách thuê cực đông đuổi không hết! Khu vực tập trung cực nhiều sinh viên,người lao động!! + Ngõ rộng 3 gác đỗ cửa! + Nhà thiết kế tối ưu dòng tiền,tổng 15 phòng khép kín cho thuê, đầy đủ nội thất: Điều hoà,nóng lạnh,giường tủ,bàn ghế,hút mùi... KHÁCH CHỈ VIỆC XÁCH VALI ĐẾN Ở! THIẾT KẾ: Tầng 1: ĐỂ XE TẦNG 2-6: MỖI TẦNG 3 PHÒNG KHÉP KÍN. SỔ ĐỎ CHÍNH CHỦ-PHÁP LÝ CHUẨN. GIÁ 10 TỶ ( CÓ THƯƠNG LƯỢNG). Liên hệ XEM NHÀ MIỄN PHÍ EM CƯỜNG
",Nhà riêng,1.0,1.0,1.0,1.0,1.0,1.0,1.0,1.0,1.0,1.0,1.0,1.0,1.0,1.0, 07/11/2023,05/12/2023,Bán,2616361,Sổ đỏ,,,,
"
Bán nhà phố Full đồ 4 tầng shophouse chân đế tại Eurowindow River Park Đông Anh, giá 6.2Tỷ
","
6,2
Tỷ ","
177
m2
",['Mua bán Nhà phố thương mại Shophouse  Euro River Park'],"
Dự án Eurowindow River Park giá chỉ 6.2 tỷ ở ngay Full đồ - tầng 1 đang cho thuê kinh doanh 10 triệu/ tháng Cách Phố Cổ, Hoàn Kiếm chỉ có 15 phút di chuyển.Diện tích thông thủy 177m2, Thiết kế 4 tầng bàn giao Full đồ nội thất cao cấp.Căn shophouse có 4 phòng ngủ và 4 nhà vệ sinh.Tiện ích cao cấp với bể bơi trên cao, shophouse, gym, sảnh tiếp khách cao cấp, cafe, siêu thị.. V.. V.Vị trí kết nối đường quốc lộ 5 vào trung tâm phổ cổ chỉ 10 phút di chuyển và đi các tỉnh phía bắc hà nội thuận tiện.Đăng ký xem nhà và gặp trực tiếp chủ nhà để đàm phán giá: 09 1133 9***.
",Nhà phố thương mại Shophouse,1.0,1.0,1.0,1.0,1.0,1.0,1.0,1.0,1.0,1.0,1.0,1.0,1.0,1.0, 07/11/2023,21/11/2023,Bán,2616359,,Đông-Nam,,,
"
Đơn lập vip Ngọc Trai hơn 300m2 full nội thất cao cấp giá 60.86 tỷ Vin Gia Lâm (0985941***)
","
60,86
Tỷ ","
309
m2
","['Hà Nội', 'Huyện Gia Lâm', 'liền kề tại Thị trấn Trâu Quỳ', 'Mua bán Nhà biệt thự']","
Đơn lập hoàn thiện nội thất khu vip Ngọc Trai Vin Gia Lâm.Diện tích đất 309.1m².Mặt tiền 16m.Diện tích xây dựng 137.2 m²/sàn (3.5 tầng).Tổng xây dựng 441.3m².Hướng Tây Tứ Mệnh.Pháp lý đã có sổ đỏ.Giá bán: 60.86 tỷ (có thương lượng).Chi tiết xin liên hệ 0985 941*** (Mr Hùng)Tình trạng hoàn thiện full nội thất cao cấp với:- Tầng 1 gồm phòng khách, bếp, phòng vệ sinh, thang máy.- Tầng 2 gồm phòng ngủ master, phòng thay đồ, phòng làm việc, phòng giải trí.- Tầng 3 gồm 3 phòng ngủ master.- Tầng 4 gồm phòng thờ, nhà kho.Nằm trong khu khép kín an ninh 24/7 ra vào có chốt kiểm soát ra vào cổng. Tiện ích nội khu đẳng cấp như bể bơi 4 mùa mái kính, bể bơi resort ngoài trời, vườn nướng BBQ bên hồ, công viên thể thao, đường chạy bộ ven sông... Và chỉ dành riêng tới Qúy cư dân Ngọc Trai. Sở hữu căn biệt thự tại đây Qúy chủ nhân được sở hữu một môi trường sống xanh, sạch, tiện nghi và an toàn.
","Nhà biệt thự, liền kề",1.0,1.0,1.0,1.0,1.0,1.0,1.0,1.0,1.0,1.0,1.0,1.0,1.0,1.0, 07/11/2023,21/11/2023,Bán,2616360,Sổ hồng,Tây-Bắc,,,
"
Ban nha BạchMai -Hai Bà Trưng, 23m2*4T, nhỉnh 2tỷ.
","
2,9
Tỷ ","
23
m2
","['Hà Nội', 'Mua bán Nhà riêng tại Quận Hai Bà Trưng']","
20M RA PHỐ - 3 NGỦ - HAI MẶT THOÁNG - ĐẦY ĐỦ CÔNG NĂNG - BẠT NGÀN TIỆN ÍCH+ Tầng 1: Chỗ để xe, Phòng khách, bếp, WC.+ Tầng 2,3 : 2 phòng và WC ngoài.,+ Tầng 4: Ngăn được 1 phòng nhỏ, phòng thờ, sân phơi.+ Hiện đang cho thuê cả nhà.📕Sổ đỏ chính chủ sẵn sàng giao dịch.
",Nhà riêng,,,,,,,,,,,,,,, 07/11/2023,05/12/2023,Bán,2616350,Sổ đỏ,,,,
"
Bán căn hộ 2PN Vinhomes Smart City, Nam Từ Liêm, giá 2.38 tỷ, Lh 0903.251.3***để xem nhà
","
2,38
Tỷ ","
59
m2
","['Hà Nội', 'Quận Nam Từ Liêm', 'Mua bán Căn hộ chung cư tại Phường Tây Mỗ']","
Căn hộ thuộc khu S1, view thoáng mát, nhận nhà ở ngay, sổ đỏ trao tay.Căn hộ 2 phòng ngủ  diện tích tim tường 59m2, thông thuỷ 55m2 tại Vinhomes Smart City được thiết kế hiện đại, thông thoáng và tiện nghi. Căn hộ có diện tích 55m2 bao gồm 2 phòng ngủ, 1 phòng khách, 1 nhà bếp và 1 phòng tắm thông minh. Căn hộ được trang bị đầy đủ nội thất cao cấp và tiện nghi như sàn gỗ, điều hòa, tủ bếp, bếp từ, máy hút mùi, thiết bị vệ sinh cao cấp.Vinhomes Smart City là một khu đô thị hiện đại với đầy đủ các tiện ích như hồ bơi, sân tennis, sân bóng rổ, khu vui chơi trẻ em, khu BBQ, khu vườn treo… Ngoài ra, khu căn hộ còn có vị trí thuận lợi di chuyển đến văn công sở, văn phòng, trường học tại Cầu Giấy, Thanh Xuân, Đống Đa, Mỹ Đình,...Liên hệ xem nhà: 090.325.1*** 
",Căn hộ,1.0,1.0,1.0,1.0,1.0,1.0,1.0,1.0,1.0,1.0,1.0,1.0,1.0,1.0, 01/11/2023,29/11/2023,Bán,2604824,,,,,
"
Bán nhà BạchMai - Hai Bà Trưng, 35m2*5tầng, nhỉnh 3tỷ
","
3,35
Tỷ ","
35
m2
","['Hà Nội', 'Mua bán Nhà riêng tại Quận Hai Bà Trưng']","
TRUNG TÂM HAI BÀ TRƯNG - GẦN CHỢ - Ô TÔ CÁCH 100M - TIỆN ÍCH - NHÀ ĐẸP - CHỦ THIỆN CHÍ - SỔ NỞ HẬU 🥰🥰🥰 Tầng 1: Phòng khách, bếp, Tầng 2,3,4: Mỗi tầng 2 phòng ngủ và WC., Tầng 5: Phòng thờ sân phơi, + Sổ đỏ chính chủ sẵn sàng giao dịch.
",Nhà riêng,,,,,,,,,,,,,,, 07/11/2023,05/12/2023,Bán,2616335,Sổ đỏ,,,,
"
Cần bán căn biệt thự song lập gamuda full đồ đẹp vị trí đắc địa siêu hiếm LH 0977699***
","
40
Tỷ ","
250
m2
","['liền kề  Khu đô thị Gamuda Gardens', 'Mua bán Nhà biệt thự']","
Gia đình cần bán căn biệt thự Song lập gamuda 250m2 full đồ đẹp vị trí đắc địa tại KĐT Gamuda Gardens, Hoàng Mai, Hà NộiDiện tích 250m2 xây 3 tầng hoàn thiện full đồ, tổng  xây 3 sàn 293m2.Gía bán: 40,5 tỷ có thương lượngHướng Đông NamLH chi tiết 0977699*** 
","Nhà biệt thự, liền kề",1.0,1.0,1.0,1.0,1.0,1.0,1.0,1.0,1.0,1.0,1.0,1.0,1.0,1.0, 07/11/2023,05/12/2023,Bán,2616315,Sổ đỏ,Đông-Nam,,,
"
Bán căn nhà phố thương mại gamuda KD 2 mặt vị trí sầm uất 135m2 đất xây 4 tầng Lh 0977.699.***
","
26
Tỷ ","
135
m2
",['Mua bán Nhà phố thương mại Shophouse  Khu đô thị Gamuda Gardens'],"
Cần bán căn nhà phố thương mại rất hiếm khu đô thị gamuda gardens, Hoàng Mai, HNDiện tích 135m2 đất, xây 4 tầng hoàn thiện cơ bản đang cho thuê giá 50tr/tháng.Vị trí sầm uất kinh doanh cả hai mặt, vỉa hè rộng thoáng mát.Gía bán 26 tỷ thiện chí có thương lượng.Lh chi tiết 0977699***
",Nhà phố thương mại Shophouse,1.0,1.0,1.0,1.0,1.0,1.0,1.0,1.0,1.0,1.0,1.0,1.0,1.0,1.0, 07/11/2023,05/12/2023,Bán,2616290,Sổ đỏ,Đông-Nam,,,
"
Căn 2PN 2WC Canopy Vinhomes Smart City giá tốt nhất
","
3,8
Tỷ ","
65
m2
","['Hà Nội', 'Mua bán Căn hộ chung cư tại Quận Nam Từ Liêm']","
BÁN  CĂN HỘ 2PN2WC CANOPY VINHOMES SMART CITY GIÁ TỐT NHẤTVới quần thể rộng lớn, Vinhomes Smart City đáp ứng đầy đủ các nhu cầu trong cuộc sống hàng ngày của cư dân:- Vị trí tâm điểm phía Tây thủ đô Hà Nội, tiếp giáp Đại lộ Thăng Long, Lê Trọng Tấn, đường 72…- Công viên trung tâm: vườn nướng BBQ ngoài trời, hồ điều hòa, bãi cát nhân tạo, khu thể thao, khu vui chơi, …- Vườn Nhật: quảng trường sự kiện, công viên trò chơi, vườn thiền, vườn tre, nhà hàng Nhật, chòi lá, sân vườn đường dạo phong cách Nhật Bản- Trung tâm thương mại Vincom Mega Mall lớn nhất hệ thống Vincom toàn quốc: bể bơi 4 mùa, dòng sông nhân tạo, khu vui chơi, ăn uống…… và hàng trăm công viên lớn nhỏ, shophouse, biệt thự…Khu đô thị Vinhomes Smart City Tây Mỗ, Nam Từ Liêm với đầy đủ tiện ích, pháp lý chuẩn, đã có nhiều tòa bàn giao và có sổ.*** CANOPY là phân khu cao cấp với những ưu điểm nổi bật trong toàn bộ khu đô thị Vinhomes Smart City như:- Vị trí cửa ngõ, thuận tiện kết nối sang các khu vực khác- Gần công viên trung tâm, gần 2 phân khu cao cấp Masteri và Tonkin nên thuận tiện di chuyển để tận hưởng tất cả các tiện ích nội khu chất lượng nhất- Phân khu duy nhất có 2 hầm xe, gần 2 nhà xe nổi nên dễ dàng đỗ xe ô tô và di chuyển- Mật độ xây dựng thấp chỉ 16 căn/sàn, 7 thang máy sẽ giảm thời gian chờ thang trong giờ cao điểm- Tiện ích độc đáo: bể bơi tràn viền chuẩn Singapore, bể sục nóng, vườn thiền…*** CHÍNH SÁCH BÁN HÀNG CANOPY SIÊU TỐT:Giá khoảng từ 58 triệu/m2- Tiến độ thanh toán giãn chỉ 2-5%/1-3 tháng tùy hình thức thanh toán- Chỉ 10% ký hợp đồng mua bán- Hỗ trợ lãi suất 0% từ 24-96 tháng- Hỗ trợ vay từ 45-70%*** CƠ HỘI ĐẦU TƯ LỚN:Hiện tại phân khu cao cấp Canopy mới mở bán từ móng nên giá tốt nhất, chính sách thuận lợi nhất để khách hàng đầu tư sinh lời.*** CANOPY có các loại căn: Studio, 1PN, 2PN, 2PN+1, 3PN và 3PN+1Em đang có căn 2PN 2WC 65m2 dưới 4 tỉ giá rẻ nhất!!!Liên hệ em Hằng 090.222.03***em ở tòa S103 Vinhomes Smart City trực 24/24 ở dự án luôn ạ
",Căn hộ,,,,,,,,,,,,,,, 07/11/2023,14/11/2023,Bán,2616352,,,,,
"
Liền kề khu khép kín Ngọc Trai, 70m2 Đông Nam giá 15.2 tỷ Vin Gia Lâm 0985 941***
","
15,8
Tỷ ","
66
m2
","['liền kề  Vinhomes Ocean Park', 'Mua bán Nhà biệt thự']","
Liền kề Ngọc Trai khu khép kín vip Vin Gia Lâm.Diện tích đất 70.8m².Mặt tiền 5.9m.Diện tích xây dựng 66.6m²/sàn.Tổng xây dựng 261m².Hướng Đông Nam.Số tầng 4.5 tầng.Tình trạng bàn giao thô hoàn thiện mặt ngoài.Pháp lý đã có sổ đỏ.Giá bán: 15.2 tỷ (có thương lượng).Chi tiết xin liên hệ 0985 941*** (Mr Hùng).Vị trí:Liền kề Ngọc Trai có vị trí đẹp, nằm trên tuyến phố Ngọc Trai trong tiểu khu Vip - khép kín Ngọc Trai, được bao quanh bởi diện tích mặt nước quý giá của hồ lớn trung tâm và sông sinh thái.Sẵn lợi thế của Ngọc Trai ở tọa độ vàng, trung tâm của Vinhomes Ocean Park đem lại cho nơi đây khả năng kết nối giao thông thuận tiện, đa chiều đi các hướng.Kế cận căn liền kề là hệ thống tiện ích nội khu đầy đủ, đẳng cấp, và dành riêng cho các Quý chủ nhân Ngọc Trai như bể bơi 4 mùa mái kính, bể bơi resort ngoài trời, vườn nướng BBQ bên hồ, công viên gym - thể thao, đường chạy bộ ven hồ...Mô tả chi tiết:Liền kề Ngọc Trai nằm trong một khu phố yên bình, thông thoáng. Là một căn giá tốt, với tài chính phù hợp cho các quý khách muốn mua để ở.Hơn thế nữa, Ngọc Trai là tiểu khu vip, khép kín, an ninh 24/7 với hệ thống tiện ích vô cùng đầy đủ - đẳng cấp dành riêng cho cư dân nơi đây.Tất cả những lợi thế đó biến căn Liền kề Ngọc Trai trở thành nơi chốn tuyệt vời cho các Quý chủ nhân tinh hoa muốn tận hưởng, trải nghiệm không gian sinh thái biển hồ xanh mát trên ốc đảo nghỉ dưỡng đẳng cấp bậc nhất giữa lòng Hà Nội.Với tầm giá hiện tại thì căn liền kề này có tiềm năng tăng giá rất lớn trong tương lai không xa, liền kề Ngọc Trai này cũng là một sự lựa chọn đầu tư hợp lý.
","Nhà biệt thự, liền kề",,,,,,,,,,,,,,, 07/11/2023,21/11/2023,Bán,1759232,Sổ hồng,Đông-Nam,52m,"5,5m",5
"
Biệt thự nhà vườn 328m2 hoàn thiện nội thất cao cấp giá 63.5 tỷ tại Vin Gia Lâm 0985 941***
","
63,5
Tỷ ","
324
m2
","['liền kề  Vinhomes Ocean Park', 'Mua bán Nhà biệt thự']","
Biệt thự nhà vườn hoàn thiện full nội thất tại Vin Gia Lâm.Diện tích 328m².Mặt tiền 21.5m.Xây dựng 104m²/sàn.Hướng Đông Bắc.Gía bán 63.5 tỷ (có thương lượng).Chi tiết xin liên hệ 0985 941*** (Mr Hùng).Được gia chủ hoàn thiện với nội thất cao cấp xứng tầm với giá trị căn biệt thự với:- Tầng 1 gồm phòng khách, phòng bếp, phòng vệ sinh, 1 phòng ngủ hoặc làm việc.- Tầng 2 gồm 1 phòng master rộng, phòng làm việc, phòng thay đồi, phòng vệ sinh với bồn sục, phòng sông hơi, thiết bị vệ sinh cao cấp.- Tầng 3 gồm 2 phòng ngủ 1 phòng vệ sinh chung và 1 phòng ngủ master, góc đọc sách.- Tầng 4 gồm phòng thờ, sân phơi, sân chơi.Toàn bộ trong nhà được sát sàn gố cap cấp từ cầu thang, sàn, trần, thiết bị điện thông minh được bố trí khoa học hợp lý, thang máy nhập khẩu nguyên chiếc từ Đức.Bên ngoài sân vườn được bố trí tiểu cảnh hợp lý, sang trọng, bể bơi ngoài trời với hệ thống chiếu sáng và thiết bị lọc nước nhập khẩu, ngoài sân rộng có thể để được 3 xe ô tô loại 7 chỗ.Bể cá koi rộng 30m² được bố trí tại góc nhà, từ phòng khách và phòng làm việc có thể ngắm được.Vị trí: Tọa lạc tại phân khu Sao Biển, nằm trên trục đường 30m kết nối trực tiếp tới các tiện ích chính của dự án như tới Biển Nặm chỉ 150m, tới Vincom chỉ 200m, tới Quảng Trường cá voi chỉ 250m.
","Nhà biệt thự, liền kề",1.0,1.0,1.0,1.0,1.0,1.0,1.0,1.0,1.0,1.0,1.0,1.0,1.0,1.0, 07/11/2023,05/12/2023,Bán,2616077,Sổ hồng,Đông-Bắc,,,
"
Bán suất ngoại giao căn góc 3 ngủ 81,4m2 Đông Nam, view hồ Quận Ủy, Long Biên chỉ 2.9 tỷ
","
2,9
Tỷ ","
81,4
m2
","['Hà Nội', 'Quận Long Biên', 'Mua bán Căn hộ chung cư tại Phố Việt Hưng']","
* Chính chủ bán lại suất ngoại giao 3 ngủ đẹp nhất Phương Đông Green Home - trung tâm hành chính Long Biên.- Diện tích căn hộ: 81,4 m².- Thiết kế căn hộ 3 phòng ngủ, 2 vệ sinh, 1 ban công, 1 loggia, các đều thông thoáng đón ánh sáng, gió tự nhiên vào căn hộ cho gia chủ.- Phòng bếp được thiết kế ngay vị trí cửa vào, thuận tiện cho việc đi lại và nấu ăn, giúp tăng thời gian tương tác giữa các thành viên trong gia đình.- View tầm nhìn rộng ra hồ Kim Quan, Công viên điều hòa bậc nhất Long Biên.- Bàn giao full nội thất cao cấp liền tường: Sàn gỗ nhập khẩu, trần thạch cao, thiết bị chiếu sáng, thiết bị vệ sinh cao cấp, hệ thống cửa ra vào chống cháy...- Hình thức sở hữu: Số đỏ lâu dài.- Giá: 2,9 tỷ-------------------------------------------* Vị trí đắc địa Phương Đông Green Home:- Vị trí đắt giá: Cạnh hồ Kim Quan, UBNB Quận, Bệnh Viện Đức Giang, khu đô thị Việt Hưng, khu đô thị VinHomes. Cách trục đường lớn Ngô Gia Tự - Nguyễn Văn Cừ chỉ 100m.- Không gian xanh, mất độ cư dân thoáng.- Thiết kế linh hoạt từ 2 - 3 phòng ngủ tối ưu công năng phù hợp cho mọi nhu cầu an cư.- Quy hoạch khu đô thị đồng bộ, đang trong quá trình hoàn thiện.- Ngay cạnh trung tâm Aeon Mall Long Biên, Big C.* Vui lòng liên hệ hotline trực tiếp PKD CDT: 0378 166 *** (nhận thông tin chi tiết).
",Căn hộ,,,,,,,,,,,,,,, 31/10/2023,14/11/2023,Bán,2563234,Sổ hồng,Tây-Nam,,,
"
Sở hữu căn 3PN chỉ 3,9tỷ nhận nhà ở ngay, full nội thất cao cấp rẻ nhất Long Biên
","
3,9
Tỷ ","
82,1
m2
","['Hà Nội', 'Quận Long Biên', 'Mua bán Căn hộ chung cư tại Đường Long Biên']","
Trực tiếp chủ đầu tư bán căn góc giá tốt nhất dự án view vị trí vàng đường đôi Hồng Tiến.1. Thông tin căn hộ:- Căn hộ diện tích thông thủy: 82,1 m² thiết kế 3 PN, 2VS, 2 loggia.- Phòng khách + ăn: 28,1m².- Phòng bếp: 6,58m².- Phòng ngủ 1: 15,57m².- Phòng ngủ 2: 13,2m².- Phòng ngủ 3: 9,48m².- WC 1: 4,05.- WC 2: 3,48m².- Loggia 1: 3,89.- Loggia 2: 2,59m².- Miễn phí dịch vụ: 2 năm.* Bàn giao full nội thất liền tường cao cấp.+ Tủ bếp trên dưới gỗ đỏ, thiết bị bếp Hafele, máy lọc nước Kangaroo.+ Tủ âm tường, tủ giày gỗ Gõ đỏ tự nhiên.+ Thiết bị vệ sinh, bồn rửa mặt, vách kính tắm. Vòi sen, nóng lạnh Kohler.+ Sàn gỗ Lim Nam Phi nhập khẩu, cửa chính gỗ chống cháy khóa từ Hafele, cửa phòng gỗ Lim Nam Phi, khóa vân tay.+ Điều hòa âm trần VRV hai chiều lấy gió tươi tự nhiên của Nhật Bản.+ Giàn phơi thông minh, cửa kính chống tia cực tím 3 lớp, giấy dán tường.* Tổng quan dự án:+ Chủ đầu tư: Công ty CP đầu tư xây lắp và thương mại Hùng Cường.+ Địa điểm dự án: Phường Bồ Đề, quận Long Biên, TP Hà Nội.+ Tổng diện tích dự án: 19.744m².+ Tổng diện tích xây dựng: 11.142m².+ Diện tích cây xanh, đường nội bộ: 8.602m².* Hotline phòng kinh doanh của chủ đầu tư: 0378 166 ***(Call, Zalo, Sms, Viber).
",Căn hộ,,,,,,,,,,,,,,, 27/10/2023,10/11/2023,Bán,2563214,Sổ đỏ,Đông-Bắc,,,
