Title,Price,Area,Address,Gen_descrip,Loại hình,Tình trạng pháp lý,Bình nóng lạnh,Máy hút mùi,Tủ bếp,Bàn ăn,Kệ TV,Tủ trang trí,Giường ngủ,Bàn phấn,Tủ quần áo,Bồn tắm,Vòi hoa sen,Bồn cầu,Bồn rửa mặt,Bàn ghế P.khách,Ngày đăng,Ngày hết hạn,Loại tin,ID tin,Hướng nhà,Số phòng ngủ,Hướng ban công,Số tầng,Nội thất
"
Bán nhà tập thể 60m2 tầng 1 phố Vĩnh Tuy cách Times City 500m, ô tô đỗ cửa
","
1,9
Tỷ ","
60
m2
","['Hà Nội', 'Quận Hai Bà Trưng', 'Bán Nhà riêng tại Đường Vĩnh Tuy']","
Bán nhà tập thể 60m2 tầng 1 phố Vĩnh Tuy cách Times City 500m, ô tô đỗ cửa Bán nhà tập thể tại phố Vĩnh Tuy, Hai Bà Trưng. Vị trí cách Times City chưa đến 500m, di chuyển lên Hồ Gươm, phố cổ chưa đến 4km. Nhà tập thể xây khoảng hơn 20 năm trở lại đây (xây dựng những năm 199x) nên còn khá mới so với các khu tập thể lâu đời khác. Nhà ở tầng 1, nhìn ra sân khu tập thể nên rất thoáng mát. Ô tô có thể đỗ ngay cửa. Diện tích 60m2 bao gồm 1 phòng khách, bếp, 2 phòng ngủ có WC khép kín. Đặc biệt nhà thiết kế hiện đại các phòng ngủ đều có cửa sổ đón ánh sáng tự nhiên. Giá bán 1,9 tỷ. Với vị trí, công năng sử dụng cũng như thiết kế tối ưu như trên thì giá dưới 2 tỷ rất hợp lý, có thể ở hoặc đầu tư. LH: 0936262*** #bannhatapthetang1 #bannhataptheVinhTuy #bannhataptheHaiBaTrung #muabannhatapthe 
",Nhà riêng,Sổ đỏ,1.0,1.0,1.0,1.0,1.0,1.0,1.0,1.0,1.0,1.0,1.0,1.0,1.0,1.0, 19/11/2023,17/12/2023,Bán,2639121,,,,,
"
Siêu Hiếm VÍP Nhất BA ĐÌNH Quận, Toà Nhà VP MT Nguyễn Trường Tộ Vị Trí VÀNG Thông Số HOÀN HẢO
","
Thỏa thuận
","
213
m2
","['Hà Nội', 'Quận Ba Đình', 'Mua bán Nhà mặt phố tại Đường Nguyễn Trường Tộ']","
Mô tả:+ Vị trí đắc địa thuận tiện giao thông làm văn phòng viện thẩm mỹ spa… trước nhà có vải hè 4m, khu vự tập trung đông dân cư sầm uất.+ Thiết kế 9 nổi 1 lửng 1 hầm thông sàn cầu thang bộ thang máy giữa nhà, nội thất thiết bị pccc đầy đủ hiện đại.+ Hiện tại toà nhà đang cho thuê full dòng tiền 350tr/th+ Pháp lý sạch đầy đủ gpxd, pccc sẵn sàng giao dịch+ Sổ đỏ lâu dài nở hậu
",Nhà mặt phố,,,,,,,,,,,,,,,, 04/11/2023,02/12/2023,Bán,2610720,,,,,
"
Bán căn hộ tầng trung siêu đẹp 3pn - 94m2 - giá 3,4 tỷ - full nột thất - tại Bình Minh Garden
","
3,4
Tỷ ","
94
m2
",['Mua bán Căn hộ chung cư  Sunrise Garden (Bình Minh Garden)'],"
Căn hộ 3PN diện tích 94,53m, sông Đuống thơ mộng.Giá chỉ từ 35tr/m (đã bao gồm VAT) và nội thất.Bàn giao nội thất liền tường nhập khẩu:1. Sàn gỗ, trần thạch cao, thiết bị điện đầy đủ.2. Tủ quần áo.3. Tủ bếp trên dưới, bếp từ âm, hút mùi.4. Thiết bị vệ sinh, bình nóng lạnh.5. Bàn giao 4 Điều hoà 2 chiều.Dự án nhận nhà ở ngay, quần thể đa tiện ích:- Hệ thống gym, yoga Center, spa phục vụ nhu cầu thư giãn làm đẹp và rèn luyện sức khỏe của cư dân.- Công viên Ánh Dương rộng gần 7.000m nằm ở trung tâm nội khu dự án.- Bể bơi thác tràn + vườn ngự uyển trên tầng 25.- Tòa văn phòng + thương mại 7 tầng, rạp chiếu phim, nhà trẻ, bể bơi bốn mùa, trung tâm thương mại, siêu đã đi vào hoạt động.Bán kính 3km đến phố cổ, xứng đáng cho khách hàng để ở và đầu tư ở thời điểm hiện tại.Địa chỉ: 93 Đức Giang Long Biên Hà Nội.Chủ đầu tư dự án: Cen Invest.Hotline: 0857 535 ***
",Căn hộ,,1.0,1.0,1.0,1.0,1.0,1.0,1.0,1.0,1.0,1.0,1.0,1.0,1.0,1.0, 02/11/2023,30/11/2023,Bán,2607348,,,,,
"
CH 3PN 86m2 full đồ tại TSG Lotus, BC hướng Nam siêu mát, full đồ, đã có sổ, 3 tỷ bao phí
","
3
Tỷ ","
86
m2
",['Mua bán Căn hộ chung cư  TSG Lotus Sài Đồng'],"
Chính chủ gửi bán căn hộ thiết kế 3 phòng ngủ siêu đẹp siêu tiện ích tại dự án TSG Lotus Sài Đồng.Diện tích 86 m² thiết kế chi tiết như sau:- Phòng sinh hoạt chung: 32m².- Bếp 8m² 3 phòng ngủ 14m², 11m², 8m².- 2 nhà vệ sinh 2,7m² - 3,3m².- 2 ban công cực rộng dùng để ngắm cảnh và phơi phóng 3.8m² - 6,4m².Là căn hộ sở hữu những điểm cộng rất lớn của dự án cao cấp nhất khu vực về thiết kế tối ưu, tầm view mát mắt, hướng ban công đón không khí tự nhiên mát mẻ suốt mùa hè, với mức giá ưu đãi chưa từng có.- Tình trạng pháp lý: Đã có sổ- Bàn giao Full nội thất xịn xò- Giá bán công khai 3 tỷ bao toàn bộ phí sang tên chuyển nhượng+TSG lotus Sài Đồng toạ lạc tại Vị trí đắc địa, tiếp giáp KĐT Sài Đồng và KĐT đắt giá Vinhomes.+ Kết nối giao thông thuận tiện.+ CĐT uy tín, đã triển khai nhiều dự án đi vào hoạt động.+ Mô hình đẳng cấp, nhân đôi giá trị: Nhà trẻ - căn hộ.+ 24 tiện ích nội khu với đầy đủ dịch vụ thương mại, tầng hầm, khuôn viên, cafe, gym, bể bơi trong nhà...+ Mật độ cây xanh cao, không khí trong lành, 100% căn hộ thiết kế thông thoáng với 2 lô gia. Tổng quan dự án:- Vị trí: 190 Sài Đồng, Long Biên, Hà Nội.- Quy mô dự án: Tòa chung cư 25 tầng. 21 lô liền kề, 32 kiot thương mại, 1 nhà trẻ mẫu giáo. 2 tầng hầm. 328 căn hộ.+ 2 tầng hầm với diện tích hơn 11.000m², đảm bảo mọi nhu cầu để xe của cư dân.+ Tầng 1 - 5: Trung tâm thương mại, 25 dịch vụ tiện ích đẳng cấp, bể bơi 4 mùa 500m². Di chuyển bằng 2 thang máy riêng biệt.+ Tầng 6 - 22: Căn hộ cao cấp.+ Tầng 23 - 24: Căn hộ duplex và penthouse.- Thiết kế căn hộ đa dạng: 71m² - 83m² - 102m² - 113m². KHu căn hộ di chuyển bằng 6 thang máy khác.- Quản lý bằng thẻ từ từ thẻ gửi xe đến thẻ đi thang máy.- Khóa cửa smart lock hiện đại.- Hình thức sở hữu lâu dài.Mọi thông tin chi tiết liên hệ: 0912 293 262***Mrs hằng.
",Căn hộ,Sổ đỏ,1.0,1.0,1.0,1.0,1.0,1.0,1.0,1.0,1.0,1.0,1.0,1.0,1.0,1.0, 14/11/2023,12/12/2023,Bán,2463966,Tây-Nam,,,,
"
Siêu Hiếm 1 Nhà Ra Mặt Phố Khương Trung 40m2, 4Tầng Giá 4.98tỷ
","
4,98
Tỷ ","
40
m2
","['Hà Nội', 'Quận Thanh Xuân', 'Mua bán Nhà riêng tại Đường Khương Trung']","
👉 MẶT TIỀN SIÊU RỘNG NHÀ ĐẸP HƠN KHÁCH SẠN 5 SAO - TẶNG FULL NỘI THẤT THIẾT KẾ SANG XỊN 💥👉 Vị trí:-Trung tâm Quận Thanh Xuân vài mét ra Hồ Đầm Hồng. Nhà cách mặt phố ô tô đỗ ngày đêm 5M.-Xung quanh ngập tràn đầy đủ tiện ích Hồ Điều Hoà, trường học cấp 1 cấp 2 mầm non chợ lớn....👉 Thiết kế:Chủ nhà kiến trúc sư tài năng thiết kế tâm huyết.Tầng 1: Phòng khách + bếp.Tầng 2: Phòng Master chính + Phòng trẻ em + wc. (Full đồ thiết kế)Tầng 3: 02 phòng ngủ + wc.Tầng 4: phòng thờ + khu giặt + sân📕 Sổ đỏ chính chủ, sẵn sàng giao dịch ngay.Liên hệ ngay (24/7): 05823900***Hữu Dân Chuyên Tư Vấn BĐS Tây Hồ, Thanh Xuân, Cầu GiấyKết nối trực tiếp chủ nhà, miễn phí xem nhà 100%.
",Nhà riêng,Sổ đỏ,1.0,1.0,1.0,1.0,1.0,1.0,1.0,1.0,1.0,1.0,1.0,1.0,1.0,1.0, 03/11/2023,01/12/2023,Bán,2609262,Tây-Bắc,,,,
"
Cần bán cắt lỗ căn Shophouse Khai Sơn đối diện chung cư gần đường 30m đã có sổ đỏ
","
Thỏa thuận
","
99,2
m2
",['Mua bán Nhà phố thương mại Shophouse  Khai Sơn Town'],"
Chính chủ cần bán cắt lỗ căn Shophouse dự án Khai Sơn City. Thông tin căn shophouse:- Diện tích: 99,2m², mặt tiền 6,2m.- Xây 5 tầng 1 tum, đã nhận bàn giao và đã có sổ đỏ.- Hướng: Tây Bắc.- Nhà được thiết kế xây 5 tầng có hố chờ làm thang máy, thiết kế siêu thoáng.- Mặt đường 12,5m view trực tiếp vào chung cư thuận lợi sau kinh doanh. Hiện tại Chung cư đã xây dựng đến tầng 4, nhận bàn giao vào cuối năm sau nên giá Shophouse mặt này giá sau tăng phi mã.Vì đang cần tiền gấp trong thời gian khó khăn nên muốn bán với giá cắt lỗ, rẻ hơn 3 tỷ so với giá thị trường.Ai mua liên hệ trực tiếp xem nhà và sổ đỏ. Sổ đỏ đang cần tay có thể sang tên được luôn.
",Nhà phố thương mại Shophouse,Sổ đỏ,,,,,,,,,,,,,,, 03/11/2023,01/12/2023,Bán,2167191,Tây-Bắc,,,,
"
Bán nhà riêng Quận Ba Đình - Hà Nội giá 4.75 Tỷ
","
4,75
Tỷ ","
42
m2
","['Hà Nội', 'Quận Ba Đình', 'Mua bán Nhà riêng tại Đường Điện Biên Phủ']","
💯Nhà đẹp phân lô VIP Ba Đình 42m2 5 tầng - Gần phố Ngõ Ba gác - Thiết kế hiện đại - Dân trí cao Ở cực sướng. Thiết kế: Tầng 1: phòng khách, bếp, vệ sinh, cầu thang cuối.+ Tầng 2, 3, 4: mỗi tầng 1 phòng ngủ rộng, vệ sinh khép kín.+ Tầng 5: phòng thờ và sân phơi rộng, khu máy giặt rộng riêng biệt.+ Sổ đỏ chính chủ vuông vắn, sẵn sàng giao dịch ngay. 🌺 Nhà thuộc khu vực trung tâm quận Ba Đình, gần Công viên bách Thảo, chợ, trường học các cấp, khu vực rất nhiều khách hàng muốn tìm an sinh..📕 Pháp lý: Sổ đỏ chính chủGiá chỉ 4.75 tỷ☎️ Liên hệ: 0963443*** / 0869081***
",Nhà riêng,Sổ đỏ,1.0,1.0,1.0,1.0,1.0,1.0,1.0,1.0,1.0,1.0,1.0,1.0,1.0,1.0, 13/11/2023,11/12/2023,Bán,2628528,,,,,
"
Chung cư The Legend 109 Nguyễn Tuân - 73m2 (2 ngủ 2 vệ sinh). Giá 3.9 tỷ
","
3,9
Tỷ ","
73
m2
",['Mua bán Căn hộ chung cư  The Legend Tower'],"
Tôi chủ căn hộ tại The Legend Tower có nhu cầu cần bán vì gia đình muốn chuyển đổi sang căn rộng hơn. Thông tin căn hộ như sau.- 73m2. Thiết kế 2 ngủ 2 vệ sinh. Vị trí tầng trung- Nội thất gia đình để lại toàn bộ.- Giá bán thiện chí bao phí sang tên.- Liên hệ xem nhà: 03386629***em Đức.
",Căn hộ,Sổ đỏ,1.0,1.0,1.0,1.0,1.0,1.0,1.0,1.0,1.0,1.0,1.0,1.0,1.0,1.0, 19/11/2023,17/12/2023,Bán,2638918,,,,,
"
Bán gấp căn 3pn2vs ecolife tố hữu. tầng trung, bc đông nam, full đồ giá 4tỷ3
","
4,3
Tỷ ","
103
m2
","['Hà Nội', 'Quận Nam Từ Liêm', 'Mua bán Căn hộ chung cư tại Đường Tố Hữu']","
Chính chủ cần bán nhanh căn 3PN, 103m² tầng trung, căn góc, đẹp nhất, mới nhất và rẻ nhất tòa Ecolife Tố Hữu 
Do gia chủ không còn nhu cầu sử dụng nữa, nên cần bán lại để đầu tư cái khác, cụ thể như sau:- Hướng: Đông Bắc, ban công Đông Nam + Tây Nam.- Thiết kế: 3 ngủ 2 VS, DT: 103m² thông thủy.- Nội thất đẹp thiết kế sang trọng trẻ trung.- Phòng khách, bếp, thiết bị vệ sinh tất cả đều mới - Nhà đã có sổ pháp lý rõ ràng, có slot ô tô- View tầng trung k bị ồn ào, nắng chiếu, bụi.Giá: 4,3 tỷ.Liên hệ: (miễn quảng cáo, trung gian).
",Căn hộ,Sổ đỏ,,,,,,,,,,,,,,, 31/10/2023,28/11/2023,Bán,2602285,,3,,,
"
🌹gần ô tô tránh – ngõ rộng thoáng – ở ngay – thoáng 2 mặt – kinh doanh
","
3,3
Tỷ ","
34
m2
","['Hà Nội', 'Quận Hoàng Mai', 'Mua bán Nhà riêng tại Đường Hoàng Mai']","
🌹🌹Gần ô tô tránh – Ngõ rộng thoáng – Ở ngay – thoáng 2 mặt – Kinh doanh 
Hoàng Mai – Hoàng Mai
 Diện tích 34 m2 – Nhỉnh 3,2 tỷ 
- Nhà mới ở ngay,chủ thiện chí để lại nội thất
 - Thiết kế 5 tầng - 4 phòng ngủ rộng – phòng thờ - sân phơi 
- Sổ chính chủ sẵn giao dịch Liên hệ Tuấn Anh:  / 0388599*** (call/sms/zalo/fb)
",Nhà riêng,Sổ đỏ,,,,,,,,,,,,,,, 19/11/2023,17/12/2023,Bán,2638875,,4,,,
"
Bán căn hộ 47 Nguyễn Tuân GoldSeason 2 ngủ 60m2 Full nội thất - Giá 3.00 Tỷ
","
3
Tỷ ","
60
m2
",['Mua bán Căn hộ chung cư  GoldSeason 47 Nguyễn Tuân'],"
Gia đình chuyển mua căn 3 phòng ngủ nên muốn bán căn 2 ngủ tại tòa có sổ, Chung cư GoldSeason 47 Nguyễn Tuân.Căn hộ diện tích 60m2 - 2 ngủ 2 vệ sinh.Đầy đủ nội thất, Sổ đỏ chính chủ lâu dài.Giá bán 3 tỷ (bao sang tên)Liên hệ: 0338662903***em Đức
",Căn hộ,Sổ đỏ,1.0,1.0,1.0,1.0,1.0,1.0,1.0,1.0,1.0,1.0,1.0,1.0,1.0,1.0, 19/11/2023,17/12/2023,Bán,2638820,,,,,
"
Bán Nhà Diện Tích 185m Mặt Phố Nguyễn Trường Tộ Quận Ba Đình - Hà Nội giá 79.00 Tỷ
","
79 - 79,5
Tỷ ","
178 - 185
m2
","['Hà Nội', 'Quận Ba Đình', 'Mua bán Nhà mặt phố tại Đường Nguyễn Trường Tộ']","
Vị trí ngay ngã 5 Hàng Than, Trung tâm quận Ba Đình, đường 2 chiều thông khắp ngả.Khu vực nhiều Tây sinh sống.Hiện trạng nhà 2 tầng cũ, xác định bán đất. đang cho thuê vui 45 triệu/ tháng.- Phù hợp xây cao tầng làm khách sạn, văn phòng, Building....
",Nhà mặt phố,Sổ đỏ,,,,,,,,,,,,,,, 04/11/2023,02/12/2023,Bán,2610713,,,,,
"
Bán 3PN Vinhomes West Point Phạm Hùng giá 4,9 tỷ - Chủ nhà chuyển vào đà nẵng cần bán gấp
","
4,9
Tỷ ","
93
m2
",['Mua bán Căn hộ chung cư  Vinhomes West Point'],"
 Không có nhu cầu sử dụng nên chủ nhà cần bán căn 3PN thuộc khu đô thị cao cấp Vinhomes West Point Đỗ Đức Dục. mặt đường Phạm Hùng cạnh trung tâm hội nghị quốc gia- Diện tích 93m2- 3 phòng ngủ 2 vệ sinh- Ban công đông nam view rất đẹp thoáng mát ko bị che chắn- Nhà như mới vì cho hàn quốc thuê, giá thuê là 25tr/ thángDo chủ nhà hiện tại chuyển công tác vào đà nẵng nên cần bán lạiGiá bán lại 4,9 tỷ đúng giá ko chênh 1 đồngLH xem nhà 0974.750.*** (Nam)
",Căn hộ,,,,,,,,,,,,,,,, 17/11/2023,15/12/2023,Bán,2635721,,,,,
"
Quỹ căn chuyển nhượng Vinhomes West Point cập nhật 11/2023- alo là có căn
","
1,95
Tỷ ","
34
m2
",['Mua bán Căn hộ chung cư  Vinhomes West Point'],"
Kính gửi quý khách hàng quỹ căn chuyển nhượng bên Vinhomes West Point Đỗ Đức Dục cập nhật 10/20230974.750.*** Văn phòng bên W1 chuyên làm tại West Point - hỗ trợ xem nhà tận tình, quỹ căn đa dạng✅ Cập Nhật căn hộ Studio bán West Point - W1- tầng trung trục 11A bán 1.990 tỷ full- W3- tầng trung giá 2,5 tỷ full đồ ✅ Cập Nhật căn hộ 2 Phòng ngủ bán West Point -W1 - tầng trung bán 3,3 full đồ bao phí- W3- đồ cơ bản 3,8 tỷ tầng thấp- W3- 2n2vs tầng trung đồ cơ bản 4,1 tỷ bao phí- W2- 4,3 tỷ bao phí full đồ ✅ Cập Nhật căn hộ 3 Phòng ngủ bán West Point - W1- tầng trung trục 05: Bán 4.9 tỷ thu về, đồ cơ bản- W1-tầng trung trục 02 - 100m2 - căn góc : Bán 5,3 tỷ bao phí. Cơ bản - W2-tầng trung trục 09: Bán 8,5 tỷ bao phí , full đồ - W2-tầng trung trục 09: Bán 7,3 tỷ thuế Phí bên nào tự chịu. Cơ bản. - W2-tầng cao trục 01: Bán 8 tỷ bao phí. Cơ bản - W3-tầng thấp trục 02: 5 tỷ phí trao đổi, (chào 5,2 tỷ bao phí), cơ bản - W3-tầng trung trục 02: Bán 6,8 tỷ bao phí , cơ bản  ✅ Cập Nhật căn hộ 4 phòng ngủ bán West Point: - W1-tầng trung trục 08: trặc Bán 6.7 tỷ, phí trao đổi, Full đồ - W1-tầng cao trục 03: Bán 7 tỷ, Phí trao đổi. Cơ bản - W2-tầng thấp trục 02: Bán 11 tỷ phí trao đổi, full đồ - W2- tầng cao trục 11A: Bán 10 tỷ bao phí , cơ bản - W3-tầng thấp trục 05A: Bán 10,5 tỷ bao phí, cơ bản.----------------------------------------Lh tư vấn 0974.750.***#muacanhovinhomeswestpoint#muachuyennhuongvinhomeswestpoint#bannhavinwestpoin#banvinhomesdoducduc #can2pnvinhomes #can3pnvinhomes #canhovinhomesphamhung
",Căn hộ,,1.0,1.0,1.0,1.0,1.0,1.0,1.0,1.0,1.0,1.0,1.0,1.0,1.0,1.0, 18/11/2023,16/12/2023,Bán,2565399,,,,,
"
Chỉ từ 2,1 tỷ, 3PN tại chân cầu Đông Trù, CK 8%, lãi suất 0% trong 12 tháng nhận nhà ngay
","
2,1
Tỷ ","
82
m2
",['Mua bán Căn hộ chung cư  Euro River Park'],"
Eurowindow River Park, 1 sản phẩm của CĐT Eurowindow Holding. 1 CĐT vô cùng uy tín, với tiềm lực tài chính mạnh mẽ, kinh nghiệm dày dặn trong lĩnh vực BĐS.Toạ lạc tại vị trí chân cầu Đông Trù, mặt đường Trường Sa, với quần thể căn hộ thương mại dịch vụ vô cùng quy mô. Diện tích căn hộ đa dạng, giá cả phải chăng. Eurowindow river park Căn hộ cao cấp giá bình dân.Dự án duy nhất chỉ với 1.9tỷ/2PN - 2.1tỷ/3PN bàn giao nội thất liền tường tại Eurowindow River Park.- Với tiềm năng tăng giá cao vì có rất nhiều dự án được các ông chủ lớn chuẩn bị xây dựng.- Đông Anh lên quận - BĐS ""tăng nhiệt"".- Diện tích căn hộ đa dạng: 2 phòng ngủ và 3 phòng ngủ từ 63,1 - 98,6 m².- Sở hữu đầy đủ những tiện ích sang trọng và hiện đại, phục vụ tối đa nhu cầu mua sắm, giải trí và thư giã của cư dân như: Trung tâm thương mại, hệ thống nhà hàng, ẩm thực, dịch vụ Spa & Fitness, khu vườn Nhật trên cao, bể bơi bốn mùa, khu vui chơi trẻ em, trường học...* Thông tin căn hộ:- Diện tích căn hộ: 85m².- Thiết kế 3pn2wc.- Tiêu chuẩn bàn giao: Trần thạch cao, sàn gỗ, thiết bị vệ sinh, tủ bếp trên dưới, nóng lạnh, đầu chờ điều hoà.- Phí dịch vụ 6k/m²/tháng.- Phí gửi xe ô tô 1200k/tháng.- Ban công rộng rãi, thoáng mát, đón nắng tự nhiên.- Quần thể cư dân văn minh, tiện ích nội khu hoàn chỉnh, Ban quản lý cầu thị và lắng nghe.* Chính sách bán hàng cực tốt:+ Ngân hàng cho vay vốn LS 0% trong 12tháng.+ Chiết khấu lên tới 18%.Liên hệ Để được tư vấn và đăng ký xem căn hộ.Web: https://eurowindow-riverpark.net/
",Căn hộ,,,,,,,,,,,,,,,, 27/10/2023,24/11/2023,Bán,1992661,,,,,
"
Lô góc - 2 thoáng cực gần ô tô - thông số hoa hậu 30m2 chỉ 2,2 tỷ
","
2,2
Tỷ ","
30
m2
","['Hà Nội', 'Mua bán Nhà riêng tại Quận Hoàng Mai']","
Bán nhà Kim Giang, nơi có quy hoạch ổn định, với hệ thống giao thông thuận lợi, thông đi các ngả các quận.- Diện tích 30m² 3 tầng.+ Vị trí: Cực gần ô tô, ngõ thông các ngả, đường trước nhà xe ba gác tránh nhau.+ Nhà gần trường học, y tế, UBND, chợ, tiện ích, an sinh tuyệt vời.+ Nhà tự xây nên rất tỉ mỉ từng chi tiết.+ Sổ đỏ vuông đẹp, sẵn sàng giao dịch.- Giá 2.2 tỷ có thương lượng với người mua thiện chí.- Liên hệ trực tiếp để đàm phán: 0978.55.55*** (Lan Anh)
",Nhà riêng,,,,,,,,,,,,,,,, 19/11/2023,17/12/2023,Bán,2638673,,,,,
"
Bán căn hộ chung cư cao cấp trung tâm quận Long Biên, liền kề phố cổ, view hồ, view sông - Khai Sơn
","
3
Tỷ ","
77
m2
",['Mua bán Căn hộ chung cư  Khai Sơn Town'],"
Chung cư cao cấp Khai Sơn City nằm cạnh đường Lý Sơn gồm 6 tòa cao 21 tầng thuộc khu đô thị rộng 178ha. Căn hộ hiện đại tiện nghi đáp ứng sống Xanh An lành của 1 Thành Phố bên sông.6 Toà chung cư Khai Sơn City ôm trọn view hồ điều hoà rộng 22ha, view trực tiếp sông Đuống. Vị trí nằm cách phố Cổ chỉ 10 phút đi xe.Đa dạng cái loại hình căn hộ:+ Căn hộ 01 - 10: 89,53m hướng TB view sông - 2PN Giá 3,XX tỷ.+ Căn hộ 02 - 09: 119m hướng TB view sông - 3PN - Giá 5,XX tỷ.+ Căn hộ 03 - 08: 96,87m hướng ĐN view hồ - 3PN - Giá 4,XX tỷ.+ Căn hộ 04 - 07: 77,51 m hướng ĐN view hồ - 2PN - Giá 3,XX tỷ.+ Căn hộ 05 - 06: 101,57m hướng ĐN view hồ - 3PN - Giá 4,XX tỷ.Chính sách bán hàng hiện tại:* Thanh toán sớm 95% chiết khấu 12%GTCH.* Thanh toán sớm 50 % chiết khấu 5,5%GTCH.* Thanh toán theo tiến độ thông thương chiết khấu 4%GTCH.Ngoài ra ngân hàng còn hỗ trợ lãi suất 0% cho khoản vay 65% GTCH.Tiện ích.Chung cư Khai Sơn City Long Biên là tổ hợp căn hộ chung cư cao cấp với hệ thống tiện ích hiện đại: Gym, Spa, Trung Tâm Thương Mại, Nhà Trẻ, Bể bơi.Ngoài ra, tiện ích nội khu như trường học liên cấp, trường Pháp, công viên trung tâm, shophouse, khách sạn sẽ đáp ứng đầy đủ nhu cầu cho cư dân.* CHÍNH SÁCH ĐẶC BIỆT THÁNG 11: Chiết khấu lên tới 13% cho khách hàng đặt mua trong tháng 11 tri ân CĐT* Liên hệ trực tiếp PKD Cenland phân phối độc quyền dự án xem nhà mẫu và tư vấn miễn phí (Mr.Thanh)
",Căn hộ,,1.0,,,,,,,,,1.0,1.0,1.0,1.0,, 15/09/2023,08/12/2023,Bán,2025271,,2,Đông-Nam,21,Full nội thất cao cấp cơ bản
"
Lô góc hoàng văn thái, 40m2,7 tầng, ô tô tránh, thang máy, giá 8.79 tỷ.
","
8,79
Tỷ ","
40
m2
","['Hà Nội', 'Quận Thanh Xuân', 'Mua bán Nhà riêng tại Đường Hoàng Văn Thái']","
NHÀ MỚI KING CONG - OTO TRÁNH - KINH DOANH - LÔ GÓC - THANG MÁY
 👉 Hoang Văn Thái phân lô khu vực an ninh tốt. Thông các ngã 
👉Gần tuyến đường 2.5 đi qua khi hoàn thành thuận tiện đi lại các quận 
👉Nhà lô góc 2 thoáng ở sướng khỏi bàn Gara oto 2 xe vào nhà. 
👉Nhà thiết kế hiện đại có thang máy. Nội thất nhập khẩu. 
🏛️🏛️🏛️Thiết kế 7 tầng T1 : Gara oto - Kinh Doanh - Wc 
T2 : Khách - Bếp - Wc 
T3.4.5.6 : Mỗi tầng 1 phòng ngủ 1 Wc 
T7: đang lợp tôn sân phơi cải tạo thêm phòng thờ.
Sổ đỏ chính chủ vuông vắn.
liên hệ : chung phong
.
",Nhà riêng,Sổ đỏ,,,,,,,,,,,,,,, 19/11/2023,17/12/2023,Bán,2638528,,5,,7,
