Title,Price,Area,Address,Gen_descrip,Loại hình,Ngày đăng,Ngày hết hạn,Loại tin,ID tin,Tình trạng pháp lý,Hướng nhà,Số phòng ngủ,Căn góc,Bình nóng lạnh,Máy hút mùi,Tủ bếp,Bàn ăn,Kệ TV,Tủ trang trí,Giường ngủ,Bàn phấn,Tủ quần áo,Bồn tắm,Vòi hoa sen,Bồn cầu,Bồn rửa mặt,Bàn ghế P.khách,Nội thất,Hướng ban công
"
Bán căn hộ Thanh Xuân - Hà Nội giá 1.39 Tỷ- Chung cư Mini Cự Lộc
","
1,39
Tỷ ","
51
m2
",['Mua bán Căn hộ chung cư  Chung cư mini Cự Lộc'],"
Hiếm- Ngon - Bổ - RẻBÁN GẤP CHUNG CƯ MINI CỰ LỘC- DT 51m, Giá  1,39tỷ- Đủ công năng,khách, bếp, 2 ngủ, 2wc- Nội thất nhập khẩu siêu xịn- Toạ ở vị trí tuyệt vời trung tâm quận Thanh Xuân- Ô tô 🚘 đỗ cửa trước tòa nhà- view hồ quá đẹp  - pccc siêu chuẩn định kỳ☎️Ms Quyên http://zalo.me/0902119***
",Căn hộ, 02/11/2023,30/11/2023,Bán,2606386,,,,,,,,,,,,,,,,,,,,
"
Bán căn hộ Thanh Xuân - Hà Nội giá 1.39 Tỷ- Chung cư Mini Cự Lộc
","
1,39
Tỷ ","
51
m2
",['Mua bán Căn hộ chung cư  Chung cư mini Cự Lộc'],"
Hiếm- Ngon - Bổ - RẻBÁN GẤP CHUNG CƯ MINI CỰ LỘC- DT 51m, Giá  1,39tỷ- Đủ công năng,khách, bếp, 2 ngủ, 2wc- Nội thất nhập khẩu siêu xịn- Toạ ở vị trí tuyệt vời trung tâm quận Thanh Xuân- Ô tô 🚘 đỗ cửa trước tòa nhà- view hồ quá đẹp  - pccc siêu chuẩn định kỳ☎️Ms Quyên http://zalo.me/0902119***  
",Căn hộ, 02/11/2023,30/11/2023,Bán,2606380,,,,,,,,,,,,,,,,,,,,
"
Bán căn hộ Thanh Xuân - Hà Nội giá 1.39 Tỷ-Chung cư Mini Cự Lộc
","
1,39
Tỷ ","
51
m2
",['Mua bán Căn hộ chung cư  Chung cư mini Cự Lộc'],"
Hiếm- Ngon - Bổ - RẻBÁN GẤP CHUNG CƯ MINI CỰ LỘC- DT 51m, Giá  1,39tỷ- Đủ công năng,khách, bếp, 2 ngủ, 2wc- Nội thất nhập khẩu siêu xịn- Toạ ở vị trí tuyệt vời trung tâm quận Thanh Xuân- Ô tô 🚘 đỗ cửa trước tòa nhà- view hồ quá đẹp  - pccc siêu chuẩn định kỳ☎️Ms Quyên http://zalo.me/0902119***  
",Căn hộ, 02/11/2023,30/11/2023,Bán,2606377,,,,,,,,,,,,,,,,,,,,
"
Bán Thanh Xuân - Hà Nội giá 1.39 Tỷ- Chung cư Mini Cự Lộc
","
1,39
Tỷ ","
51
m2
",['Mua bán Căn hộ chung cư  Chung cư mini Cự Lộc'],"
Hiếm- Ngon - Bổ - RẻBÁN GẤP CHUNG CƯ MINI CỰ LỘC- DT 51m, Giá  1,39tỷ- Đủ công năng,khách, bếp, 2 ngủ, 2wc- Nội thất nhập khẩu siêu xịn- Toạ ở vị trí tuyệt vời trung tâm quận Thanh Xuân- Ô tô 🚘 đỗ cửa trước tòa nhà- view hồ quá đẹp  - pccc siêu chuẩn định kỳ☎️Ms Quyên http://zalo.me/0902119***  
",Căn hộ, 02/11/2023,30/11/2023,Bán,2606374,,,,,,,,,,,,,,,,,,,,
"
Bán gấp căn hộ 2pn, rẻ nhất Vinhomes Smart city, chỉ 2.3 tỷ bao phí, có sổ
","
2,3
Tỷ ","
54
m2
",['Mua bán Căn hộ chung cư  Vinhomes Smart City'],"
Bán gấp căn hộ 2pn, giá rẻ nhất Vinhomes Smart City, Tây Mỗ, Nam Từ Liêm,DT 54m sử dụng, 2 phòng ngủ, 1 vệ sịnhTầng cao, view thoángNội thất cơ bản, đã có một ít nội thất như trong ảnhGiá: 2.3 tỷ bao phí, nhà đã có sổ đỏLH: 0964.782.***
",Căn hộ, 02/11/2023,30/11/2023,Bán,2606269,Sổ hồng,Đông-Nam,,,,,,,,,,,,,,,,,,
"
Chính chủ --- Căn hộ G3 Thái Hà - Chùa Bộc giá rẻ từ 613tr/căn 25m2 - 60m2, sổ đỏ vĩnh viễn
","
Thỏa thuận
","
31 - 56
m2
","['Hà Nội', 'Quận Đống Đa', 'Mua bán Căn hộ chung cư tại Phố Chùa Bộc']","
Chủ đầu tư trực tiếp bán chung cư Căn hộ E45 Thái Hà - Chùa Bộc, Quận Đống Đa.1. Giá và diện tích.- Giá: 520 triệu - 680tr - 800tr - 1 tỷ50tr - 1 tỷ2/căn.- Diện tích: 23m2 - 27m2 - 32m2 - 48m2 - 60m2.2. Vị trí.- Gần nhiều trung tâm thương mại Vincom Phạm Ngọc Thạch, công viên.- Gần học viện Ngân Hàng, đại học Thủy Lợi, Đại Học Y...- Gần chợ đầu mối, công viên điều hòa đại học Y.3. Thiết kế căn hộ.- Thiết kế có 3 loại: Studio - 1 PN - 2 PN rộng và thoáng đẹp.- Có tầng rộng xe máy, khu dân trí cao.- Thang máy nhập khẩu tốc độ cao.- Full nội thất: Sàn gạch men, tủ bếp, thiết bị WC nhập, giường tủ, kệ tivi, ghế sofa, bình nóng lạnh, truyền hình cáp, internet đầy đủ.Bảo vệ 24/24, an ninh tốt.Pháp lý, ký HDMB, giấy phép xây dựng, tách sổ hồng theo quy định nhà nước
",Căn hộ, 02/11/2023,16/11/2023,Bán,1922709,Sổ đỏ,,2,Có,1.0,1.0,1.0,1.0,1.0,1.0,1.0,1.0,1.0,1.0,1.0,1.0,1.0,1.0,,
"
Chính chủ cần bán gấp căn hộ 2 PN trung tâm Quận Hà Đông, miễn phí dịch vụ trọn đời
","
2,15
Tỷ ","
63
m2
","['Hà Nội', 'Quận Hà Đông', 'Mua bán Căn hộ chung cư tại Đường 70']","
Do chuyển công tác nên gia đình cần bán gấp căn hộ tại chung cư CBCS HVQY 103Thông tin căn hộ:- Diện tích 63 m2 ( thông thủy), thiết kế 2pn- Ban công hướng NamDự án nằm ngay cạnh Công An Phường Phúc La, Hà Đông, gần chợ, trường học, cơ sở hạ tầng đồng bộĐiểm nhấn tại dự án này là cả tòa nhà chỉ có 56 căn hộ, và cư dân sẽ được miễn phí các chi phí như: Phí dịch vụ, phí gửi xe ...trọn đời.Liên hệ xem nhà: Mr Nam 0822385***
",Căn hộ, 02/11/2023,16/11/2023,Bán,2577324,,,,,1.0,,,,,,,,,1.0,1.0,1.0,1.0,,,
"
bán RẺ - mới - Chung cư U2 Ba Đình - Đội Cấn - tặng full đồ ( 32 - 56m2 ) ở ngay
","
620
Triệu ","
50
m2
","['Hà Nội', 'Quận Ba Đình', 'Mua bán Căn hộ chung cư tại Đường Đội Cấn']","
MỞ bán căn hộ mini Đội Cấn đối diện Bảo Tàng B52 siêu đẹp, ở ngay ️+Diện tích 30m2 - 33m2- 50m2 thiết kế từ 1PN đến 2PN ️+ Giá bán từ 650tr - 850tr- 1.450TR tùy căn tầng Chiết khấu cao ,nếu thanh toán nhanh , bàn giao căn hộ ở ngay ️+Ngay trên đường đội cấn, cách lăng Bác chỉ 500m, gần ngã tư giang văn minh, bảo tàng chiến thắng B52 + Nhà mới xây, đầy đủ thang máy thang bộ, cửa từ , khóa vân tay , an linh tốt +Bàn giao đầy đủ sàn, trần, thiết bị vệ sinh, bếp từ, hút mùi, bình nóng lạnh ,.. +Nhận nhà ở ngay ️+ Kí trực tiếp CĐT 096.164.3*** , tách sổ hồng sử dụng lâu dài
",Căn hộ, 02/11/2023,16/11/2023,Bán,2313762,Sổ đỏ,,,,1.0,1.0,1.0,1.0,1.0,1.0,1.0,1.0,1.0,1.0,1.0,1.0,1.0,1.0,,
"
Chính chủ - Bán chung cư Ngã Tư Sở - Cự Lộc 32 - 60m2, full nội thất, giảm 20-50tr/căn, ở ngay
","
Thỏa thuận
","
32 - 60
m2
","['Hà Nội', 'Quận Thanh Xuân', 'Mua bán Căn hộ chung cư tại Phố Cự Lộc']","
Chính chủ - Bán Chung cư Ngã tư Sở - Cự Lộc 35 - 55m, Full Nội Thất, Giảm 50tr Căn, Ở Ngay1.Vị trí.Gần các tuyến đường lớn trung tâm: Cự lọc, nguyễn trãi, giáp nhất...Tiện ích công cộng gần trường cấp 1 cấp 2 nguyễn trãiCách 500 mét là Công an phường, gần công viên lơn, các trường đại học…2. Giá bán.+ Căn 35 - 40m2: Giá từ 600tr - 650tr 750tr+ Căn 42 - 55m2: Giá từ 900 tr – 950tr hơn 1 tỷ3.- Đặc biệt chiết khấu ngay 50tr mỗi căn.3. Nội thất.Sàn gỗ, trần thạch cao, tủ bếp trên dưới, bếp từ, hút mùi, nóng lạnh, thiết bị vệ sinh đầy đủ, các đèn điện chiếu sáng và trang trí tuyệt đẹp, đầu chờ internet, truyền hình cáp…Thông tin liên hệ xem nhà 24/24.
",Căn hộ, 02/11/2023,16/11/2023,Bán,1935769,Sổ đỏ,,2,Có,1.0,1.0,1.0,1.0,1.0,1.0,1.0,1.0,1.0,1.0,1.0,1.0,1.0,1.0,,
"
Chính chủ - Chung cư mini M2 Minh Khai - Tam Trinh 35 - 55m2, full nội thất, ở ngay tặng vàng 9999
","
624
Triệu ","
46
m2
","['Hà Nội', 'Quận Hoàng Mai', 'Mua bán Căn hộ chung cư tại Đường Tam Trinh']","
Chính Chủ - Chung cư Gốc Đề-Minh Khai-Tam Trinh 35 - 55m, Full Nội Thất, Ở ngay Tặng Vàng 24k.* Gần các trường đại học lớn. Gần các trung tâm thương mại lớn...* Vị trí chung cư : Trung tâm quận, gần các tuyến đường lớn...* Gần ngay Trường Tiểu học Trung học, Gần công viên trung tâm* Diện tích:  35m2 - 40m2 - 44m2 - 45m2 - 46m2 - 48m2 - 55m2.* Giá bán: Từ 550tr - 760tr - 860tr - 920 tr hơn 1 tỷ 3* CHIẾT KHẤU GIẢM GIÁ NGAY 50 TRIỆU MỖI CĂN. * Quy mô và thiết kế: Gồm 6 tầng căn hộ, mỗi tầng 4-5 căn, rộng thoáng, tầng 1 để xe.* Tòa nhà được trang bị 1 thang máy tốc độ cao, bảo vệ trực 24/24, PCCC hiện đại.* Giá bán đã bao gồm chi phí làm sổ và nội thất căn hộ.* Nội thất: Tủ bếp trên dưới, bếp từ, hút mùi, thiết bị vệ sinh, bình nóng lạnh, đầu chờ internet, điều hòa.* Liên hệ chủ đầu tư(tôi là chủ).* Xem nhà 24/24 - Có tư Vấn Zalo
",Căn hộ, 02/11/2023,16/11/2023,Bán,1936026,Sổ đỏ,,2,Có,1.0,1.0,1.0,1.0,1.0,1.0,1.0,1.0,1.0,1.0,1.0,1.0,1.0,1.0,,
"
Chính CHỦ!!! bán chung cư A4 Xuân Đỉnh - Công Viên Hòa Bình - từ hơn 570tr ( 30 - 52m2 )
","
570 - 1160
Triệu ","
30 - 52
m2
","['Hà Nội', 'Quận Bắc Từ Liêm', 'Mua bán Căn hộ chung cư tại Đường Xuân La']","
Chung cư Xuân Đỉnh - Đỗ Nhuận 31 - 55m, Full Nội Thất, Ở ngay Tặng Vàng 24k. * Gần các trường đại học lớn: đại học mỏ, hv tài chính, đại học tài chính ngân hàng,.... * Vị trí chung cư : Trung tâm quận, gần các tuyến đường lớn: xuân đỉnh, đỗ nhuận, công viên hòa bình... *Gần ngay Trường Tiểu học Trung học, Gần công viên trung tâm  * Diện tích: 28m2 - 35m2 - 40m2 - 44m2 - 45m2 - 46m2 - 48m2 - 50m2. * Giá bán: Từ 600tr - 760tr - 860tr - 920 tr hơn 1 tỷ * CHIẾT KHẤU GIẢM GIÁ NGAY 20- 50 TRIỆU MỖI CĂN.  * Quy mô và thiết kế: Gồm 6 tầng căn hộ, mỗi tầng 4-5 căn, rộng thoáng, tầng 1 để xe. * Tòa nhà được trang bị 1 thang máy tốc độ cao, bảo vệ trực 24/24, PCCC hiện đại.  * Giá bán đã bao gồm chi phí làm sổ và nội thất căn hộ.* Nội thất: Tủ bếp trên dưới, bếp từ, hút mùi, thiết bị vệ sinh, bình nóng lạnh, đầu chờ internet, điều hòa.* Xem nhà 24/24 - Có tư Vấn Zalo
",Căn hộ, 02/11/2023,16/11/2023,Bán,1865435,Sổ đỏ,,2,Có,1.0,1.0,1.0,1.0,1.0,1.0,1.0,1.0,1.0,1.0,1.0,1.0,1.0,1.0,đầy đủ nội thất,
"
Bán nhà mặt phố Quận Thanh Xuân - Hà Nội giá 26.50 Tỷ mặt tiền 8m, đất 124m², xầy 5 tầng 1 tum.
","
26,5 - 27,9
Tỷ ","
124
m2
","['Hà Nội', 'Quận Thanh Xuân', 'Mua bán Nhà mặt phố tại Đường Nguyễn Xiển']","
Bán nhà mặt phố đi bộ trung tâm Hà Nội, 124m² đất, mặt tiền 8m, vuông đẹp 5 tầng 1 tum, diền tích sự dụng lớn 411m² (Đẹp thực tế như hình).+ Nhà xây 5 tầng 1 tum, theo kiến trúc tân cổ điển, hoàn thiện ngoài thô trong, có sẵn hố chờ thang máy, thông sản được nếu giá chủ muốn.+ Mặt tiền đất 8m, nhà 6m mặt tiền, một sàn từ 84m², tổng diện tích sử dụng căn rộng hơn 411m² phù hợp ở hay kinh doanh đều rất đẹp vip.+ Nhà có sần vườn cho chủ nhà làm thêm tiêu cảnh bố trí không gian theo phong thủy của gia chủ cực vip.+ Nhà nằm trên phố đi bộ tại trung tâm Hà Nội. Phố đi bộ trước nhà được lấy cảm hứng từ các phố cổ của Hà Nội & London, làn sản phẩm BĐS hiếm của Hà Nội nên để ở hay kinh doanh đều rất đẹp vip.+ Tại dự án đang có những căn góc có các hướng cho khách hàng lựa chọn phù hợp với gia đình, tầm tài chính từ 26 - 32 tỷ phù hợp với túi tiền khách hàng muốn mua nhà trung tâm Hà Nội hiện tại.Liên hệ Quý 0917 273 8***để mua được căn nhà mặt phố đẹp tại trung tâm Hà Nội.
",Nhà mặt phố, 02/11/2023,30/11/2023,Bán,2606162,Sổ đỏ,Đông-Nam,,,,,,,,,,,,,,,,,,
"
Bán căn hộ BRG 4 phòng ngủ 160m2 nhỉnh 9 tỷ có suất đỗ ô tô nhận nhà ngay
","
9,4
Tỷ ","
160
m2
",['Mua bán Căn hộ chung cư  BRG Diamond Residence'],"
Căn hộ 160m2 sở hữu phòng khách rộng đến 40m2, thiết kế 2 phòng ngủ master lớn có bồn tắm và 2 phòng ngủ nhỏ tại tầng 9 tòa BRG Lê Văn LươngTòa nhà hiếm hoi trong khu vực đảm bảo đủ suất đỗ ô tô tại tầng hầm cho cư dânNhà sẵn sàng bàn giao ngay vào hoàn thiện đón TếtGiá bán: 9.4 tỷ Liên hệ xem nhà: 0911.772.*** (em Ngọc)
",Căn hộ, 02/11/2023,30/11/2023,Bán,2606129,,Đông-Nam,,,,,,,,,,,,,,,,,,
"
Bán nhà phố Bạch mai, ngõ to thoáng, 50m2, MT 4.7, giá 5 tỷ 8
","
5,8
Tỷ ","
50
m2
","['Hà Nội', 'Quận Hai Bà Trưng', 'Mua bán Nhà riêng tại Phố Bạch Mai']","
Nhà vị trí cực đẹp, diện tích rộng thích hợp phá đi xây nhà mới kinh doanh hoặc ở đều tốt. Gần Đại học Bách Khoa, Kinh Tế, Xây Dựng, trường Cấp 3 Thăng Long, nhà văn hóa Quận Hai Bà Trưng, công viên Thống Nhất. Bệnh viện Thanh Nhàn, Bạch Mai, Lão Khoa…. Khu Bạch Mai, Lê Thanh Nghị, Tạ Quang Bửu, Thanh Nhàn, Phố Huế, Đại La, Trần Khát Chân…. Sổ đỏ sẵn sàng giao dịch Chi tiết liên hệ Mr – Kiên – 0987209*** Chuyên thổ cư, còn hơn 200 nhà khu vực với nhiều mức giá,miễn phí dẫn khách xem nhà, tư vấn pháp lý
",Nhà riêng, 02/11/2023,30/11/2023,Bán,2605988,Sổ hồng,,,,,,,,,,,,,,,,,,,
"
Nhỉnh 4tỷ có ngay căn góc 103m 3pn2vs ecolife tố hữu. tầng trung, bc đông nam. full đồ
","
4,3
Tỷ ","
103
m2
","['Hà Nội', 'Quận Nam Từ Liêm', 'Mua bán Căn hộ chung cư tại Đường Tố Hữu']","
Tôi chính chủ cần bán lại căn hộ 3PN2VS chung cư Ecolife, Tố Hữu.Thông tin căn hộ như sau.- Diện tích thông thủy 103m².- Thiết kế căn góc gồm 3PN, 2WC.- Hướng cửa Đông Bắc, hướng ban công Đông Nam + Tây Nam.- Nội thất đầy đủ chỉ cần xách vali đến ở.Giá bán 4.3 tỷ bao phí sang tên.Liên hệ xem nhà trực tiếp tôi SĐT277 6226 (miễn trung gian).Xin cảm ơn!
",Căn hộ, 23/10/2023,20/11/2023,Bán,2563554,Sổ đỏ,,3,,,,,,,,,,,,,,,,,
"
Bán nhà phố An Dương Vương 20m 1,5 tầng giá nhỉnh hơn 1 tỷ
","
Thỏa thuận
","
20
m2
","['Hà Nội', 'Quận Tây Hồ', 'Mua bán Nhà riêng tại Đường An Dương Vương']","
NHÀ ĐẸP CHẮC CHẮN - LÔ GÓC THOÁNG MÁT - NGÕ THÔNG Ô TÔ LÙI ĐỖ TRƯỚC CỬA-15P RA PHỐ-XÁCH VALI Ở NGAY.👉Tầm tài chính nhà có sổ riêng rất hiếm khu vực này, chỉ 300 mét ra Hồ Tây, công viên nước khu vui chơi giải trí, siêu thị TTTM LOTTE nằm trên đường Võ Chí Công đang sắp vào hoàn thiện, vô vàn tiện ích xung quanh, nơi đây cửa ngõ Thủ Đô gần cầu Nhật Tân hướng giao thông huyết mạch kết nối sân bay Nội Bài - TT TP Hà Nội. 💥Sổ đỏ riêng pháp lý sạch đầy đủ, giao dịch ngay☎️☎️Mr Tuấn(chuyênBĐS thổ cư)0️⃣9️⃣7️⃣5️⃣2️⃣7️⃣7️⃣2️⃣8️⃣4️⃣xem và mua nhà ngay trong ngày.
",Nhà riêng, 02/11/2023,30/11/2023,Bán,2605909,,,,,,,,,,,,,,,,,,,,
"
2,79 tỷ bán căn góc 2pn+ Toà S1 view nội khu Vinhomes Smart City. LH: 0987825***
","
2,79
Tỷ ","
63
m2
",['Mua bán Căn hộ chung cư  Vinhomes Smart City'],"
Chính chủ bán gấp căn hộ 2pn+ DT 63m2, BC Tây Nam, View nội khu, Toà S1 Vinhomes Smart City. Vị trí trung tâm nhất khu S1,S2. LH: 098.782.5***- Diện tích sử dụng: 63m2. Thiết kế gồm: 1 phòng khách, 2 phòng ngủ chính và không gian + có thể làm thành phòng ngủ cho trẻ, phòng làm việc, đọc sách hoặc ko gian trưng bày- Hướng cửa chính: Đông Bắc- Ban công: Tây Nam- View nội khu- Nội thất nguyên bản CDT- Đã có sổ đỏ, sẵn sàng giao dịch- Giá: 2,790 tỷ bao toàn bộ thuế phí đến khi ra sổLiên hệ 098.782.59***để nhận thông tin chi tiếtĐặc quyền khi trở thành cư dân Vinhomes: Sử dụng Full tiện ích 5 sao như: Bể bơi 4 mùa và hệ thống bể bơi tại các cụm KĐT, Công viên trung tâm hồ điều hoà cát trắng có hệ thống bếp nướng BBQ, Công viên thể thao với hàng nghìn máy tập, Khu vui chơi trẻ em nội khu và ngoại khu, Vườn Nhật mang đậm phong cách xứ Phù Tang, Trung tâm thương mại Mega Mall lớn nhất miền Bắc, Bệnh viện Vinmec, Trường học liên cấp Vinschool và 16 điểm trường quanh dự án.Liên hệ: Zalo 098.782.59***để trở thành cư dân Vinhomes Smart City.
",Căn hộ, 01/11/2023,29/11/2023,Bán,2605421,Sổ đỏ,Đông-Bắc,2,Có,,,,,,,,,,,,,,,False,Tây-Nam
"
Chính Chủ Bán Nhà Ngô Tất Tố 40m2, 3Tầng 10M ÔTÔ Dừng Đỗ - Giá 6.8Tỷ
","
6,8
Tỷ ","
40
m2
","['Hà Nội', 'Quận Đống Đa', 'Mua bán Nhà riêng tại Đường Ngô Tất Tố']","
💥💥💥 kHU VỰC HIẾM NHÀ BÁN XUNG QUANH QUAN CHỨC, CÁN BỘ - GẦN VĂN MIẾU QUỐC TỬ GIÁM .👉 Nhà bán cách Văn Miếu 50m, trước nhà sân rộng để xe thoải mái, bãi đỗ xe đầu nhà.Thiết kế:Tầng 1: khách, bếp + wcTầng 2: 2 phòng ngủ, 1WC giữaTầng 3: 1ngủ + wc, pòng thờ, sân phơi.📕 Sổ đỏ nở hậu chính chủ sẵn sàng giao dịch.Liên hệ ngay (24/7): 05823900***Hữu Dân Chuyên Tư Vấn BĐS Tây Hồ, Ba Đình, Cầu GiấyKết nối trực tiếp chủ nhà, miễn phí xem nhà 100%.
",Nhà riêng, 01/11/2023,29/11/2023,Bán,2605432,Sổ đỏ,Đông-Nam,,,1.0,1.0,1.0,1.0,1.0,1.0,1.0,1.0,1.0,1.0,1.0,1.0,1.0,1.0,,
