Title,Price,Area,Address,Gen_descrip,Loại hình,Tình trạng pháp lý,Hướng nhà,Bình nóng lạnh,Máy hút mùi,Tủ bếp,Bàn ăn,Kệ TV,Tủ trang trí,Giường ngủ,Bàn phấn,Tủ quần áo,Bồn tắm,Vòi hoa sen,Bồn cầu,Bồn rửa mặt,Bàn ghế P.khách,Ngày đăng,Ngày hết hạn,Loại tin,ID tin
"
Duy nhất căn 2N+, bồn tăm, thông thủy 86m2, rộng nhất, full NT, Vinhomes Smart City, nhỉnh 4 tỷ
","
4,15
Tỷ ","
85,2
m2
",['Mua bán Căn hộ chung cư  Vinhomes Smart City'],"
Tòa S403 vị trí trung tâm gần công viên, bệnh viện, Vincom.hướng Đông Nam mát mẻ.2 căn 1+ thông thủy 42.6m2, tổng 85.2m2 rộng rãi thành căn 2 N+, có phòng ăn riêng, phòng bếp riêng, Duy nhất có Bồn tắm.Layout chủ nhà thiết kế lại cực kỳ hợp lý.Tầng 6-8 đẹp, đặc biệt phân khu S4 có giá trị cao, và tòa S403 view ĐN cực đẹpNội khu có công viên, bể bơi và nhiều tiện ích khác...Tiện ích chung Vinhomes Smart City: Công viên hơn 20ha (công viên, hồ điều hòa vườn Nhật...), Bệnh viện Vinmec, Vincom, Vinbus miễn phí...Chủ nhà để lại Full nội thất hoặc thương lượng tiêu chuẩn bàn giao lại.Giá 4.15 tỷ bao phí.Liên hệ ngay em Tiệp 0902.227.2***để được tư vấn, xem trực tiếp căn hộ
",Căn hộ,Sổ đỏ,Đông-Nam,1.0,1.0,1.0,1.0,1.0,1.0,1.0,1.0,1.0,1.0,1.0,1.0,1.0,1.0, 31/10/2023,28/11/2023,Bán,2602571
"
Bán nhà mặt phố Thượng đình, Quận Thanh Xuân - Hà Nội
","
Thỏa thuận
","
155
m2
","['Hà Nội', 'Quận Thanh Xuân', 'Mua bán Nhà mặt phố tại Đường Thượng Đình']","
Bán gấp nhà mặt phố Thượng Đình - sát Nguyễn Trãi - đoạn rộng, đẹp nhất phố - 155m mặt tiền 7.5m giá: 60 tỷ. - Vị trí cực đẹp, đoạn đẹp nhất phố. Hàng xóm đều xây toà 7 - 8 tầng thang máy. Phố kinh doanh sầm uất, view cực thoáng. Giá đầu tư. - Sổ đỏ vuông, nở hậu nhẹ. Giá: 60 tỷ.
",Nhà mặt phố,Sổ đỏ,Đông-Nam,,,,,1.0,1.0,,,,,,,,1.0, 01/11/2023,29/11/2023,Bán,2604954
"
Bán nhà phố vương thừa vũ quận thanh xuân kinh doanh văn phòng. Diện tích 80M Giá 15 Tỷ
","
14 - 15
Tỷ ","
80
m2
","['Hà Nội', 'Quận Thanh Xuân', 'Mua bán Nhà riêng tại Đường Vương Thừa Vũ']","
BÁN NGAY NHÀ PHỐ VƯƠNG THỪA VŨ QUẬN THANH XUÂN 80M x 5T x MT4.5M GIÁ 15 TỶKINH DOANH SẦM UẤT , KẾT HỢP LÀM VĂN PHÒNG, PHÒNG KHÁM, Ô TÔ ĐỖ CỬA VÀO NHÀ + Nhà nằm khu vực dân trí cao dành cho quan chức tướng tá ở ,thiết kế vừa ở vừa kinh doanh.Thiết kế: - Tâng 1: Kinh doanh, để xe - Tâng 2: tầng 2 chia 2 phòng + vệ sinh- Tâng 3, 4: Mỗi tầng chia 2 phòng.- Tâng 5: sân phơi + Sổ đỏ chính chủ pháp lý chuẩn chủ nhà thiện chí bán để sang định cư nc ngoài với con.+ Quan tâm xin liên hệ ngay Mr Khương: 03925922***Số 1 về bđs Thổ cư Thanh Xuân và Đống đa để được hỗ trợ xem nhà. 
",Nhà riêng,Sổ đỏ,,1.0,1.0,1.0,1.0,1.0,1.0,1.0,1.0,1.0,1.0,1.0,1.0,1.0,1.0, 10/10/2023,07/11/2023,Bán,2428114
"
Phân lô Nguyễn Thị Định, oto tránh. Toà thương mại 550m2, 10 Tầng 1 Hầm
","
200
Tỷ ","
550
m2
","['Hà Nội', 'Quận Cầu Giấy', 'liền kề tại Đường Nguyễn Thị Định', 'Mua bán Nhà biệt thự']","
Phân lô Nguyễn Thị Định, oto tránh. Toà thương mại 550m2, 10 Tầng 1 Hầm ------------- * Thang máy, 10 Tầng với 9 Nổi 1 Hầm, MT lớn 20m. Đã trang bị đầy đủ trang thiết bị hiện đại. Bể bơi, phòng Gym, sân tập Golf. Có thể cho thuê văn phòng, khách sạn... - Sổ đỏ, pháp lý chuẩn. - Giá chào: Nhỉnh 200 tỷ ------------- LH: Tuân Nhà Phố .com (Mặt Phố, Biệt thự) - 0862682*** #tuannhapho #bannhamatpho #caugiay #nguyenthidinh #toanhathuongmai
","Nhà biệt thự, liền kề",Sổ đỏ,,1.0,1.0,1.0,1.0,1.0,1.0,1.0,1.0,1.0,1.0,1.0,1.0,1.0,1.0, 01/11/2023,29/11/2023,Bán,2604850
"
Giảm thêm 1 tỷ. 110m2, mặt tiền 6.8 mặt phố Tân Mai, vị trí đẹp, kinh doanh tốt, giá mới 33.1 tỷ
","
33,1
Tỷ ","
110
m2
","['Hà Nội', 'Quận Hoàng Mai', 'Mua bán Nhà mặt phố tại Đường Tân Mai']","
Vì công việc cá nhân nên cần bán nhà mặt phố Tân Mai, cho thuê, kinh doanh tốt, xung quanh có chợ đầu mối, KĐT, chung cư, hồ.Diện tích 110m², nhà 2 mặt tiền trước sau, 1 mặt chính phố Tân Mai, 1 mặt ngõmặt tiền chính phố Tân Mai trên sổ 6.8m, vỉa hè rộng, ô tô xe máy đỗ vỉa hè ngày đêm, thuận tiện kinh doanh. Vị trí đẹp giữaHiện trạng nhà vẫn còn chắc chắn, kiên cố, đang cho 1 bên quen biết thuê lại làm cửa hàng, chủ mới mua về có thể xây lại hoặc để nguyên trạng, tương lai căn nhà phù hợp xây tòa nhà làm trụ sở công ty, tòa nhà văn phòng, phòng khám đa khoa, răng hàm mặt, trung tâm ngoại ngữ, thẩm mỹ viện, khách sạn, cửa hàng...Trục đường đôi đẹp, phát triểnSổ đỏ 1 chủ, không tranh chấp, không quy hoạchGiá bán 33.1 tỷ, Liên hệ trao đổi cô Liên 0965660*** (không qua trung gian)
",Nhà mặt phố,Sổ đỏ,,,,,,,,,,,,,,,, 01/11/2023,15/11/2023,Bán,2604845
"
Bán căn hộ 1PN+ Vinhomes Smart City, Nam Từ Liêm - Hà Nội giá 1.90 Tỷ Lh 0903.251.3***để xem nhà
","
1,9
Tỷ ","
47
m2
","['Hà Nội', 'Mua bán Căn hộ chung cư tại Quận Nam Từ Liêm']","
Bạn đang tìm kiếm một căn hộ 1 phòng ngủ sang trọng, tiện nghi và an ninh tại Vinhomes Smart City? Bạn muốn sở hữu một không gian sống xanh, thông minh và hiện đại trong lòng thành phố? Bạn muốn tận hưởng những tiện ích đẳng cấp như bể bơi, phòng gym, khu vui chơi trẻ em, công viên, trường học, bệnh viện và nhiều hơn nữa?Nếu câu trả lời là có, thì đây là cơ hội tuyệt vời dành cho bạn. Chủ nhà chuyển công tác muốn bán gấp căn hộ 1 phòng ngủ+ tại Vinhomes Smart City, diện tích 47m2, giá chỉ 1,9 tỷ bao gồm thuế phí. Căn hộ có thiết kế hiện đại, tối ưu hóa không gian, mang lại cảm giác thoải mái và rộng rãi cho gia chủ. Căn hộ có có view thoáng, rộng, đẹp và được trang bị đầy đủ nội thất cao cấp, chỉ việc xách vali vào ở.Vinhomes Smart City là khu đô thị thông minh hàng đầu Việt Nam, được quy hoạch theo tiêu chuẩn quốc tế. Khu đô thị có hệ thống giao thông thuận tiện, kết nối với các tuyến đường huyết mạch như Đại lộ Thăng Long, Vành đai 3,5, cao tốc Hà Nội - Hải Phòng. Khu đô thị cũng có hệ thống an ninh hiện đại, bảo vệ 24/7. Đừng bỏ lỡ cơ hội sở hữu căn hộ 1 phòng ngủ+ tại Vinhomes Smart City với giá cực kỳ hấp dẫn. Liên hệ ngay với chúng tôi để biết thêm chi tiết và xem nhà. Số điện thoại: 0903.251.***
",Căn hộ,,,1.0,1.0,1.0,1.0,1.0,1.0,1.0,1.0,1.0,1.0,1.0,1.0,1.0,1.0, 01/11/2023,29/11/2023,Bán,2604840
"
Giảm 1 tỷ. 110m2,mặt tiền 6.8 mặt phố Giải Phóng, vị trí trung tâm hành chính quận, giá mới 27.5 tỷ
","
27,5
Tỷ ","
110
m2
","['Hà Nội', 'Quận Hoàng Mai', 'Mua bán Nhà mặt phố tại Đường Giải Phóng']","
Chính chủ gửi bán nhanh căn nhà mặt phố Giải Phóng - Hà Nội.Diện tích: 110.2m², mặt tiền 6.8m, vỉa hè 5m, 1 mặt tiền, 1 mặt ngõ2 mặt tiền trước sau, tiện vừa ở vừa cho thuê, xung quanh dân cư hiện hữu, khu hành chính, tiện ích đa dạng, đầy đủ, giao thông thuận tiện các hướng nội, ngoại thànhNhà đang cho thuê, dòng tiền ổn định hàng tháng, cam kết lấy lại mặt bằng trước khi công chứng sang tênTương lai tòa nhà 7 tầng 1 hầm, cho thuê văn phòng, showroom, cửa hàng, nha khoa,…Sổ đỏ vuông, pháp lý rõ ràng - thiện chí bán - giá hạ rất sâu để quyết tâm bán.Giá: 27,5 tỷ - có thể nói chuyện thêm khi làm việc cụ thểLiên hệ trao đổi cô Liên 0965660***
",Nhà mặt phố,Sổ đỏ,,,,,,,,,,,,,,,, 01/11/2023,15/11/2023,Bán,2604834
"
Bán 64m2 đất Chu Xá Kiêu Kỵ , Gia Lâm ô tô chạy thông
","
2,88
Tỷ ","
64
m2
","['Hà Nội', 'Huyện Gia Lâm', 'Mua bán Đất tại Đường Kiêu Kỵ']","
Chính chủ cần tiền bán 64m2 thôn Chu Xá Kiêu Kỵ Gia Lâm- Mặt tiền : 4.02m hậu 4.02m vuông vắn- Đường trước nhà rộng 3m ô tô 4 chỗ chạy thông- Khu dân cư đông đúc gần chợ Gàu , vin 3 cách vinhomes ocean park 1km- pháp lý sổ đỏ chính chủ- Giá bán : 2.880 tỷLh : Mr Thăng
",Đất,Sổ đỏ,Bắc,,,,,,,,,,,,,,, 01/11/2023,15/11/2023,Bán,2604817
"
Bán đất Đa Tốn Huyện Gia Lâm - Hà Nội giá 4.60 Tỷ
","
4,6
Tỷ ","
100
m2
","['Hà Nội', 'Huyện Gia Lâm', 'Mua bán Đất tại Đường Đa Tốn']","
Bán 100m2 đất Đa Tốn Gia Lâm Hà Nội- Mặt tiền : 5m hậu 5.05m nở hậu- Đường rộng 4m trải nhựa- Vị trí : Cách Vinhomes 800m , gần đường cao tốc 5B Hà Nội - Hải Phòng - Quảng Ninh- Khu dân cư đông đúc , đầy dủ tiện ích : trường mầm non , tiểu học , chợ , siêu thị , trạm xe bus- Pháp lý sổ đỏ chính chủ- Giá bán : 4.6 tỷLh : Mr Thăng
",Đất,Sổ đỏ,Đông-Bắc,,,,,,,,,,,,,,, 01/11/2023,29/11/2023,Bán,2604812
"
Đất sổ đỏ 50m2 Thị Trấn Đông Anh. Vị trí đắc địa tiềm năng tăng giá tốt.Cơ hội cho nhà Đầu tư
","
Thỏa thuận
","
50
m2
","['Hà Nội', 'Huyện Đông Anh', 'Mua bán Đất tại Thị trấn Đông Anh']","
Chỉ hơn 1,6tỷ sở hữu Đất Đẹp sổ đỏ ngay tại TT Đông Anh. Đường 2,5m. Cạnh đường nhựa liên xãVị trí đẹp gần đường QL3 chỉ cách 300mCách Bệnh Viện Bắc Thăng Long 200mCách Phố Đản Dị Trung Tâm TT 1kmGần Nhà máy Z153, Gần Ga Đông AnhKhu vực dân cư đông đúc sầm uất phát triểnDiện tích 50m2 Cách đường nhựa xe tránh chỉ 15mGiao thông đi lại vô cùng thuận tiệnĐất sổ đỏ sẵn sàng giao dịchĐất tiềm năng tăng giá cao#datdonganh#datsodo#muadatdonganhgiare#datdepgancaunhattan
",Đất,,,,,,,,,,,,,,,,, 01/11/2023,15/11/2023,Bán,2604795
"
chính chủ cần bán căn nhà tại ĐỐC NGỮ, phường liễu giai,ba đình hà nội
","
22,5
Tỷ ","
84
m2
","['Hà Nội', 'Quận Ba Đình', 'Mua bán Nhà mặt phố tại Phố Đốc Ngữ']","
CHÍNH CHỦ  cần bán căn nhà tại phố ĐỐC NGỮ- VỊ TRÍ SIÊU VÍP, Trung tâm lõi Quận BA ĐÌNH- ĐI VÀI BƯỚC CHÂN LÀ RA VEN HỒ TÂY- GIAO THÔNG ĐI LẠI THUẬN TIỆN CÁC TUYẾN PHỐ, lIỄU GIAI, VĂN CAO, THUỴ KHÊ, HOÀNG HOA THÁM- MẶT ĐƯỜNG TO,GIAO THÔNG THUẬN TIỆN VÔ CÙNG- GẦN BỆNH VIỆN LỚN QUÂN ĐỘI- Ô TÔ VÀO TẬN NHÀ- MẶT TIỀN RỘNG NHẤT PHỐ ĐỐC NGỮ - DT: 84 m2- Mt: 8,5 m- Nhà xây 4 tầng- Hiện nhà đang cho thuê 20tr/tháng làm văn phòng- Giá bán 22,5 tỷ- Chủ mới mua đập đi xây lên 8-9 tầng làm văn phòng, nhà ở,  siêu thị, kinh doanh, nhà hàng, khách sạn hoặc làm cc mini rất đẹp- Sổ đỏ chính chủ- Lh: #0989139***- Miễn trung gian- Liên hệ trực tiếp để đc xem đất và xem nhà
",Nhà mặt phố,,,,,,,,,,,,,,,,, 01/11/2023,29/11/2023,Bán,2604811
"
Bán 69m2 đất Đa Tốn Gia Lâm có sẵn nhà 4 tầng
","
4,5
Tỷ ","
69
m2
","['Hà Nội', 'Huyện Gia Lâm', 'Mua bán Đất tại Xã Đa Tốn']","
Bán nhà 4 tầng Đa Tốn Gia Lâm - gara ô tô, đường ô tô thông vòng quanh. Diện tích 69m² - 4,5 tỷ có thương lượng. Nhà thiết kế đẹp 4 ngủ đủ công năng chỉ việc xách vali về ở luôn.Nội thất xịn sò mới toanh. Vị trí ngay gần chợ Bún - Đa Tốn, cách Vinhomes 600m, cách khu đô thị sinh thái Ecopark 400m. Ngay gần đường 379 Hà Nội - Ecopark.- Pháp lý sổ đỏ chính chủ.Liên hệ: Mr Thăng
",Đất,Sổ đỏ,Đông-Bắc,,,,,,,,,,,,,,, 01/11/2023,29/11/2023,Bán,2604807
"
Dòng tiền 110tr/tháng, dt 85m2, 21 phòng, ngõ thông kinh doanh, CHDV đường Pháo Đài Láng, giá 13 tỉ
","
13
Tỷ ","
85
m2
","['Hà Nội', 'Quận Đống Đa', 'Mua bán Nhà riêng tại Phố Pháo Đài Láng']","
Cần sang tên lại tòa căn hộ dịch vụ đường Pháo Đài Láng, xung quanh nhiều sinh viênDiện tích: 85m², xây 8 tầng, mặt tiền hơn 5m- Thiết kế:+ T1 : chỗ để xe, phòng bảo vệ+ T2-8: mỗi tầng 3 phòng chung cư miniTất cả nội thất đã hoàn thiện, vận hành tốt, ổn định dòng tiền 110 triệu/tháng, hiện tại đang cho 1 đơn vị quản lý thay, ai mua về có thể tự quản lý hoặc tiếp tục để bên khác quản lý hộ- Tòa nhà 8 tầng xây mới. Nằm ở vị trí đắc địa quận Đống Đa- Đặc biệt đường trước nhà rộng, thông sang Chùa Láng, nhà cách mặt đường 30m- Sổ riêng sẵn sàng giao dịch, không vướng bất cứ gìGiá bán mong muốn 13 tỷLiên hệ trao đổi trực tiếp 09017711***A Vũ
",Nhà riêng,Sổ đỏ,,,,,,,,,,,,,,,, 01/11/2023,15/11/2023,Bán,2604820
"
Bán căn hộ đường Ngô Sỹ Liên Quận Đống Đa - Hà Nội giá 1.48 Tỷ
","
1,48
Tỷ ","
50
m2
","['Hà Nội', 'Mua bán Căn hộ chung cư tại Quận Đống Đa']","
🌹🌹🌹CĂN HỘ TRUNG TÂM ĐỐNG ĐA MỚI ĐẸP - CHỈ 1.48 TỶ - Căn hộ gồm 2 ngủ , 1 khách, 1 vs, toà có bảo vệ 24/24.- Vị trí trung tâm thuận tiện giao thông, gần trường cấp 1,2 , gần chợ, gần phố, nhiều tiện ích.- Nhà gần phố Khâm thiên, Văn Chương, Lê Duẩn. 📕 Sổ đỏ chính chủ☎️ 0869081***
",Căn hộ,,,1.0,1.0,1.0,1.0,1.0,1.0,1.0,1.0,1.0,1.0,1.0,1.0,1.0,1.0, 01/11/2023,29/11/2023,Bán,2604264
"
Nhà đẹp 3,5 Tầng Thị Trấn Đông Anh,Gần QL3 , Đường 7m. Full Nội thất sẵn sổ hồng
","
2,6
Tỷ ","
40
m2
","['Hà Nội', 'Huyện Đông Anh', 'Mua bán Nhà riêng tại Đường Đản Dị']","
Chính chủ cần bán nhà 3.5 tầng mới tinh đường 7m. Chỉ nhỉnh 2 tỷ tại Thị Trấn Đông Anh, Hà Nội.Nhà đẹp đầy đủ nội thất, xây chắc chắn kiên cố ngay trên khu vực trung tâm sầm uất phát triển. Xứng đáng để an cư Toàn bộ khu nhà được thiết kế sang trọng và hiện đại nhất theo phong cách tân cổ điển.Nhà cao 3.5 tầng, 4 phòng ngủ, 1 phòng thờ. 3WC, 1 ban công rộng thoáng.Tầng 1: 1 PK, 1 bếp.Tầng 2: 2 PN, 1 WC.Tầng 3: 2 PN, 1 WC.Tầng trên cùng có 1 phòng thờ và sân phơi rộng thoáng. View đẹp.Nằm trong khu phố đông dân cư, kinh doanh nhỏ lẻ. Đường 7m xe ô tô tránh nhau.Sẵn đầy đủ nội thất, quý khách mua nhà chỉ việc dọn đến ở.Cách bệnh viện Bắc Thăng Long chỉ khoảng 700m.Đối diện ngay là chợ Cửa hàng mới rất thuận tiện.Liên hệ ngay để xem nhà : EM TẤM 0868230***
",Nhà riêng,,,,,,,,,,,,,,,,, 19/10/2023,02/11/2023,Bán,2581728
"
chính chủ cần bán căn PHÂN LÔ lạc long quân tây hồ hà nội
","
9,2
Tỷ ","
40
m2
","['Hà Nội', 'Quận Tây Hồ', 'Mua bán Nhà mặt phố tại Đường Lạc Long Quân']","
SIÊU PHẨM NHÀ KHU LẠC LONG QUÂN, thuộc khu PHÂN LÔ, lh: #0989139***- Vị trí đẹp, - Giá siêu thấp- Ô tô Chánh- Mặt trước đường nhà 10 m, cư dân đi lại ít xe ô tô để thoải mái 24/24- Ngõ rộng nhất tuyến phố LẠC LONG QUÂN- Nhà thiết kế 5 tầng đẹp hiện đại- Dt: 40- Sổ đỏ chuẩn đét
",Nhà mặt phố,Sổ đỏ,,,,,,,,,,,,,,,, 01/11/2023,29/11/2023,Bán,2604787
"
Đất Tiên Dương 75m2 đường thông 5m. sổ đỏ. Gần đường Võ Nguyên GIáp
","
Thỏa thuận
","
75
m2
","['Hà Nội', 'Huyện Đông Anh', 'Mua bán Đất tại Đường Võ Nguyên Giáp']","
Bán đất đẹp đường ô tô 5m. Tặng ngay nhà cấp 4 chỉ việc vào ở. Vị trí đắc địa ngay cạnh công viên Kim Quy, Sẵn sổ đỏ chỉ việc giao dịch Địa chỉ đất : Lễ Pháp - Tiên Dương - Đông Anh - Hà Nội Diện tích : 75m2 . Mặt tiền rộng 5,5m Đường thông hơn 5m rộng thoáng xe ô tô thoải mái vào nhà Trên đất đã có sẵn nhà cấp 4, chỉ việc vào ở Cách bìa làng 15m rất thuận tiện. Cách khu đấu giá Lễ Pháp 70m Bao quanh làng là dự án công Viên Kim Quy. Đất cực kỳ tiềm năng tăng giá Chỉ mất 5 phút di chuyển đến cầu Nhật Tân sang trung tâm Thành Phố Khổ đất Vuông vắn rất đẹp, sẵn sổ đỏ Pháp lý minh bạch rõ ràng, không quy hoạch, không tranh chấp Giá hợp lý nhất khu vựcCHI TIẾT LH EM TẤM : 0868230***#datdonganh#muabannhadatdonganh#datdepgancaunhattan#timdatdonganhduongoto
",Đất,,,,,,,,,,,,,,,,, 27/10/2023,10/11/2023,Bán,2597094
"
Bán 40m2 lô góc có sẵn nhà cấp 4 Đông Dư, Gia Lâm
","
2,05
Tỷ ","
40
m2
","['Hà Nội', 'Huyện Gia Lâm', 'Mua bán Đất tại Xã Đông Dư']","
Cần bán 40m2 lô góc 2 mặt thoáng Đông Dư Gia Lâmcó sẵn nhà cấp 4 trên đấtmặt tiền : 5.95m hậu 5.95m vuông vắnđường ô tô đỗ cửakhu dân cư đông đúc , gần quận long biên , gần cầu Thanh Trì , cách vinhomes ocean park 800mpháp lý sổ đỏ chính chủgiá bán : 2.050 tỷtiềm năng tăng giá cực mạnh khi Gia Lâm lên quậnlh : Mr Thăng
",Đất,Sổ đỏ,Tây-Nam,,,,,,,,,,,,,,, 01/11/2023,29/11/2023,Bán,2604774
