Title,Price,Area,Address,Gen_descrip,Loại hình,Ngày đăng,Ngày hết hạn,Loại tin,ID tin,Tình trạng pháp lý,Hướng nhà,Bình nóng lạnh,Máy hút mùi,Tủ bếp,Bàn ăn,Kệ TV,Tủ trang trí,Giường ngủ,Bàn phấn,Tủ quần áo,Bồn tắm,Vòi hoa sen,Bồn cầu,Bồn rửa mặt,Bàn ghế P.khách
"
Bán nhà Phạm Ngọc Thạch, 10m ô tô tránh, mới đẹp, chỉ 5.35 tỷ
","
5,35
Tỷ ","
45
m2
","['Hà Nội', 'Mua bán Nhà riêng tại Quận Đống Đa']","
Bán nhà ngõ 82 Phạm Ngọc Thạch (phố Nguyễn Ngọc Doãn), 15m ra oto tránh, cách hồ Đắc Di vài bước chân. Vị Trí: VIP, trung tâm quận Đống Đa, giao thông thuận lợi, đường thông khắp ngả: Chùa Bộc, Xã Đàn, Hồ Đắc Di Xung quanh tiện ích ngập tràn, 500m đầy đủ trường mầm non, cấp 1, 2, 3, HV Ngân hàng, ĐH Y Hà Nội,... Diện tích: 45m2 x 4 tầng, MT 3.6m. Nhà mới, đẹp, sẵn vào ở ngay. - Tầng 1: P. Khách, bếp và WC - Tầng 2,3: Mỗi tầng 2 phòng ngủ, 1WC - Tầng 4: Phòng thờ, phòng ngủ và sân phơi Sổ đỏ đẹp, pháp lý sạch, sẵn sàng giao dịch. Giá: 5.35 tỷ (có thương lượng) Liên hệ: 036.882.5***
",Nhà riêng, 01/11/2023,29/11/2023,Bán,2604802,,,,,,,,,,,,,,,,
"
Bán tòa nhà căn hộ dt 95m2, 24 phòng khép kín. Dòng Tiền 1,2 tỷ/năm, sát mặt phố Vũ Trụng Phụng
","
17
Tỷ ","
95
m2
","['Hà Nội', 'Quận Thanh Xuân', 'Mua bán Nhà riêng tại Đường Vũ Trọng Phụng']","
Thật 100%. Căn Hộ Dòng Tiền Sát Mặt Phố Vũ Trọng PhụngVị trí đẹp thiết kế hiện đại gồm 24 phòng khép kín full nội thất hiện đạiĐầy đủ GPXD , PCCC Khu vực khách thuê luôn kín phòng .Thông tin tòa nhà căn hộ dòng tiền cho thuê mặt phố Vũ Trọng Phụng:- Diện tích 95m2, 7 tầng thang mới 100 %Tầng 1 để xe, các tầng trên mỗi tầng 4 phòng khép kín Dòng tiền Ổn định  1.2 tỷ / năm. - Sổ đỏ chính chủ vuông đẹp sẵn sàng giao dịch.Cần bán nhanh, giá bán rẻ cho nhà đầu tưLiên hệ trao đổi trực tiếp 09017711***A Vũ
",Nhà riêng, 01/11/2023,15/11/2023,Bán,2604738,Sổ đỏ,,,,,,,,,,,,,,,
"
Bán 43m2 đất Đa Tốn Gia Lâm đường 3.5m thông , gần vinhomes ocean park
","
2,35
Tỷ ","
43
m2
","['Hà Nội', 'Huyện Gia Lâm', 'Mua bán Đất tại Đường Đa Tốn']","
Bán 43m2 đất Đa Tốn Gia Lâm ngay gần Vinhomes ocean parkMặt tiền 4.10m hậu 4.10mĐường rộng 3.5m trải nhựa thôngKhu dân cư đông đúc, gần vinhomes ocean parkPháp lý sổ đỏ chính chủGiá bán : 2.350 tỷLh : Mr Thăng
",Đất, 01/11/2023,29/11/2023,Bán,2604667,Sổ đỏ,Đông-Nam,,,,,,,,,,,,,,
"
4,55 tỷ Nhà 5 tầng diện tích 39m2 ngõ 277 Xuân Đỉnh
","
4,55
Tỷ ","
39
m2
","['Hà Nội', 'Quận Bắc Từ Liêm', 'Mua bán Nhà riêng tại Đường Xuân Đỉnh']","
5 tầng 39m2 mặt tiền 3,2m ở Xuân Đỉnh ngay Ngoại Giao ĐoànGần chợ,gần trường,gần hồ điều hòa,..gần cả StarlakeNgõ 277 Xuân Đỉnh ba gác thoải mái tránh nhau-Tầng 1: khách+bếp+vệ sinh-Tầng 2,3,4: tổng 3 ngủ+ vệ sinh khép kín-Tầng 5: phòng thờ+sân phơiSỔ ĐỎ CHÍNH CHỦLiên hệ: em Huy Địa Ốc Vàng (zalo): 0941028***
",Nhà riêng, 01/11/2023,29/11/2023,Bán,2604651,,,,,,,,,,,,,,,,
"
Cần bán tòa nhà 7 tầng cho thuê 70tr/tháng, 20m ra phố, dt 50m, giá rẻ đầu tư tại Bùi Xương Trạch
","
9
Tỷ ","
50
m2
","['Hà Nội', 'Quận Thanh Xuân', 'Mua bán Nhà riêng tại Đường Bùi Xương Trạch']","
Chính chủ gửi bán tòa căn hộ dịch vụ cho thuê tại Bùi Xương Trạch Thanh Xuân, vị trị tốt, nhà mới đẹp, thoáng.- Thông số: 50m2, 7 tầng, mặt tiền 4.5m- Sổ đỏ chính chủ, không thế chấp, tranh chấp, sẵn sàng giao dịch. THIẾT KẾ:Nhà xây 7 tầng thang máy, thoáng trước sau.- Tầng 1: để xe- Tầng 2-7: 12 phòng khép kín, full nội thấtNgõ rộng, sạch sẽ, xung quanh người đi làm, sinh viên nhiều nhu cầu thuêHiện tại đang vận hành cho thuê full công suất 70tr/tháng, dòng tiền ổn định Giá bán: 9 tỷSổ đỏ pháp lý đầy đủ, không vướng bất kể thủ tục gì, giấy phép gìLiên hệ trao đổi trực tiếp 09017711***A Vũ
",Nhà riêng, 01/11/2023,15/11/2023,Bán,2604673,Sổ đỏ,,,,,,,,,,,,,,,
"
Toà nhà mặt phố Mạc Thái Tông, Nam Trung Yên, Khách sạn 5 SAO
","
170
Tỷ ","
280
m2
","['Hà Nội', 'Quận Cầu Giấy', 'Mua bán Nhà mặt phố tại Đường Mạc Thái Tông']","
Toà nhà mặt phố Mạc Thái Tông, Nam Trung Yên, Khách sạn 5 SAO ------------- * Ngay Ngã tư, vị trí Góc Hiếm. Vỉa hè, Oto tránh, Dừng đỗ. 280m2 x 10 Tầng. 9 Nổi 1 Hầm. MT 30m. Đang cho thuê 400tr/tháng. - Sổ đỏ vuông đẹp. - Giá 17x tỷ. (có thương lượng) ------------- Tuân Nhà Phố .com (Mặt Phố, Biệt thự) - 0862682*** #tuannhapho #bannhamatpho #caugiay #macthaitong #namtrungyen #bankhachsan
",Nhà mặt phố, 01/11/2023,29/11/2023,Bán,2604642,Sổ đỏ,,1.0,1.0,1.0,1.0,1.0,1.0,1.0,1.0,1.0,1.0,1.0,1.0,1.0,1.0
"
Chỉ 2.44 tỷ sở hữu căn 2N2WC full nội thất cao cấp tại trung tâm Hoàng Mai
","
2,4
Tỷ ","
81
m2
",['Mua bán Căn hộ chung cư  Rose Town 79 Ngọc Hồi'],"
👉Diện tích tt: 81m2 (thông thủy 79m2).👉Thiết kế:2 phòng ngủ, 1 phòng khách, 1 nhà bếp, 2 vệ sinh, 2 ban công.📍Vị trí: nằm ở cuối đường Giải Phóng, Cách bxe Nước Ngầm 400m, cách KTQD, Bách Khoa -->10p di chuyển.✅Tiện ích: bể bơi trong nhà sử dụng 4 mùa quanh năm, trung tâm thương mại,6 hầm để xe, khu vui chơi trẻ em, sân thể thao, sân tenis, nhà hàng, sảnh lễ tân, siêu thị, an ninh,...✅Bàn giao full nội thất cao cấp: điều hoà, tủ bếp, bếp từ + hút mùi Bosch, full thiết bị vệ sinh + nóng lạnh,...💸💸Ngoài việc sử dụng để làm căn hộ để ở thì có tối ưu hóa lợi nhuận bằng cách làm VP cho thuê rất tốt lợi nhuận khoảng 9% hơn với việc mang đi gửi ngân hàng.Liên hệ xem nhà 24/24 ☎️: 0333090***
",Căn hộ, 01/11/2023,29/11/2023,Bán,2604904,Sổ hồng,Tây-Nam,1.0,1.0,1.0,1.0,1.0,1.0,1.0,1.0,1.0,1.0,1.0,1.0,1.0,1.0
"
Bán CCMN Cầu Giấy, ngõ thông kinh doanh, 7 chỗ vào nhà, 101m2- 18 phòng, mặt tiền 5.8m, sổ nở hậu
","
19
Tỷ ","
101
m2
","['Hà Nội', 'Quận Cầu Giấy', 'Mua bán Nhà riêng tại Đường Cầu Giấy']","
Cần bán tòa chung cư mini Cầu Giấy xây mới, thang máy, otoDiện tích 101m2, xây mới 9 tầng thang máy, GPXD, phòng cháy, thang thoát hiểm đầy đủ.Mặt tiền 5.8 mét, thích hợp kinh doanhHiện tại đang có 18 phòng khép kín cho thuêNhà mặt ngõ rộng 2 oto tránh nhau, lái mới vào nhà thoải mái, khu dân cư sạch sẽ + Vị trí nhà nằm trong khu trung tâm Cầu Giấy, mũi nhọn phát triển quận, nhiều cửa hàng kinh doanh lớn, mặt phố chính của quận.+ Xung quanh gần cơ quan hành chính quận CG, quận ủy CG, UBND Quan Hoa,  công viên Thủ Lệ, công viên Cầu Giấy, hồ Nghĩa Tân, Khu phố ẩm thực Nghĩa Tân+ Các trường ĐH xung quanh, ĐH GTVT, Báo chí, lượng nhân viên văn phòng, người đi làm nhiều, nhu cầu thuê cực nóng + Sổ đỏ chính chủ vuông vắn, sẵn sàng giao dịch.Gía bán mong muốn 19 tỷ.Liên hệ xem nhà trực tiếp 09017711***A Vũ 
",Nhà riêng, 01/11/2023,15/11/2023,Bán,2604643,Sổ đỏ,,,,,,,,,,,,,,,
"
Không thông tin ảo! Bán tòa căn hộ 66m2, 17 phòng, oto đỗ, ngõ thông, tại Nguyễn Trãi. Gía 12.4 tỷ
","
12,4
Tỷ ","
66
m2
","['Hà Nội', 'Quận Thanh Xuân', 'Mua bán Nhà riêng tại Đường Nguyễn Trãi']","
Thông tin tòa nhà căn hộ apartment Nguyễn Trãi cần bán:- Tòa nhà căn hộ apartment xây mới 7 tầng, thang máy.- Diện tích 66m2, 7 tầng, 17 phòng cho thuê- Ngõ oto, thông sang Thượng Đình Mô tả chi tiết:+ Tầng 1: thiết kế thông sàn để xe+ Tầng 2-7: Mỗi tầng 3 căn hộ khép kín, đầy đủ nội thất (Tủ lạnh, điều hòa, giường tủ, bàn ghế, bếp từ )+ Nhà tự xây rất cẩn thận có hồ sơ bản vẽ thiết kế, GPXD và phòng cháy chữa cháy đầy đủ.+ Đã có đơn vị xin thuê lại để vận hành nhưng muốn bán nên không đồng ý mà vẫn đang tự vận hành.Pháp lý: Sổ đỏ chính chủ, nở hậu nhẹ, sẵn sàng giao dịch.Gía bán 12.4 tỷ, thương lượng thêm cho khách nhanh việcLiên hệ trao đổi trực tiếp 09017711***A Vũ
",Nhà riêng, 01/11/2023,15/11/2023,Bán,2604616,Sổ đỏ,,,,,,,,,,,,,,,
"
Nhà phố Thanh Nhàn, kinh doanh tuyệt đỉnh, nhỉnh 5 t.ỷ
","
5,5
Tỷ ","
32
m2
","['Hà Nội', 'Quận Hai Bà Trưng', 'Mua bán Nhà mặt phố tại Đường Thanh Nhàn']","
HÀNG HIẾM - CÁCH MẶT PHỐ 3M – NHÀ CÒN MỚI Vị trí trung tâm, sát mặt phố, gần bệnh viện, 3 trường Đại học Bách - Kinh – XâyNhà rất đẹp, xây chắc chắn, chủ mới ở, thuận tiện kinh doanh.Thiết kế hiện đại, 5 tầng, 3 phòng ngủSổ đỏ chính chủ, giao dịch nhanh
",Nhà mặt phố, 01/11/2023,29/11/2023,Bán,2604556,Sổ đỏ,,1.0,1.0,1.0,1.0,1.0,1.0,1.0,1.0,1.0,1.0,1.0,1.0,1.0,1.0
"
1,37 tỷ bán nhanh căn Studio 28m2, view thành phố. Toà S1 Vinhomes Smart City. LH 098.782.5***
","
1,37
Tỷ ","
28
m2
",['Mua bán Căn hộ chung cư  Vinhomes Smart City'],"
Chính chủ bán gấp căn hộ Studio 28m2, BC Đông Bắc, View thành phố, Full đồ gỗ. Toà S1 Vinhomes Smart City. Tiện ích nội khu hoàn thiện nhất. LH: 098.782.5***- Diện tích sử dụng: 4m28m2. Thiết kế gồm: phòng khách, phòng ngủ và bếp trong cùng 1 không gian tối ưu- Hướng cửa chính: Tây Nam- Ban công: Đông Bắc, View thành phố- Bàn giao full nội thất gỗ gồm: Giường, tủ, tủ bếp, bàn ghế …… chỉ cần xách Vali về ở- Đã có sổ đỏ, sẵn sàng giao dịch nhanh gọn- Giá: 1,370 tỷ bao toàn bộ thuế phí đến khi ra sổLiên hệ 098.782.59***để nhận thông tin chi tiếtĐặc quyền khi trở thành cư dân Vinhomes: Sử dụng Full tiện ích 5 sao như: Bể bơi 4 mùa và hệ thống bể bơi tại các cụm KĐT, Công viên trung tâm hồ điều hoà cát trắng có hệ thống bếp nướng BBQ, Công viên thể thao với hàng nghìn máy tập, Khu vui chơi trẻ em nội khu và ngoại khu, Vườn Nhật mang đậm phong cách xứ Phù Tang, Trung tâm thương mại Mega Mall lớn nhất miền Bắc, Bệnh viện Vinmec, Trường học liên cấp Vinschool và 16 điểm trường quanh dự án.Liên hệ: Zalo 098.782.59***để trở thành cư dân Vinhomes Smart City. Bán nhanh
",Căn hộ, 01/11/2023,29/11/2023,Bán,2604509,,,,,,,,,,,,,,,,
"
Bán nhà biệt thự, liền kề Quận Hoàng Mai - Hà Nội giá 17.50 Tỷ
","
17,5
Tỷ ","
81
m2
","['Hà Nội', 'Quận Hoàng Mai', 'liền kề tại Đường Linh Đàm', 'Mua bán Nhà biệt thự']","
  KĐT Bắc Linh Đàm 81m 4 tầng mặt tiền 5.5m 17.5 tỷ Hoàng Mai 🌹 NHÀ QUAN🌹 PHÂN LÔ - Ô TÔ CHẠY VÒNG QUANH - KINH DOANH - VIEW VƯỜN HOA - HỐ CHỜ THANG MÁY - GARA 7 CHỖ🌹 Mô tả:- Vị trí đắc địa: Ngõ phân lô, ô tô chạy vòng quang, 2 mặt thoáng vĩnh viễn, VIEW VƯỜN HOA, 1 bước ra vườn hoa. Ở SƯỚNG LẮM.- Nhà xây để ở nên rất chắc chắn, kiên cố. Nội thất nhập khẩu, gạch xịn chống nồm, sàn gỗ, cầu thang gỗ Gụ nguyên tấm.- Tầng 1: Gara ô tô, phòng khách, phòng bếp( có tủ rượu rất đẹp)- Tầng 2,3: tầng 2 ngủ khép kín, ban công từng phòng.- Tầng 4: phòng ngủ,  phòng thờ,sân phơi cực rộng- Phù hợp lên thêm 7 tầng thang máy. VỪA Ở VỪA KINH DOANH VĂN PHÒNG thì tuyệt vời.- Sổ đỏ phân lô, đang nhờ ngân hàng giữ hộ( khác cọc sâu chủ tự rút)- Chủ nhà quan chức làm Bệnh Viện, hợp tác .
","Nhà biệt thự, liền kề", 01/11/2023,29/11/2023,Bán,2604490,Sổ đỏ,,,,,,,,,,,,,,,
"
Bán nhà riêng Quận Hoàng Mai - Hà Nội giá 2.70 Tỷ
","
2,7
Tỷ ","
28
m2
","['Hà Nội', 'Quận Hoàng Mai', 'Mua bán Nhà riêng tại Đường Kim Giang']","
NHÀ ĐẸP PHỐ KIM GIANG OTO ĐỖ ĐẦU CỔNG, DÂN TỰ XÂY CHẮC CHẮNChính chủ cần bán gấp nhà 28m2, tầng 2 32m2, 5 tầng chủ tự xây chắc chắn.Oto đậu đầu cổng nhà, có sân sử dụng chung rộng bên cạnh còn khe thoáng nên hai mặt thoáng vĩnh viễnNgõ ngõ yên tĩnh , an ninh tốt, nhà phân lô cho cán bộ quân độiGần chợ, trường mầm non, tiểu họcchủ thiện trí bán sổ sẵn sàng giao dịch.LH: Tường Nhà Đẹp 0965077***Miễn phí tư vấn và xem nhà.Miễn trung gian
",Nhà riêng, 01/11/2023,29/11/2023,Bán,2604390,Sổ đỏ,,,,,,,,,,,,,,,
"
Nhà đẹp phố Kim Giang, oto đỗ đầu ngõ, đi 10 bước ra phố
","
2,7E-05
Triệu ","
28
m2
","['Hà Nội', 'Quận Hoàng Mai', 'Mua bán Nhà riêng tại Đường Kim Giang']","
NHÀ ĐẸP PHỐ KIM GIANG OTO ĐỖ ĐẦU CỔNG, DÂN TỰ XÂY CHẮC CHẮNChính chủ cần bán gấp nhà 28m2, tầng 2 32m2, 5 tầng chủ tự xây chắc chắn.Oto đậu đầu cổng nhà, có sân sử dụng chung rộng bên cạnh còn khe thoáng nên hai mặt thoáng vĩnh viễnNgõ ngõ yên tĩnh , an ninh tốt, nhà phân lô cho cán bộ quân độiGần chợ, trường mầm non, tiểu họcchủ thiện trí bán sổ sẵn sàng giao dịch.LH: Tường Nhà Đẹp 0965077***Miễn phí tư vấn và xem nhà.Miễn trung gian
",Nhà riêng, 01/11/2023,29/11/2023,Bán,2604376,Sổ đỏ,,,,,,,,,,,,,,,
"
Nhà đẹp phố Kim Giang, oto đỗ đầu ngõ, đi 10 bước ra phố
","
2,7E-05
Triệu ","
28
m2
","['Hà Nội', 'Quận Hoàng Mai', 'Mua bán Nhà riêng tại Đường Kim Giang']","
NHÀ ĐẸP PHỐ KIM GIANG OTO ĐỖ ĐẦU CỔNG, DÂN TỰ XÂY CHẮC CHẮNChính chủ cần bán gấp nhà 28m2, tầng 2 32m2, 5 tầng chủ tự xây chắc chắn.Oto đậu đầu cổng nhà, có sân sử dụng chung rộng bên cạnh còn khe thoáng nên hai mặt thoáng vĩnh viễnNgõ ngõ yên tĩnh , an ninh tốt, nhà phân lô cho cán bộ quân độiGần chợ, trường mầm non, tiểu họcchủ thiện trí bán sổ sẵn sàng giao dịch.LH: Tường Nhà Đẹp 0965077***Miễn phí tư vấn và xem nhà.Miễn trung gian
",Nhà riêng, 01/11/2023,29/11/2023,Bán,2604364,Sổ đỏ,,,,,,,,,,,,,,,
"
Nhà đẹp phố Kim Giang, oto đỗ đầu ngõ, đi 10 bước ra phố
","
2,7E-05
Triệu ","
28
m2
","['Hà Nội', 'Quận Hoàng Mai', 'Mua bán Nhà riêng tại Đường Kim Giang']","
NHÀ ĐẸP PHỐ KIM GIANG OTO ĐỖ ĐẦU CỔNG, DÂN TỰ XÂY CHẮC CHẮNChính chủ cần bán gấp nhà 28m2, tầng 2 32m2, 5 tầng chủ tự xây chắc chắn.Oto đậu đầu cổng nhà, có sân sử dụng chung rộng bên cạnh còn khe thoáng nên hai mặt thoáng vĩnh viễnNgõ ngõ yên tĩnh , an ninh tốt, nhà phân lô cho cán bộ quân độiGần chợ, trường mầm non, tiểu họcchủ thiện trí bán sổ sẵn sàng giao dịch.LH: Tường Nhà Đẹp 0965077466Đã sao chépMiễn phí tư vấn và xem nhà.Miễn trung gian
",Nhà riêng, 01/11/2023,29/11/2023,Bán,2604360,Sổ đỏ,,,,,,,,,,,,,,,
"
Nhà đẹp phố Kim Giang, oto đỗ đầu ngõ, đi 10 bước ra phố
","
2,7E-05
Triệu ","
28
m2
","['Hà Nội', 'Quận Hoàng Mai', 'Mua bán Nhà riêng tại Đường Kim Giang']","
NHÀ ĐẸP PHỐ KIM GIANG OTO ĐỖ ĐẦU CỔNG, DÂN TỰ XÂY CHẮC CHẮNChính chủ cần bán gấp nhà 28m2, tầng 2 32m2, 5 tầng chủ tự xây chắc chắn.Oto đậu đầu cổng nhà, có sân sử dụng chung rộng bên cạnh còn khe thoáng nên hai mặt thoáng vĩnh viễnNgõ ngõ yên tĩnh , an ninh tốt, nhà phân lô cho cán bộ quân độiGần chợ, trường mầm non, tiểu họcchủ thiện trí bán sổ sẵn sàng giao dịch.LH: Tường Nhà Đẹp 0965077***Miễn phí tư vấn và xem nhà.Miễn trung gian
",Nhà riêng, 01/11/2023,29/11/2023,Bán,2604357,Sổ đỏ,,,,,,,,,,,,,,,
"
Bán nhà riêng đẹp - thang máy - Quận Ba Đình - Hà Nội giá 5.50 Tỷ
","
5,5
Tỷ ","
31 - 38
m2
","['Hà Nội', 'Quận Ba Đình', 'Mua bán Nhà riêng tại Phường Vĩnh Phúc']","
💥Căn nhà 5 tầng thang máy cần bán tại Hoàng Hoa Thám, gần phố, chỉ 60m ra phố, khu dân trí cao, an sinh đỉnh.- Ngõ rộng, thoáng, hàng xóm toàn cán bộ CA, cán bộ Ngoại giao, an ninh cực tốt.Thiết kế:- Tầng 1: khách, bếp, vs.- Tầng 2, 3, 4: mỗi tầng 1 ngủ khép kín.- Tầng 5: phòng thờ, sân phơi.Thiết kế thang máy cực tiện cho những gia đình có người cao tuổi, vừa tầm tiền.📕 SĐCC, vuông đẹp, giao dịch nhanh chóng. ☎️ Vui lòng liên hệ 0869081***
",Nhà riêng, 01/11/2023,29/11/2023,Bán,2604311,,,1.0,1.0,1.0,1.0,1.0,1.0,1.0,1.0,1.0,1.0,1.0,1.0,1.0,1.0
