Title,Price,Area,Address,Gen_descrip,Loại hình,Tình trạng pháp lý,Ngày đăng,Ngày hết hạn,Loại tin,ID tin,Bình nóng lạnh,Máy hút mùi,Tủ bếp,Bàn ăn,Kệ TV,Tủ trang trí,Giường ngủ,Bàn phấn,Tủ quần áo,Bồn tắm,Vòi hoa sen,Bồn cầu,Bồn rửa mặt,Bàn ghế P.khách,Hướng nhà,Đường vào,Mặt tiền,Chiều sâu
"
Bán gấp nhà Xuân La 40m2 giá tốt chỉ hơn 5 tỷ
","
Thỏa thuận
","
40
m2
","['Hà Nội', 'Quận Tây Hồ', 'Mua bán Nhà riêng tại Đường Xuân La']","
+Vị trí nhà trong ngõ, thông được ra 2 đường lớn Võ Chí Công và Xuân La. Xung quanh khu vực căn nhà rất gần hai trường cấp 1 và cấp 2 Xuân La (Đạt chuẩn Quốc gia), Học viện Hành chính Quốc Gia,Trung tâm TDTT Tây Hồ, Bệnh viện Tim Hà Nội, Trạm Y tế phường, Công an phường, Ủy ban nhân dân phường Xuân La. Cách đó không xa là Hồ Tây rất tiện cho anh chị em đi bộ hóng gió, tập thể dục hay đến những tụ điểm vui chơi Hot nhất tại đây.+Nhà còn mới đẹp, vuông vắn, xây dựng kiên cố chắc chắn. Thiết kế đơn giản mà hiện đại, cầu thang giữa ốp đá bóng sáng. Không gian ánh sáng rực rỡ tươi mới miễn chê.+Pháp lý đầy đủ, giao dịch nhanh gọn, chủ nhà rất có thiện chí.+Liên hệ ngay: Em Chiến – 09646174***hoặc Zalo 24/7. Hỗ trợ pháp lý, thủ tục giấy tờ đầy đủ.
",Nhà riêng,Sổ đỏ, 31/10/2023,28/11/2023,Bán,2602040,,,,,,,,,,,,,,,,,,
"
Bán nhà Xuân La hàng xóm Ciputra 31m2 chỉ hơn 4 tỷ
","
Thỏa thuận
","
31
m2
","['Hà Nội', 'Quận Tây Hồ', 'Mua bán Nhà riêng tại Đường Xuân La']","
+Nằm trong con ngõ sầm uất nhất tại Xuân La, 3 bước ra chợ, dễ dàng thông ra đường Nguyễn Hoàng Tôn, Võ Chí Công. Vị trí rất gần trường cấp 1, cấp 2 Xuân La, Học viện Hành chính Quốc Gia, Bệnh viện Tim Hà Nội, Trạm y tế phường, Trung tâm TDTT quận Tây Hồ, đặc biệt gần Hồ tây – một trong những tụ điểm huyên náo nhất Hà Nội.+Nhà xây mới coong hiện đại, hệ thống ánh sáng rực rỡ không tì vết, vuông vắn 2 mặt thoáng, nội thất đẹp mới nguyên sẵn sàng sử dụng.+Pháp lý miễn bàn chỉ chờ có khách là giao dịch luôn, chủ nhà vô cùng thân thiện.+Liên hệ ngay: Em Chiến – 09646174***hoặc Zalo 24/7. Hỗ trợ pháp lý, thủ tục giấy tờ đầy đủ.
",Nhà riêng,Sổ đỏ, 31/10/2023,28/11/2023,Bán,2602039,,,,,,,,,,,,,,,,,,
"
Bán nhà Xuân La Xịn nhất trong tầm giá 30m2 mà chỉ hơn 4 tỷ
","
4 - 4,5
Tỷ ","
30
m2
","['Hà Nội', 'Quận Tây Hồ', 'Mua bán Nhà riêng tại Đường Xuân La']","
+Vị trí tiện ích ngõ thông thoáng, dễ dàng di chuyển ra đường lớn như Võ Chí Công, Xuân La, gần nhiều chợ dân sinh, trường học các cấp, Bệnh viện Tim Hà Nội, Trạm Y tế phường, UBND và Công an phường, dân trí cao, an sinh tuyệt vời. Siêu gần Hồ Tây với nhiều tụ điểm ăn chơi HOT nhất nhì thủ đô.+Nhà đẹp chắc chắn, cầu thang cuối mỗi tầng 1 phòng ngủ, hệ thống ánh sáng rực rỡ, đầy đủ phòng thờ và sân phơi.+Sổ đỏ đẹp chính chủ, chỉ chờ giao dịch, chủ nhà thân thiện lịch sự.+Liên hệ ngay: Em Chiến – 09646174***hoặc Zalo 24/7. Hỗ trợ pháp lý, thủ tục giấy tờ đầy đủ.
",Nhà riêng,Sổ đỏ, 31/10/2023,28/11/2023,Bán,2602038,,,,,,,,,,,,,,,,,,
"
Bán nhà Xuân La vào ở ngay – Thông 3 gác đua 41m2 giá 4.8 tỷ
","
4,8 - 4,9
Tỷ ","
41
m2
","['Hà Nội', 'Quận Tây Hồ', 'Mua bán Nhà riêng tại Đường Xuân La']","
+Vị trí  siêu tiện lợi chỉ 3 bước ra chợ, dễ dàng thông ra đường Võ Chí Công, đặc biệt gần trường cấp 1 và cấp 2 Xuân La, Bệnh viện Tim Hà Nội, Trạm Y tế phường, UBND và CA phường. Đặc biệt gần Hồ Tây lộng gió rất thích hợp cho anh chị em thích tập thể dục hay cafe chill chill ngắm cảnh.+Nhà thiết kế đơn giản mà tinh tế, nhiều phòng ngủ, sàn nhà nhà lát gỗ với tông màu sáng trẻ trung, cầu thang giữa ốp đá đen đẹp bóng sáng, ban công tuyệt đẹp.+Giấy tờ pháp lý sẵn trong két chỉ chờ khách đến là giao dịch, chủ nhà cởi mở đàm phán nhanh gọn.+Liên hệ ngay: Em Chiến – 09646174***hoặc Zalo 24/7. Hỗ trợ pháp lý, thủ tục giấy tờ đầy đủ.
",Nhà riêng,Sổ đỏ, 31/10/2023,28/11/2023,Bán,2602037,,,,,,,,,,,,,,,,,,
"
Bán nhà riêng Quận Tây Hồ - Hà Nội giá 13.50 Tỷ
","
13,5 - 13,6
Tỷ ","
42
m2
","['Hà Nội', 'Quận Tây Hồ', 'Mua bán Nhà riêng tại Đường Xuân La']","
+Vị trí địa lý quá đẹp thông ra nhiều đường lớn, 3 bước ra chợ, hàng xóm khu Ngoại giao đoàn, Học viện Hành chính Quốc gia, Bệnh viện Tim Hà Nội. Rất gần Hồ Tây – một trong những địa điểm chill nhất Hà Nội. Đặc biệt nằm trong khu vực dân trí cao, an ninh trật tự tốt không cần bàn.  +Nhà thiết kế vô cùng trẻ trung, hiện đại với nội thất nhiều tỷ, nhập khẩu 100% đúng chuẩn đẳng cấp thượng lưu.+Sổ đỏ vuông như bánh chưng, chủ đang cất trong ngân hàng cân khách hỗ trợ giải ngân.+Liên hệ ngay: Em Chiến – 09646174***hoặc Zalo 24/7. Hỗ trợ pháp lý, thủ tục giấy tờ đầy đủ.
",Nhà riêng,Sổ đỏ, 31/10/2023,28/11/2023,Bán,2602036,,,,,,,,,,,,,,,,,,
"
Tân Mai Lớn-30m Ra ÔTÔ Tránh-Trước Nhà SH Quay Đầu-Nhà Đẹp-Sổ Vuông-Full Nội Thất-Ở Luôn
","
3,75
Tỷ ","
35
m2
","['Hà Nội', 'Quận Hoàng Mai', 'Mua bán Nhà riêng tại Đường Tân Mai']","
* Bán Nhà Đường Đôi Tân Mai (Cách 200m) DT 35m2 / 4 Tầng MT 3.5m Giá 3 Tỷ 75 (Có Thương Lượng_Hỗ Trợ Vay Ngân Hàng)_ Vị trí đẹp, ô tô tránh cách nhà 30m, thẳng 200m ra đường đôi Tân Mai, trước nhà rộng thoáng SH quay đầu, trường học từ mần non đến cấp 1,2,3 quanh nhà, 5 phút đi bộ tới Công Viên Hồ Đền Lừ, anh sinh rất tốt._ Nhà xây mới tâm huyết, khung cột bê tông kiên cố, full 100% nội thất xịn xò, thiết kế 4 tầng cầu thang cuối, mỗi tầng một phòng đầy đủ công năng sử dụng._ Sổ đỏ nét căng chờ sang tên chủ mới. (Hỗ trợ vay ngân hàng nếu khách có nhu cầu)Liên hệ ngay 036-587-22***để xem nhà và giao dịch chính chủ.
",Nhà riêng,Sổ đỏ, 21/10/2023,18/11/2023,Bán,2586799,1.0,1.0,1.0,1.0,1.0,1.0,1.0,1.0,1.0,1.0,1.0,1.0,1.0,1.0,,,,
"
Cần nhượng lại căn 1 ngủ+1 43m3, full đồ đẹp lung linh xịn xò, tại Ocean Park Giá lỗ: 1.5ty
","
1,5
Tỷ ","
43
m2
",['Mua bán Căn hộ chung cư  Vinhomes Ocean Park'],"
Thông tin căn hộ. Loại căn 1 ngủ+. Diện tích: 43m2Full nội thát xịn xò đầu tư hết 300tr tặng lại cho khách thiện chíLH e Trọng để xem nhà  Đầy đủ các tiện ích xung quanh: bể bơi trường học, siêu thị, khu vui chơi ngoài trời, trung tam thương mại...  
",Căn hộ,Sổ đỏ, 30/10/2023,27/11/2023,Bán,2601869,,,,,,,,,,,,,,,Tây-Nam,,,
"
Nhà khu phố Bạch Mai, 55m2, 4 tầng, gần ô tô, giá 6 tỷ 8
","
6,8
Tỷ ","
55
m2
","['Hà Nội', 'Quận Hai Bà Trưng', 'Mua bán Nhà riêng tại Phố Bạch Mai']","
Trung tâm quận Hai Bà Trưng, gần chợ Mơ, Bệnh viện Thanh Nhàn, Bạch Mai, các trường đại học lớn Kinh Tế, Bạch Khoa, Xây dựng……..Nhà chủ tự xây còn như mới, khung cột bê tông thiết kế hiện đại, cầu thang gỗ lim xịn, móng 7 tầng luôn, diện tích xây dựng 60m2, phía trước có sân để xe phía sau có giếng trời. Nhà cực kỳ thoáng sáng, ngõ ba gác phóng, hàng xóm thân thiện hiền lành. Sổ đỏ sẵn sàng giao dịch Chi tiết liên hệ Mr – Kiên – 0987209*** Chuyên thổ cư, còn hơn 200 nhà khu vực với nhiều mức giá,miễn phí dẫn khách xem nhà, tư vấn pháp lý
",Nhà riêng,Sổ đỏ, 30/10/2023,27/11/2023,Bán,2601668,,,,,,,,,,,,,,,,,,
"
Cần bán gấp nhà đầu ngõ 18 Khương Hạ trung tâm quận Thanh Xuân, nhà mới dt68m x5T giá chỉ 6.2tỷ
","
6,2
Tỷ ","
68
m2
","['Hà Nội', 'Quận Thanh Xuân', 'Mua bán Nhà riêng tại Phố Khương Hạ']","
NHÀ MỚI ĐẸP - NGÕ THÔNG NÔNG GẦN PHỐ - TRUNG TÂM QUẬN THANH XUÂN - NỘI THẤT ĐẲNG CẤP - TIỆN ÍCH NGẬP TRÀN + Vị trí cực đẹp, ngõ thông sang 250 Khương Đình và Vũ Tông Phan, cách mặt phố khương hạ chỉ khoảng 8m, phía trước là trụ sở Cơ quan Công An Phường nên an ninh cực kì tốt+ Phía trước nhà thoáng vĩnh viễn, tăng thêm giá trị không gian.+ Đầu đường Khương Hạ giao nối ngã 3, ngã tư sang Khương Đình, Vũ Tông Phan. Xung quanh tiện ích đầy đủ không thiếu thứ gì+ Nhà mới xây dựng khung cột rất chắc chắn, hoàn thiện năm 2020. Chủ tâm huyết tự xây và đồ nội thất cao cấp toàn bộ+ Giá : 6.2 tỷ ( có thương lượng). Liên hệ: Nguyên Sơn - 098.1600.***- Miễn phí xem nhà 100%; Cam kết không thu bất cứ phí gì, kể cả giao dịch thành công. - Khách và chủ nhà trực tiếp đàm phán về giá.- Chuyên tư vấn nhà đất Thổ cư Hà Nội. Nguồn hàng phong phú.- Tư vấn pháp lý, quy hoạch, phong thủy, vay vốn ngân hàng.Trân trọng!
",Nhà riêng,Sổ đỏ, 30/10/2023,27/11/2023,Bán,2601478,1.0,1.0,1.0,1.0,1.0,1.0,1.0,1.0,1.0,1.0,1.0,1.0,1.0,1.0,,,,
"
Bán nhà riêng Quận Hà Đông - Hà Nội giá 10.00 Tỷ
","
10
Tỷ ","
64
m2
","['Hà Nội', 'Quận Hà Đông', 'Mua bán Nhà riêng tại Đường Nguyễn Khuyến']","
- Mặt đường Nguyễn Khuyến thuận tiện kinh doanh đỉnh tất cả các loại mặt hàng, trung tâm nhiều tiện ích, dân trí cao, phô nhiều cây xanh, giao thông đi lại thuận tiện.- Nhà đẹp ở ngay, thiết kế hiện đại, nội thất gỗ lim. Sổ đỏ chính chủ sẵn sàng giao dịch.
",Nhà riêng,, 30/10/2023,27/11/2023,Bán,2601434,,,,,,,,,,,,,,,,,,
"
Cực hot! Nhà quận Thanh Xuân 4 tầng mới tinh, ô tô đỗ cửa, dưới 4 tỷ
","
3,98
Tỷ ","
23
m2
","['Hà Nội', 'Quận Thanh Xuân', 'Mua bán Nhà riêng tại Đường Khương Trung']","
LÔ GÓC, Ô TÔ 5 CHỖ QUA NHÀ, 20M RA PHỐ, NHÀ ĐẸP Ở LUÔN - Nhà nằm vị trí siêu đẹp, vài chục mét ra mặt phố, ngõ ô tô 5 chỗ đỗ cửa, vị trí lô góc cực thoáng sáng, cả 2 mặt ngõ đều mở cửa mặt tiền.- Gần trường, chợ, TTTM Royal City, đi lại thuận tiện.- Thiết kế 4 tầng hiện đại, đủ công năng:   Tầng 1; Khách, bếp.   Tầng 2, 3: Mỗi tầng 1 phòng khép kín.   Tầng 4: Phòng thờ, sân phơi - có thể cải tạo thành phòng ngủ.- Sổ đỏ vuông đẹp.
",Nhà riêng,Sổ đỏ, 30/10/2023,27/11/2023,Bán,2601333,1.0,1.0,1.0,1.0,1.0,1.0,1.0,1.0,1.0,1.0,1.0,1.0,1.0,1.0,,,,
"
Chính chủ cần bán gấp căn song lập thô DT 150m² duy nhất tại Green Bay Mễ Trì.
","
68
Tỷ ","
150
m2
","['liền kề  Vinhomes Green Bay', 'Mua bán Nhà biệt thự']","
Cần bán gấp căn song lập DT 150m2 đang thô duy nhất tại Vinhomes Green Bay, giá cực thiện chí- Vị trí cực đẹp, diện tích 150m² nhà thô khách tự thiết kế nội thất theo ý thích.- Hướng hợp với khách tây tứ trạch.- Thiết kế 4 tầng nổi và 1 hầm, đã thiết kế lên mái.- Chủ cần bán gấp nên giá cực thiện chí nếu khách đến xem và làm việc nhanh gọn.Giá thương lượng trực tiếp.Anh chị có nhu câu liên hệ em Tiến chuyên biệt thự khu Vinhomes Green Bay ạ.
","Nhà biệt thự, liền kề",Sổ đỏ, 30/10/2023,27/11/2023,Bán,2601261,,,,,,,,,,,,,,,Tây-Nam,,,
"
Được sự tin tưởng của chủ nhà gửi bán 04 căn hộ đẹp GIÁ MỀM tại CT36 Xuân La - 093.1981.***
","
4,2 - 5,3
Tỷ ","
71,8 - 98,7
m2
",['Mua bán Căn hộ chung cư  CT36 Xuân La'],"
Được sự tin tưởng của chủ nhà gửi bán 04 căn hộ đẹp GIÁ MỀM tại CT36 Xuân La, Tây Hồ, Hà Nội.Căn hộ 86.1m2, thiết kế: 03PN, 02WC... Nội thất cơ bản liền tường - Giá chào bán: 4.35 tỷCăn hộ 86.1m2, thiết kế: 03PN, 02WC... Nội thất hoàn thiện đầy đủ khá đẹp - Giá chào bán: 4.45 tỷCăn hộ 71.8m2, thiết kế: 02PN, 02WC... Nội thất hoàn thiện đầy đủ khá đẹp - Giá chào bán: 3.95 tỷCăn hộ 98.7m2, thiết kế: 03PN, 02WC... Nội thất cơ bản gắn tường - Giá chào bán: 5.3 tỷVới hà tầng đồng bộ, kết nối giao thông thuận lợi sẽ là nơi an cư lý tưởng cho Quý khách hàng. Bên cạnh đó có chợ dân sinh mua thức ăn rất tiện lợi, gần hồ tây cực đẹp và thoáng mát...Quý khách hàng có nhu cầu vui lòng liên hệ 093.1981.6***gặp em Được Realtor.Trân trọng!
",Căn hộ,Sổ đỏ, 30/10/2023,06/11/2023,Bán,2601230,1.0,1.0,1.0,1.0,1.0,1.0,1.0,1.0,1.0,1.0,1.0,1.0,1.0,1.0,,,,
"
Chính chủ bán căn 3 ngủ góc lớn nhất dự án 98m2 Ocean Park, nhà đẹp nội thất xịn LH:0818858***
","
4
Tỷ ","
98
m2
",['Mua bán Căn hộ chung cư  Vinhomes Ocean Park'],"
Thông tin căn hộ. Phân khu S1. Diện tích: 98m2 sử dụng căn rộng nhât dư án . Nhà mới đẹp chủ nhà thiết kế rất cẩn thận. Xung quanh đầy đủ tiện ích.... Thiện chí bán mong gặp khách thiện chíGiá: 4ty có thương lượng 
",Căn hộ,Sổ hồng, 30/10/2023,27/11/2023,Bán,2565796,,,,,,,,,,,,,,,Đông-Bắc,,,
"
Chính chủ gửi bán 03 căn hộ đẹp mới ra GIÁ MỀM, 74.7m2 tại Chung cư An Bình City - 093.1981.***
","
3,85 - 5,45
Tỷ ","
74,7 - 112
m2
",['Mua bán Căn hộ chung cư  An Bình City'],"
Chính chủ gửi bán 03 căn hộ đẹp mới ra GIÁ MỀM, 74.7m2 tại Chung cư An Bình City - KĐT Thành phố giao lưu, Phạm Văn ĐồngCăn hộ 74.7m2, thiết kế: 02PN, 02WC... Nội thất đã được hoàn thiện đầy đủ khá đẹp - Giá chào bán: 3.85 tỷCăn hộ 90m2, thiết kế: 03PN, 02WC... Nội thất được hoàn thiện đầy đủ rất đẹp - Giá chào bán: 4.5 tỷCăn hộ 112m2, thiết kế: 03PN, 02WC... Nội thất hoàn thiện đầy đủ rất đẹp, căn góc rộng thoáng mát - Giá chào bán: 5.45 tỷVới hà tầng đồng bộ, kết nối giao thông thuận lợi sẽ là nơi an cư lý tưởng cho Quý khách hàng. Bên cạnh đó có chợ dân sinh mua thức ăn rất tiện lợi, có công viên cây xanh và hồ điều hòa rộng 15ha cực đẹp và thoáng mát...Quý khách hàng có nhu cầu vui lòng liên hệ 093.1981.6***gặp em Được Realtor.Trân trọng!
",Căn hộ,Sổ đỏ, 30/10/2023,06/11/2023,Bán,2601223,1.0,1.0,1.0,1.0,1.0,1.0,1.0,1.0,1.0,1.0,1.0,1.0,1.0,1.0,,,,
"
Bán đất mặt ngõ Thống Nhất, tổ 2, Phường Cự Khối, quận Long Biên - Hà Nội, 148m2, giá 9.6 tỷ
","
9,6
Tỷ ","
148
m2
","['Hà Nội', 'Quận Long Biên', 'Mua bán Đất tại Đường Bát Khối']","
Bán đất sổ đỏ chính chủ tại mặt ngõ Thống Nhất, Tổ 2 Phường Cự Khối, đường Bát Khối, Quận Long Biên, Hà Nội. Diện tích 148m2, mặt tiền 9m, vị trí đẹp đường trục chính rộng hai xe ôtô tránh nhau thoải mái, gần Ủy Ban Phường Cự Khối, tiện xây Biệt Thự, hoặc đầu tư chia được 2 căn đẹp, sđcc. Giá bán: 65tr/m2.
",Đất,Sổ đỏ, 30/10/2023,27/11/2023,Bán,1603151,,,,,,,,,,,,,,,,8m,9m,16m
"
Bán nhà biệt thự N06 khu đô thị Đặng Xá, Gia Lâm - Hà Nội, dt 231m2 nhà 3 tầng, giá 79tr/m2
","
18,2
Tỷ ","
231
m2
","['Hà Nội', 'Huyện Gia Lâm', 'liền kề tại Đường DX 016', 'Mua bán Nhà biệt thự']","
Bán biệt thự N06 khu đô thị Đặng Xá, Gia Lâm, Hà Nội. Diện tích 231m2 nhà 3 tầng xây thô, mặt tiền 11m, hướng đông bắc, khu đô thị dân trí cao, đường hè rộng có sân vườn gara ôtô, tiện ở hoặc văn phòng công ty, sđcc. Giá bán: 79tr/m2 (TL). #banbietthugialam #banbietthudangxa
","Nhà biệt thự, liền kề",Sổ hồng, 30/10/2023,27/11/2023,Bán,1885162,,,,,,,,,,,,,,,Đông-Bắc,,,
