Title,Price,Area,Address,Gen_descrip,Loại hình,Tình trạng pháp lý,Ngày đăng,Ngày hết hạn,Loại tin,ID tin,Bình nóng lạnh,Máy hút mùi,Tủ bếp,Bàn ăn,Kệ TV,Tủ trang trí,Giường ngủ,Bàn phấn,Tủ quần áo,Bồn tắm,Vòi hoa sen,Bồn cầu,Bồn rửa mặt,Bàn ghế P.khách,Số phòng ngủ,Căn góc,Số tầng,Hướng nhà
"
Bán đất ngõ 293 đường Ngọc Thụy, Quận Long Biên - Hà Nội, diện tích 191m2, giá 9.55 Tỷ
","
9,55
Tỷ ","
191
m2
","['Hà Nội', 'Quận Long Biên', 'Mua bán Đất tại Đường Ngọc Thụy']","
Bán đất ngõ 293 phố Ngọc Thụy, Long Biên, Hà Nội. Diện tích 191m2, mặt tiền 7m, ngõ rộng 3m Kia Morning ra vào thoải mái , khu dân trí cao, đi lại thuận tiện gần chợ Ngọc Thụy, cách Mipec Long Biên 500m, cách Hồ Hoàn Kiếm 3km, tiện xây biệt thự ở hoặc đầu tư chia được 4 căn đẹp, sđcc. Giá bán: 50tr/m2. Liên hệ: 0978228***
",Đất,Sổ đỏ, 30/10/2023,27/11/2023,Bán,2549603,,,,,,,,,,,,,,,,,,
"
Bán tòa nhà CHDV phố Trịnh Đình Cửu - Diện tích 106m2, mặt tiền 7m - Dòng tiền cao, ổn định.
","
20,9
Tỷ ","
106
m2
","['Hà Nội', 'Quận Hoàng Mai', 'Mua bán Nhà riêng tại Đường Trịnh Đình Cửu']","
Tòa nhà có vị trí rất đẹp. Cách đường ô tô tránh nhau 10m. Ngõ rộng 2m, thẳng tắp.Vị trí gần cầu Định Công, khu vực tập trung cực kỳ đông dân cư tuổi lao động, sinh viên... Nhu cầu về nhà ở cực cao.Vị trí đón đường vành đai 2.5 chạy ngay sát nhà, tương lai giá trị sẽ tăng đáng kể.Về xây dựng: Tòa nhà được thiết kế xây dựng 8 tầng trên diện tích thửa đất 106m2, mặt tiền 6.8m.Thiết kế xây dựng tổng 32 phòng khép kín - Dạng phòng có gác lửng. Hiệu suất cho thuê cao.Nhà đã lắp đặt toàn bộ hệ thống PCCC, hệ thống hút khói, thang thoát hiểm chuẩn đúng quy định. Khách hàng yên tâm khai thác.Dòng tiền cho thuê thực 155tr/ tháng. Đang cho đơn vị khai thác thuê lại cứng 130tr/tháng.Sổ đỏ chính chủ. Giá bán 20,9 tỷ. Thượng lượng giá cực tốt.Anh chị quan tâm Lh số 03863801***để làm việc. Xin cảm ơn!
",Nhà riêng,, 30/10/2023,27/11/2023,Bán,2601061,1.0,1.0,1.0,1.0,1.0,1.0,1.0,1.0,1.0,1.0,1.0,1.0,1.0,1.0,,,,
"
Bán duy nhất 1 căn Nguyễn_dt 50m2_6 tầng thang máy nhập khẩu_nhà mới ở ngay_ngõ thông ô tô
","
10
Tỷ ","
50
m2
","['Hà Nội', 'Quận Cầu Giấy', 'Mua bán Nhà riêng tại Phường Yên Hòa']","
NGỠ NGÀNG TRƯỚC VẺ ĐẸP CỦA NÀNG - NHÀ ĐẸP MỚI TINH ĐÓN CHỦ MỚI XINH - VỊ TRÍ CỰC HIẾM 1 CĂN DUY NHẤT QUANH KHU VỰC- Diện  tích 44/50m2, 6 tầng thang máy nhập khẩu.- Vị trí Lõi quận Cầu Giấy, con ngõ 381 Nguyễn Khang sầm uất kinh doanh, ô tô tránh, nhà mình chỉ cách mặt ngõ vài bước chân    • Ngõ phân lô ô tô chạy vòng quanh nhà thông sang mặt phố Hoa Bằng, ở kết hợp kinh doanh Văn Phòng hoặc Cho thuê tốt.    • Nhà xây mới tinh từ móng, nói KHÔNG VỚI QUY HOẠCH, thiết kế hiện đại, Cầu thang gỗ kính, đẹp như Khách Sạn.  - Tiện ích xung quanh thì miễn phải bàn, và xung quanh gần rất nhiều trường ĐH lớn...  • Thiết kế 6 tầng thang máy nhập khẩu :  - Tầng 1 : khách, Garage ô tô.- Tầng 2,3: thông sàn rộng, WC.- Tầng 4 : 2 phòng, WC ngoài.- Tầng 5: bếp, khách, WC.  - Tầng 6: phòng thờ, phòng giặt, sân phơi.  - Sổ đỏ chính chủ, sẵn sàng giao dịch.- LH em để được tư vấn hoàn toàn miễn phí ạ.#Cầu_Giấy.#Tây_Hồ.
",Nhà riêng,Sổ hồng, 30/10/2023,27/11/2023,Bán,2601012,1.0,1.0,1.0,1.0,,,,,,1.0,1.0,1.0,1.0,,,,,
"
Bán căn góc 2 ngủ 2wc full đồ tại Eco City Việt Hưng giá 2.1 tỷ bao phí đã có sổ
","
2,1
Tỷ ","
70
m2
",['Mua bán Căn hộ chung cư  Eco City Việt Hưng'],"
Do chuyển công tác, chủ nhà gửi bán căn hộ 2PN, căn góc, 2 ngủ 2wc, view bể bơi nội khu, diện tích 65m2, tầng đẹp, view thoáng. Nhân nhà 1 năm, Đã có sổ. Giá bán 2,1 tr, bao toàn bộ phí sang tên chuyển nhượng. full đồ nội thất cao cấp. Ưu tiên giao dịch ngay trong tuần. I. Vị trí phong thủy đắc địa. - Chỉ cách Times City 5 phút đi xe, tọa lạc tại lô đất CT - 21B KĐT Việt Hưng, tiếp giáp 2 trục đường lớn Đoàn Khuê - Lưu Khánh Đàm, nằm giữa đô thị Việt Hưng và Vinhome Riverside, thừa hưởng các tiện ích và cơ sở hạ tầng đẳng cấp, cách TTTM hàng đầu Nhật Bản Aeon Mall 3km, cách TTTM Vincom 100m, cách bệnh viện Đức Giang và các trường liên cấp Việt Hưng khoảng 2km, 3km - Eco City nằm trên mặt góc của 2 trục đường lớn, kết nối giao thông thuận tiện, được bao bọc bởi 1 dòng kênh xanh tạo phong thủy tốt, công viên cây xanh tạo không gian thoáng mát và thân thiện với môi trường. - Cách trường liên cấp Việt Hưng 0.2 km. - Công viên Việt Hưng 1.6km. - Siêu thị Aeon Mall Long Biên 3km. - Bệnh viện Đức Giang 2,2km. - Hồ Gươm 6,5 km. II. Tiện ích nội khu. * Bể bơi ngoài trời 4 mùa. * Phòng tập gym chất lượng, quần thể nhà hàng, cafe, giải trí... * Trung tâm thương mại cao cấp. * Công viên cây xanh. * Phòng hội nghị tiệc cưới.
",Căn hộ,, 20/10/2023,17/11/2023,Bán,1945940,,,,,,,,,,,,,,,2,Có,,
"
Bán nhà phố cầu giấy-56mx4t- dân xây-ở ngay- nhỉnh 6 tỷ
","
6,2
Tỷ ","
56
m2
","['Hà Nội', 'Quận Cầu Giấy', 'Mua bán Nhà riêng tại Đường Cầu Giấy']","
NGÕ RỘNG, YÊN TĨNH- NHÀ ĐẸP - 2 THOÁNG - Ở LUÔN - SÂN RIÊNG ĐỂ XE RỘNG- SỔ NỞ HẬU NHẸ- GIÁ CHÀO 6.2 TỶ 
Nhà nằm trong ngõ Quận ủy Cầu giấy, khu vực dân trí cao, nhiều khách tìm mà hiếm nhà bán. Từ nhà chỉ mất ít phút là ra đến các tuyến phố lớn như Quan Hoa, Đào Tấn, Láng, Xuân Thủy, Chùa Hà, Trần Thái Tông, Nguyễn Văn Huyên, Dương Quảng Hàm..Bán kính 2km là gần chục trường đại học lớn. Khu vực tiện ích không thiếu gì.Nhà diện tích rộng 56m, dân xây chắc chắn, ở giữ gìn nên còn như mới. Nhà 2 mặt thoáng trước sau, sân để xe rộng. Thiết kế 4 tầng, cầu thang giữa, tổng 4 phòng ngủ đầy đủ công năng. Sổ đỏ chính chủ, nở hậu nhẹ. Chủ thiện chí muốn bán nhanh. Giá chào 6.2 tỷ ( có thương lượng) 
GỌI NGAY Ms Vân chuyên nhà đất Cầu giấy để được xem và gặp chính chủ.
",Nhà riêng,Sổ đỏ, 30/10/2023,27/11/2023,Bán,2600960,,,,,,,,,,,,,,,4,,4,
"
Bán nhanh căn 2pn1wc tầng thấp hướng mát giá chỉ 1,76 tỷ bp tại Vinhomes Ocean Park
","
1,76
Tỷ ","
60
m2
",['Mua bán Căn hộ chung cư  Vinhomes Ocean Park'],"
Siêu đẹp căn 2 ngủ 1 vệ sinh Full nội thất tại Vinhomes Ocean Park,Gia Lâm,HN+ Tầng thấp ban công Đông Bắc, view xuống đường chính+ Nhà sạch sẽ, đang để trống. Ký mua bán xong nhận nhà ở ngay, đã full nội thất+ Pháp lý sổ đỏ sang tên+ Giá bán thiện chí 1.760 tỷ bao phíLH e 09663303***để dc tư vấn và dẫn đi xem căn hộ trực tiếp.
",Căn hộ,Sổ đỏ, 30/10/2023,13/11/2023,Bán,2600964,1.0,1.0,1.0,1.0,1.0,1.0,1.0,1.0,1.0,1.0,1.0,1.0,1.0,1.0,,,,Đông-Bắc
"
Bán nhà cầu giấy- 45mx4t-mt4m- ở ngay- chỉ 5 tỷ 1
","
5,1
Tỷ ","
45
m2
","['Hà Nội', 'Quận Cầu Giấy', 'Mua bán Nhà riêng tại Đường Cầu Giấy']","
NGÕ SẦM UẤT- KHU DÂN TRÍ CAO- NHÀ ĐẸP- SỔ A4- GIÁ CHÀO MỀM NHẤT KHU VỰC 5.1 TỶ 
Nhà ở trung tâm quận Cầu Giấy, bán kính 2km gần nhiều trường Đại học lớn ( ĐH Thủ Đô, ĐH Sư phạm, ĐH Ngoại ngữ, ĐH Luật, ĐH Ngoại thương, Ngoại giao), khu vực an ninh tốt, quy hoạch ổn định, dân trí cao.Nhà còn rất mới, dân xây chắc chắn, đầy đủ công năng gồm 4 ngủ, đủ cả phòng thờ, sân phơi..Sổ vuông đẹp. Chủ thiện chí để lại nội thất, điều hoà , nóng lạnh. Giá chào 5.1 tỷ ( có thương lượng)GỌI NGAY ms Vân chuyên nhà đất Cầu giấy để được xem và gặp chính chủ.
",Nhà riêng,Sổ đỏ, 30/10/2023,27/11/2023,Bán,2600918,,,,,,,,,,,,,,,4,,4,
"
Chính chủ cần bán nhà mặt phố Định Công, Q.Hoàng Mai DT 54m2 giá 8.5 tỷ có thương lượng
","
Thỏa thuận
","
54
m2
","['Hà Nội', 'Quận Hoàng Mai', 'Mua bán Nhà mặt phố tại Đường Định Công']","
+ Bán nhà mặt phố Định Công, vô vàn lợi ích, khu vực sầm uất, đường to, ô tô trước cửa nhà, ở hoặc làm văn phòng, công ty, cho thuê, bán hàng tạp hóa, bán online, hiện đang cho thuê làm spa khách hàng đông kinh doanh tốt! + Vị trí xung quanh gần: trường học các cấp, bệnh viện, chợ xanh, bến xe Giáp Bát,và vô vàn cửa hàng, đối diện khu chung cư Imperia Giải Phóng có siêu thị, rạp chiếu phim, bể bơi... + Đường tiếp giáp với các tuyến đường: Giải Phóng, Định công... + Diện tích 54m2, mặt tiền 3.3m, nhà thiết kế 3 tầng + 1 tum, thoáng sáng, đầy đủ công năng, khung cột chắc chắn. + khu vực dân trí cao, an sinh cực tốt. + giá 8.5tỷ, thương lượng trực tiếp CHỦ NHÀ. + Sổ vuông đẹp sẵn sàng giao dịch. + Liên hệ, xem nhà, Ngô Thắng chính CHỦ. 0987441***
",Nhà mặt phố,, 30/10/2023,27/11/2023,Bán,2509068,,,,,,,,,,,,,,,,,,Tây-Bắc
"
Bán căn 2 ngủ 68m2 phân khu cao cấp TK2, tặng xe ô tô VF5, giá chỉ 3,55 tỷ
","
3,55
Tỷ ","
68
m2
",['Mua bán Căn hộ chung cư  Vinhomes Smart City'],"
- Căn hộ 2N2WC, căn góc, tầng trung, view nội khu tòa TonKin, view thác nước, tháp đồng hồ.- Phân khu TK2 chỉ có 2 tòa, gần hồ trung tâm, mỗi tầng chỉ có 16 căn nên số lượng căn hộ rất ít, tiềm năng tăng giá cao- Khách nhận bàn giao nhà ngay sau khi ký hợp đồng mua bán, chiết khấu lên tới 20%- Thanh toán theo tiến độ làm 6 đợt- Chỉ cần 740tr ký HDMB, ngân hàng cho vay lên tới 70% GTCH, ân hạn nợ gốc và hỗ trợ lãi suất 0% đến tháng 9 năm 2025- CDT dành 25 xe VF5 cho khách hàng cuối cùng mua tòa TK2, tòa TK2 còn 50 căn hộ cuối cùng- Bàn giao thiết bị nội thất cao cấp, tủ bếp , bếp từ, điều hòa âm trần các phòng, cửa vân tay chống cháy 3 lớp, tủ quần áo, sàn gỗ, trần thạch cao, lan can bằng kính cường lực, máy lọc không khí tươi vào từng căn,...
",Căn hộ,Sổ đỏ, 30/10/2023,27/11/2023,Bán,2487283,1.0,1.0,1.0,,,,,,1.0,,1.0,1.0,1.0,,,,,Đông-Bắc
"
Bán căn hộ Quận Nam Từ Liêm - Hà Nội giá 3.99 Tỷ
","
3,99
Tỷ ","
65
m2
","['Hà Nội', 'Quận Nam Từ Liêm', 'Mua bán Căn hộ chung cư tại Đường 32']","
Em Ngọc xin được gửi đến anh/chị quỹ căn 2PN - The Tonkin! Diện tích từ 47-65m21_ Nhận nhà ở ngay, sổ hồng trao tay*Bàn Giao full nội thất cao cấp- Full sàn gỗ cao cấp 100%.- Nhà vệ sinh full thiết bị nhập khẩu từ Đức.- Ban công vách kính sang trọng, cao cấp nhất dự án.- Cửa sổ & cửa ban công kính diện tích lớn cho góc view tối đa.- Điều hòa âm trần, Smart Homes, máy lọc không khí...- Bếp từ hồng ngoại, máy hút mùi, chậu rửa Gorenji/Rosieres.- Hệ thống nước nóng trung tâm toà nhà.2_ Chính sách ưu đãi cực lớn chỉ có tại The Tonkin:+ Hỗ trợ vay đến 70% và Ân Hạn gốc lãi 2 năm đến ngày 12.07.2025.+ Chiết Khấu 20% vào giá bán cho khách hàng thanh toán sớm.+ Chỉ áp dụng cho 100 căn hộ đầu tiên.3_ Mật độ căn hộ chỉ 16 căn/sàn; 7 thang máy; Hành lang rộng 1.8m, có điều hoà; Sảnh lounge sang trọng bố trí nhân viên lễ tân & an ninh thường trực.Sử dụng miễn phí gần như toàn bộ các tiện ích như: Bể bơi, phòng gym, vườn nướng BBQ, công viên, vườn nhật, sân chơi thể thao.Liên hệ e Ngọc zalo : 0789.833.***
",Căn hộ,Sổ hồng, 30/10/2023,27/11/2023,Bán,2600854,1.0,1.0,1.0,,,,,,1.0,1.0,1.0,1.0,1.0,,,,,Tây-Bắc
"
Bán căn hộ cao cấp khu đô thị Vinhome Smart City giá 3.90 Tỷ
","
3,9
Tỷ ","
65
m2
","['Hà Nội', 'Quận Nam Từ Liêm', 'Mua bán Căn hộ chung cư tại Phường Đại Mỗ']","
Em Ngọc xin được gửi đến anh/chị quỹ căn 2PN - The Tonkin! Diện tích từ 47-65m21_ Nhận nhà ở ngay, sổ hồng trao tay*Bàn Giao full nội thất cao cấp- Full sàn gỗ cao cấp 100%.- Nhà vệ sinh full thiết bị nhập khẩu từ Đức.- Ban công vách kính sang trọng, cao cấp nhất dự án.- Cửa sổ & cửa ban công kính diện tích lớn cho góc view tối đa.- Điều hòa âm trần, Smart Homes, máy lọc không khí...- Bếp từ hồng ngoại, máy hút mùi, chậu rửa Gorenji/Rosieres.- Hệ thống nước nóng trung tâm toà nhà.2_ Chính sách ưu đãi cực lớn chỉ có tại The Tonkin:+ Hỗ trợ vay đến 70% và Ân Hạn gốc lãi 2 năm đến ngày 12.07.2025.+ Chiết Khấu 20% vào giá bán cho khách hàng thanh toán sớm.+ Chỉ áp dụng cho 100 căn hộ đầu tiên.3_ Mật độ căn hộ chỉ 16 căn/sàn; 7 thang máy; Hành lang rộng 1.8m, có điều hoà; Sảnh lounge sang trọng bố trí nhân viên lễ tân & an ninh thường trực.Sử dụng miễn phí gần như toàn bộ các tiện ích như: Bể bơi, phòng gym, vườn nướng BBQ, công viên, vườn nhật, sân chơi thể thao.Anh chị quan tâm liên hệ e Ngọc (ZALO) 0789.833.***
",Căn hộ,Sổ hồng, 30/10/2023,27/11/2023,Bán,2600840,1.0,1.0,1.0,,,,,,1.0,1.0,1.0,1.0,1.0,,,,,Tây-Bắc
"
Bán penthouse Long Biên 212m2 view sông Đuống cực đẹp
","
11,6
Tỷ ","
212
m2
",['Mua bán Căn hộ chung cư  Khai Sơn Town'],"
Căn penthouse 212m2 sở hữu 4 phòng ngủ với thiết kế duplex thông tầng 20-21 cực đẳng cấp, ban công view sông Đuống và cầu Đông Trù thoáng mátVị trí đắc địa mặt đường 40m mới thông với đường Ngọc Thụy, thuận tiện di chuyển vào trung tâm, ngay dưới tòa nhà là trường liên cấp Times school và công viên cây xanh, cùng với khu shophouse đáp ứng đầy đủ tiện ích sốngGiá bán: 11.6 tỷLiên hệ xem nhà: 0911.772.*** (em Ngọc)
",Căn hộ,, 30/10/2023,27/11/2023,Bán,2410074,,,,,,,,,,,,,,,,,,
"
Bán căn góc 3 phòng ngủ VIP nhất ban công nhìn ra hồ Thành Công tầng trung nhình 15 tỷ
","
15,7
Tỷ ","
125
m2
",['Mua bán Căn hộ chung cư  Diamond Park Plaza'],"
Căn góc đẹp diện tích 125m2 thiết kế 3 phòng ngủ 2 vệ sinh 2 ban công thoáng, ban công phòng khách nhìn thẳng ra công viên Gandhi và hồ Thành Công cực VIPCăn hộ tầng trung thuộc tòa BRG Láng Hạ vị trí đắc địa trung tâm quận Đống Đa, mật độ thoáng chỉ 7 căn/sàn, tòa nhà hiếm hoi tại Hà Nội đáp ứng tiêu chuẩn hạng A 40 căn hộ/thang máy, đảm bảo slot đỗ ô tô cho cư dânNhà mới bàn giao đầy đủ nội thất gắn tường cao cấp, có thể về nhận nhà ở ngayGiá bán: 15.7 tỷLiên hệ xem nhà: 0916.878.*** (em Ngọc)
",Căn hộ,, 30/10/2023,27/11/2023,Bán,2600814,1.0,1.0,1.0,1.0,,,,,1.0,1.0,1.0,1.0,1.0,,,,,Tây-Nam
"
Bán nhà mặt phố Quận Hoàng Mai - Hà Nội giá 9.90 Tỷ
","
9,9
Tỷ ","
94
m2
","['Hà Nội', 'Quận Hoàng Mai', 'Mua bán Nhà mặt phố tại Phố Thanh Đàm']","
💥💥💥💥💥 MẶT PHỐ KINH DOANH - THOÁNG TRƯỚC SAU - TƯƠNG LAI TƯƠI SÁNG - GIÁ TỐT.💥💥DT. 94M2 MẶT TIỀN 4.1MGIÁ CHÀO 9.9 TỶ THƯƠNG LƯỢNG MẠNH.KHÁCH MUA XÂY Ở HAY KINH DOANH DÒNG TIỀN NHƯ TÒA NHÀ VP. KHACH SẠN NHÀ NGHỈ.  CHUNG CƯ MINI QUA ĐỈNH.SỔ ĐỎ CHÍNH CHỦ. CHỜ GIAO DỊCH 👉 Phố Thanh Đàm là gạch nối giữa 2 tuyến Đê Nguyễn Khoái - Lĩnh Nam - Vành đai 3 - Cầu Thanh Trì thông sang Vĩnh Hưng -Vành Đai 2.5 - Dương Văn Bé - Minh Khai - Cầu Vĩnh Tuy tạo lên hệ thống giao thông quan trọng phía Đông của Thủ đô Hà Nội, nên việc đi lại và giao thương với các khu vực khác của Thành phố hay liên tỉnh đều rất thuận lợi.👉 Khu vực đang thay da đổi thịt từng ngày với nhiều dự án hạ tầng đô thị đồng bộ đã và đang triển khai.👉 Nhà nằm vị trí đẹp nhất mặt phố Thanh Đàm, đoạn gần ngã ba giao với Nguyễn Khoái - Ngũ Nhạc, khu vực gần trường học các cấp, Trung tâm hành chính phường Thanh Trì và các bến cảng - kho bãi nằm giữa cầu Vĩnh Tuy và Thanh Trì.
",Nhà mặt phố,Sổ đỏ, 30/10/2023,27/11/2023,Bán,2600807,,,,,,,,,,,,,,,,,,
"
Chính chủ có lô đất ở xóm Lục Thanh Cao diện tích 41m² mặt tiền 3,5m ô ngõ 3m
","
Thỏa thuận
","
40
m2
","['Hà Nội', 'Huyện Thanh Oai', 'Mua bán Đất tại Đường Bình Minh']","
Chính chủ em có lô đất ở xóm Lục Thanh Cao diện tích 41m² mặt tiền 3,5m nằm ngay trung tâm xã ô tô đỗ cạnh đất chỉ 200m ra đường trục chính Thanh Cao Bình Minh,  500m ra Quốc Lộ 21b. Xung quanh cư dân đông đúc, đường xá thông thoáng, nhiều dịch vụ ăn uống, xe bus, trường học, chợLH 0983405***
",Đất,, 30/10/2023,13/11/2023,Bán,2600761,,,,,,,,,,,,,,,,,,
"
Bán Nhà Mặt Phố Quang Trung Hà Đông, Đường lớn 6 làn xe, Vỉa Hè rộng Kinh Doanh vô đối, Giá 8Tỷ.
","
8
Tỷ ","
39
m2
","['Hà Nội', 'Quận Hà Đông', 'Mua bán Nhà mặt phố tại Đường Quang Trung']","
Bán Nhà Mặt Phố Quang Trung Hà Đông, Đường lớn 6 làn xe, Vỉa Hè rộng Kinh Doanh vô đối, Giá 8Tỷ. Bán Nhà Mặt Phố Quang Trung Hà Đông, Đường lớn 6 làn xe, Vỉa Hè rộng Kinh Doanh vô đối, sổ đỏ phân lô vuông đẹp, 39m², vỉa hè rộng 5m, kinh doanh mọi mặt hàng sầm uất ngày đêm, Vị trí nhà đẹp nhất phố, hiếm nhà bán, vị trí kinh doanh siêu đỉnh.Phố Quang Trung là trục chính của quận Hà Đông kinh doang sầm uất 2 bên, vỉa hè rộng thông thương các con phố lớn như Trần Phú, Nguyễn Trãi, Vạn Phúc...giá tốt nhất thị trường, với vô vàn tiện ích như trường học liên cấp 1, 2, 3, gần nhiều trường đại học, chợ Hà Đông, gần ga Hà Đông, ngay Nhà Thi Đấu Hà Đông, Quận Uỷ Hà Đông, MeTro, ..vv.giao thông thuận tiện các ngả Quang Trung, cầu Đơ, Bế Văn Đàn, Nguyễn Thái Học, Ngô Thì Nhậm, Văn Phú, Tô Hiệu, Bà Triệu, Lê Lợi, Chợ Hà Đông, Lê Hồng Phong, Văn Khê, Văn Quán, Đường 19/5, Phùng Hưng, Nguyễn Khuyến, Chiến Thắng, Triều Khúc, Nguyễn Trãi, Quang Trung, Nguyễn Văn Lộc, Làng Việt Kiều Châu Âu, Tố Hữu nói chung thông thương các ngả. Thiết kế:Nhà thiết kế 3 tầng đầy đủ công năng, phòng ngủ thoải mái, vừa ở vừa kinh doanh siêu Đỉnh.Pháp lý:Sổ đỏ chính chủ sẵn sàng giao dịch. quý khách có nhu cầu vui lòng liên hệ Mr Tình để xem vị trí và thỏa thuận giá. ĐT : 0906195***
",Nhà mặt phố,Sổ đỏ, 30/10/2023,27/11/2023,Bán,2600756,1.0,1.0,1.0,1.0,1.0,1.0,1.0,1.0,1.0,1.0,1.0,1.0,1.0,1.0,,,,
"
Bán gấp căn 2PN2WC Vinhomes Ocean Park 2,2 tỷ
","
2,2
Tỷ ","
68
m2
",['Mua bán Căn hộ chung cư  Vinhomes Ocean Park'],"
Chủ nhà là người quen cần bán lại căn ✅2PN2WC 68,4m2 tim tường 63,3m2 thông thủy✅ Tầng Trung✅ Full nội thất gỗ, trừ đồ điện tử✅ Ban công Đông Bắc✅ Đã có sổ, đang vay NH, ân hạn gốc lãi đến 26/1/2024👉 2 tỷ 200Đặt lịch xem căn hộ 0905948***
",Căn hộ,, 29/10/2023,26/11/2023,Bán,2600314,,,,,,,,,,,,,,,,,,
"
Chính chủ bán nhà mặt phố Hàng Cháo, phường Cát Linh, quận Đống Đa, Hà Nội
","
7
Tỷ ","
19
m2
","['Hà Nội', 'Quận Đống Đa', 'Mua bán Nhà mặt phố tại Phố Hàng Cháo']","
Nhà diện tích sổ đỏ 19 m2, có gác xép, vệ sinh khép kín, không nóc. Vị trí mặt phố ngay sát ngã ba phố Hàng Cháo - Tôn Đức Thắng rất tiện kinh doanh. Hiện đang cho đại lý vòng bi thuê nhưng cần tiền đầu tư nên bán.Giá 7 tỷ. Liên hệ trực tiếp chủ nhà. Miễn trung gian.
",Nhà mặt phố,, 29/10/2023,26/11/2023,Bán,2600272,,,,,,,,,,,,,,,,,,
