Title,Price,Area,Address,Gen_descrip,Loại hình,Tình trạng pháp lý,Ngày đăng,Ngày hết hạn,Loại tin,ID tin,Hướng nhà,Bình nóng lạnh,Máy hút mùi,Tủ bếp,Bàn ăn,Kệ TV,Tủ trang trí,Giường ngủ,Bàn phấn,Tủ quần áo,Bồn tắm,Vòi hoa sen,Bồn cầu,Bồn rửa mặt,Bàn ghế P.khách,Số phòng ngủ,Hướng ban công,Số tầng,Căn góc,Nội thất,Đã bao gồm thuế?,Chính chủ hay không?,Sofa phòng khách,Bàn trà,Đệm,Trần thả
"
Đất vàng LÔ GÓC Phố Vũ Miện- Bán Đảo Tây Hồ. 120m2, mặt tiền 9m. Cho thuê Apartment Vip, 20,5 tỷ.
","
20,5
Tỷ ","
120
m2
","['Hà Nội', 'Quận Tây Hồ', 'Mua bán Nhà riêng tại Phố Vũ Miện']","
- BÁN ĐẤT TẶNG NHÀ LÔ GÓC SÁT MẶT HỒ TÂY. Mặt tiền 9m quá VIP, xây ở đẳng cấp kết hợp cho người nước ngoài thuê căn hộ lúc nào cũng full phòng.- Vị trí rất hiếm nhà bán. Thuở đất đẹp, Mt rộng phù hợp mọi mục đích sử dụng. - Nhiều người săn lùng tìm mua ở Khu Vực Phố Vũ Miên vì đây là bán đảo Hồ Tây không khí trong lành mát mẻ quanh năm, dân cư văn minh.- Quá gần Trung Tâm Phố cổ, Lăng Bác, Nhà Quốc Hội các trụ sợ làm việc của cơ quanChính Phủ. - Nhà bên trong cũ nên không có gì miêu tả. - Sổ đỏ chính chủ, giao dịch ngay.** Tin thật, tư vấn chuẩn. Liên Hệ E. Trang- 09685223***để xem và đàm phàn trực tiếp chủ nhà. 
",Nhà riêng,Sổ hồng, 08/10/2023,05/11/2023,Bán,2424950,,,,,,,,,,,,,,,,,,,,,,,,,,
"
Chính Chủ - Bán chung cư N1 Nguyễn Trãi - Trường Chinh - Ngã Tư Sở - Thanh Xuân - Sổ đỏ vĩnh viễn
","
700
Triệu ","
58
m2
","['Hà Nội', 'Quận Thanh Xuân', 'Mua bán Căn hộ chung cư tại Đường Nguyễn Trãi']","
Bán chung cư N1 Nguyễn Trãi - Trường Chinh - Ngã Tư Sở - Thanh Xuân.Liên hệ Trường Chủ Đầu Tư để mua giá gốc 0971 846 *** (Lưu ý miễn môi giới trung gian).Tòa nhà xây dựng mới hiện đại, đã hoàn thiện có thể xách đồ về ở ngay.Giá bán: 620r - 710tr - 837tr - 943tr - Hơn 1 tỷ.Diện tích: 50m² - 55m² - 57m² - 59m² - 65m².Tòa nhà thiết kế tầng 1 để xe, tầng trên cùng là tầng tum sân phơi chung còn lại là các tầng căn hộ, có đầy đủ hệ thống phòng cháy chữa cháy tự động, an ninh tòa nhà bảo vệ chuyên nghiệp.Sổ hồng sở hữu vĩnh viễn.Liên hệ trực tiếp Trường Chủ Đầu Tư xây dựng để mua nhà giá gốc 0971 846 ***.Add zalo để nhận video căn hộ. (Lưu ý miễn môi giới trung gian).
",Căn hộ,Sổ hồng, 28/10/2023,25/11/2023,Bán,2598171,Đông,1.0,1.0,1.0,1.0,1.0,1.0,1.0,1.0,1.0,1.0,1.0,1.0,1.0,1.0,,,,,,,,,,,
"
Chính Chủ - Bán chung cư C1 Xuân La - Hồ Tây - Lạc Long Quân - Sổ đỏ vĩnh viễn
","
700
Triệu ","
55
m2
","['Hà Nội', 'Quận Tây Hồ', 'Mua bán Căn hộ chung cư tại Đường Lạc Long Quân']","
Chung cư C1 Xuân La -  Hồ Tây - Lạc Long QuânLiên hệ Trường chủ đầu tư để mua giá gốc 0971 846 *** (Lưu ý miễn môi giới trung gian).Giá bán: 659tr - 700tr - 856tr - 941tr - hơn 1 tỷ.Diện tích: 52m² - 55m² - 58m² - 60m² - 65m².Tòa nhà thiết kế tầng 1 để xe, có đầy đủ hệ thống phòng cháy chữa cháy tự động, an ninh tòa nhà bảo vệ chuyên nghiệp.Sổ hồng sở hữu vĩnh viễn.Liên hệ trực tiếp Trường chủ đầu tư xây dựng để mua nhà giá gốc 0971 846 ***.Add Zalo để nhận video căn hộ. (Lưu ý miễn môi giới trung gian).
",Căn hộ,Sổ đỏ, 28/10/2023,25/11/2023,Bán,1527920,Đông,1.0,1.0,1.0,1.0,1.0,1.0,1.0,1.0,1.0,1.0,1.0,1.0,1.0,1.0,2,Đông,8,Có,Có,,,,,,
"
Chính chủ - Bán chung cư CT1 Bến Xe Mỹ Đình - Trần Bình - Phạm Hùng - Sổ hồng vĩnh viễn
","
650
Triệu ","
52
m2
","['Hà Nội', 'Quận Nam Từ Liêm', 'Mua bán Căn hộ chung cư tại Đường Phạm Hùng']","
Chính chủ - bán chung cư CT1 Bến Xe Mỹ Đình - Trần Bình - Phạm Hùng.Nhận bàn giao căn hộ luôn - căn hộ rất thoáng sáng.Liên hệ Trường chủ đầu tư để mua giá gốc 0971 846 *** (Lưu ý miễn môi giới trung gian).Ô tô đỗ trước cửa chung cư.Giá bán: 639tr - 705tr - 800tr - 860tr - 900tr - 1 tỷ.Diện tích: 52m² - 55m² - 58m² - 60m² - 65m².Nội thất: Sàn gỗ, tủ bếp, trần thạch cao, thiết bị vệ sinh, bình nóng lạnh, đèn Led.Tòa nhà thiết kế tầng 1 để xe, có đầy đủ hệ thống phòng cháy chữa cháy tự động, an ninh tòa nhà bảo vệ chuyên nghiệp.Sổ hồng sở hữu vĩnh viễn.Liên hệ trực tiếp Trường Chủ Đầu Tư xây dựng để mua nhà giá gốc 0971 846 ***.Add zalo để nhận video căn hộ. (Lưu Ý Miễn Môi Giới Trung Gian).
",Căn hộ,Sổ hồng, 28/10/2023,25/11/2023,Bán,2598166,Đông,1.0,1.0,1.0,1.0,1.0,1.0,1.0,1.0,1.0,1.0,1.0,1.0,1.0,1.0,,,,,,,,,,,
"
Bán căn 2PN2WC 66,6m2 tầng cao Sakura Nhật, view toàn thành phố và khu biệt thự cực chill giá 2.9Tỷ
","
2,9
Tỷ ","
67
m2
",['Mua bán Căn hộ chung cư  Vinhomes Smart City'],"
- Căn 2N 2WC, 2 ban công, diện tích 66,6m² phủ bì, view Thiên Đường Bảo Sơn.- Căn hộ tầng cao, view cực chill khu biệt thự thấp tầng đẳng cấp nhất dự án, dễ cho thuê.- Thanh toán theo tiến độ làm 7 đợt, chiết khấu lên tới 8,8%, tặng thêm gói quà tặng trị giá 50tr, thanh toán sớm được chiết khấu thêm 8%/năm/số tiền thanh toán trước hạn.- Chỉ cần 440tr ký HĐMB, Ngân hàng cho vay lên tới 70% GTCH, ân hạn gốc, hỗ trợ lãi suất 0% đến hết T3/2025.- Bàn giao thiết bị vệ sinh đầy đủ của Toto, tủ bếp, cửa vân tay chống cháy, sàn gỗ, trần thạch cao.- Sử dụng các tiện ích nội ngoại khu như Vườn Nhật, hồ cảnh quan, bể bơi 4 mùa, vườn hoa Hokkaido,...- Tháng 10/2024 nhận nhà.Liên hệ em Nhung để được tư vấn trực tiếp 0395886***. 
",Căn hộ,Sổ hồng, 28/10/2023,25/11/2023,Bán,2490580,Đông-Nam,1.0,,,,,,,,,1.0,1.0,1.0,1.0,,,,,,,,,,,,
"
Mở bán - Chung cư D12 Quan Nhân - Giáp Nhất, 32 - 50m2, ô tô đỗ cửa, ở ngay, tặng vàng 24k
","
670 - 990
Triệu ","
35 - 60
m2
","['Hà Nội', 'Mua bán Căn hộ chung cư tại Quận Thanh Xuân']","
Mở bán - Chung cư D10 Quan Nhân - Giáp Nhất 32 - 56m², nhận nhà ở ngay, tặng vàng 24k.Vị trí.Cách 500 mét là công an phường, gần hồ Quan Nhân chỉ 50m.Tiện ích công cộng gần công viên, trường cấp 1 cấp 2 Quan Nhân, Nhân Chính.Gần các tuyến đường lớn:.Liên hệ Chinh Chủ :0966522***Giá bán.+ Căn 32 - 36m²: Giá từ 600tr - 750tr.+ Căn 42 - 50m²: Giá từ 900 tr - 950tr - hơn 1 tỷ.+ Căn 55 - 65m²: Giá từ 1,2 tỷ - hơn 1,3 tỷ.- Đặc biệt chiết khấu ngay 50tr mỗi căn.Nội thất.Sàn gỗ, trần thạch cao, tủ bếp trên dưới, bếp từ, hút mùi, nóng lạnh, thiết bị vệ sinh đầy đủ, các đèn điện chiếu sáng và trang trí tuyệt đẹp, đầu chờ internet, truyền hình cáp.Thông tin liên hệ xem nhà 24/24. Có tư vấn Zalo.Liên hệ chính chủ : 0966522***
",Căn hộ,, 28/10/2023,25/11/2023,Bán,2598114,,1.0,1.0,1.0,1.0,1.0,1.0,1.0,1.0,1.0,1.0,1.0,1.0,1.0,1.0,,,,,,,,,,,
"
Sốc, giảm giá căn hộ P1 Ngọc Hà - Đội Cấn - Ba Đình, nhận nhà ngay giá rẻ
","
490 - 900
Triệu ","
45 - 60
m2
","['Hà Nội', 'Quận Ba Đình', 'Mua bán Căn hộ chung cư tại Ngõ 279 Đội Cấn']","
MỞ BÁN TRỰC TIẾP CHUNG CƯ P1 NGỌC HÀ -  ĐỘI CẤN - BA ĐÌNHTHIẾT KẾ MỚI HIỆN ĐẠI - NHẬN NHÀ Ở LUÔN - TÒA NHÀ ĐÃ HOÀN THIỆN OTO ĐỖ GẦN NHÀ - CĂN HỘ 1-2 PHÒNG NGỦ - CĂN HỘ SÁNG THOÁNG KÝ HỢP ĐỒNG TRỰC TIẾP Thang máy, thang bộ thoát hiểm. Hầm để xe, bảo vệ an ninh 24/7 Căn 1 ngủ: 31m2 - 33m2 - 35m2 giá từ 600tr - 750tr Căn 2 ngủ: 43m2 - 44m2 - 46m2 - 48m2 - 50m2 giá 900tr - HƠN 1 tỷ Khách hàng không mất thêm bất kỳ chi phí nào khác. Pháp lý đầy đủ và đảm bảo theo quy định của pháp luật Khách hàng liên hệ trực tiếp chủ đầu tư để mua nhà giá gốc
",Căn hộ,, 28/10/2023,25/11/2023,Bán,1793802,,1.0,1.0,1.0,1.0,1.0,1.0,1.0,1.0,1.0,1.0,1.0,1.0,1.0,1.0,1,,,,,,,,,,
"
Bán chung cư VT1 Thụy Khuê, Hoàng Hoa Thám, Ba Đình, giá 590tr/căn 42-55m2 nhận nhà vào ở ngay
","
590 - 900
Triệu ","
42 - 55
m2
","['Hà Nội', 'Quận Tây Hồ', 'Mua bán Căn hộ chung cư tại đường Thụy Khuê']","
Bán Chung cư  Thụy khuê – Hoàng Hoa Thám – Ba Đình Nhận Nhà Vào Ở ngay • Nằm ở Vị Trí Quận Ba Đình gần khu vực đường Liễu Giai, Lạc Long Quân, Bưởi, Thụy Khuê, Ngọc Hà, Đội Cấn,…Gần Bệnh Viện Phổi Trung Ương, Bệnh Viện Quân Y 354… • Thiết kế hiện đại 7 tầng, tối ưu hóa công năng sử dụng. Phòng cao thoáng, thiết kế thoáng mát. Cách vị trí ô tô quay đầu chỉ 20m. - Tầng 1 rộng để xe, có camera an ninh tốt, bảo vệ 24/24. Khu dân trí cao. - Diện Tích 41m2- 43m3- 46m2- 50m2 • Giá Bán Căn Hộ: Giao động Từ 850tr - 910tr- 1,1tỉ - 1,2 tỉ Giá bán trên đã bao gồm tất cả các phí Tách và Làm Sổ Hồng Cho Quý Khách • Nội thất: Khi bàn giao căn hộ đầy đủ nội thất cơ bản: Tủ kệ bếp trên, dưới , Thiết bị hút mùi, Nóng lạnh, bếp từ, thiết bị vệ sinh, trần thạch cao, sàn gạch men, và những nội thất giường, tủ, kệ… • Pháp Lý: Sổ hồng đồng sở hữu riêng theo quy định nhà nước hiện hành *Liên hệ ngay trực tiếp từ chủ đầu tư để được xem nhà!!!
",Căn hộ,, 28/10/2023,25/11/2023,Bán,1563529,,,,,,,,,,,,,,,,,,,,,,,,,,
"
Mở bán chung cư Ngọc Hà - Ba Đình giá 500tr/căn full nội thất tách sổ hồng, nhận nhà ngay
","
500 - 800
Triệu ","
45 - 55
m2
","['Hà Nội', 'Quận Ba Đình', 'Mua bán Căn hộ chung cư tại Đường Ngọc Hà']","
CHỦ ĐẦU TƯ MỞ BÁN CHUNG CƯ  Ngọc Hà - Ba Đình ,FULL NỘI THẤT ,Ở NGAY ,NHIỀU DIỆN TÍCH LỰA CHỌN Giá vô cùng hợp lý: Các căn hộ thiết kế 1 - 2 - 3- 4phòng ngủ - 2,3vệ sinh. Giá bán:510tr - 620tr - 700tr - 1.050 tỷ -1,5 tỷ Diện tích:35m2 - 42m2 - 45m2 - 48m2 - 55m2 75m2 -92m2 Chung cư Ngọc Hà được xây dựng trên nền đất vuông vắn rộng hơn 400m2 có quy mô gồm 7 tầng căn hộ. Mỗi tầng có 10 căn hộ với hệ thống gồm 2 thang bộ và 2 thang máy hiện đại tốc độ cao. Tòa nhà thiết kế tầng 1 để xe, tầng trên cùng là tầng tum sân phơi chung còn lại là các tầng căn hộ, có đầy đủ hệ thống PCCC, an ninh tòa nhà bảo vệ chuyên nghiệp. Mua chung cư Xã Đàn khách hàng không phải mất thêm chi phí nào, ký hợp đồng trực tiếp CĐT với đầy đủ pháp lý: Sổ đỏ giấy phép XD, hợp đồng mua bán, mặt bằng căn hộ, danh mục thiết bị, nội quy sử dụng... Liên hệ ngay chủ đầu tư: (miễn trung gian)
",Căn hộ,, 28/10/2023,25/11/2023,Bán,1569838,,,,,,,,,,,,,,,,,,,,,,,,,,
"
Chủ đầu tư bán chung cư Xuân Đỉnh 500 triệu/căn 45-50m2, full nội thất nhận nhà ngay
","
500 - 890
Triệu ","
32 - 50
m2
","['Hà Nội', 'Quận Bắc Từ Liêm', 'Mua bán Căn hộ chung cư tại Đường Xuân Đỉnh']","
Chủ đầu tư bán chung cư Xuân Đỉnh - Xuân La - Công viên Hòa Bình. 1. Vị trí. - Chung cư Xuân Đỉnh, cạnh các tuyến đường lớn như: Phạm Văn Đồng, Xuân La.... Thông tin mô tả: Giá bán:- Căn 32 m2 – 35 m2: giá 560 triệu / căn. Căn 45m2- 50 m2 : Giá 800 triệu - 900 triệu/ căn. Chiết khấu cao cho những ai mua trực tiếp chủ đầu tư. - Đi lại thuận tiện, vị trí trung tâm Hà Nội, gần công viên Hòa Bình và nhiều trường đại học như: Đại học Nội Vụ, đại học Điện Lực... - Căn hộ đẹp, vuông vắn đặc biệt dự án có đường vào rất thuận tiện, ngõ to, rộng ô tô đỗ ngay cửa chính tòa nhà. Căn hộ có thiết kế: - 02 phòng ngủ, phòng khách, bếp, BC, có 02 vệ sinh - nóng lạnh, vách ngăn kính. - Sàn gỗ, trần thạch cao, bếp từ, tủ bếp, nóng lạnh, thiết bị vệ sinh,... Giấy tờ pháp lý. - Khi mua căn hộ khách hàng được nhận đầy đủ giấy tờ theo quy định của nhà nước - Tách sổ riêng từng căn. * Liên hệ trực tiếp chính chủ: (miễn môi giới).
",Căn hộ,, 28/10/2023,25/11/2023,Bán,1012670,,1.0,,1.0,1.0,1.0,,1.0,,1.0,,1.0,1.0,1.0,,,,,Không,,Không,Không,1.0,1.0,1.0,1.0
"
Mở bán Trích Sài – Hoàng Hoa Thám - View Tây Hồ 28 - 35 – 55m2, ở ngay, đủ đồ, ngõ ô tô đỗ cửa
","
500 - 900
Triệu ","
30 - 59
m2
","['Hà Nội', 'Quận Tây Hồ', 'Mua bán Căn hộ chung cư tại Đường Trích Sài']","
Dự Án : Chung cư Trích Sài - Thụy Khuê - Tây Hồ - Tòa nhà nằm trên đường Hoàng Hoa Thám - Tây Hồ - Hà Nội- Gần nhiều tuyến đường lớn: Trích Sài, Võng Thị, Hoàng Hoa Thám, Thụy Khuê, Lạc Long Quân, Võ Chí Công…- Gần Hồ Tây 100m, Gần Công viên nước hồ tây, Gần trường cấp 1, cấp 2 …2/ GIÁ BÁN CĂN HỘ.+ Căn 28m2 - 33 m2 - 35m2. Giá bán: 500 tr – 850 tr/căn.+ Căn 42 - 45 -50m2. Giá bán:  800tr – 1150tr/căn.+ Giảm giá ngay 20 triệu - 50trieu mỗi căn.3/  THIẾT KẾ HIỆN ĐẠI.Tòa chung cư xây hiện đại tiện nghi 7 tầng . Tầng 1 để xe máy.Thiết kế 10 căn /tầng. Trang bị đầy đủ 2 thang máy+ 2 thang bộ hiện đạiCó truyền hình cáp , mạng wifi , bảo vệ chuyên nghiệp 24/244/  NỘI THẤT BÀN GIAO.Sàn gạch men cao cấp, trần thạch cao, tủ bếp trên dưới, bếp từ, hút mùi, nóng lạnh, thiết bị vệ sinh đầy đủ, các đèn điện chiếu sáng và trang trí tuyệt đẹp, đầu chờ internet, truyền hình cáp.THÔNG TIN LIÊN HỆ HOTLINE  (Mr Thái )Có thể tư vấn zalo.
",Căn hộ,, 28/10/2023,25/11/2023,Bán,1295885,,,,,,,,,,,,,,,,,,,,,,,,,,
"
Chủ đầu tư mở bán chung cư Xuân La - Võ Chí Công giá chỉ 500 triệu/căn, ở ngay, tách sổ hồng
","
500 - 880
Triệu ","
35 - 50
m2
","['Hà Nội', 'Quận Tây Hồ', 'Mua bán Căn hộ chung cư tại Đường Võ Chí Công']","
Chủ đầu tư bán chung cư Võ Chí Công-Xuân La-Lạc Long Quân giá 14-16tr/m2, full nội thất tách sổ đỏ riêng, nhận nhà ngay.Vị trí vô cùng thuận tiện, ngay trung tâm thủ đô. Đi bộ ra hồ Tây 5 phút.Liên hệ chủ đầu tư:  (miễn môi giới - trung gian).- Diện tích: 35m2 - 38m2 - 43m2 - 45m2 - 48m2 - 50m2.- Giá bán: 14triệu/m2 và 16triệu/m2. ( 500 TR - 620TR - 700 TR - 880TR).Gồm 1 - 2 phòng ngủ, phòng khách, bếp và 2 vệ sinh, và nội thất cao cấp, thiết kế hiện đại, các căn hộ đều nhiều ánh sáng tự nhiên.- Vị trí trung tâm Hà Nội: Phố Lạc Long Quân, phố Xuân La, Võ Chí Công, ngõ rộng, 3 mặt thoáng.Tòa nhà nằm giữa trung tâm Hà Nội, gần ngay ngoại giao đoàn là khu vực có quy hoạch đẹp nhất hà nội, giao thông đi lại thuận tiện. Có nhiều loại diện tích và giá cả hợp lý cho khách hàng lựa chọn.Có sổ đỏ riêng, hợp đồng mua bán công chứng nhà nước.- Tòa nhà 6 tầng xây dựng trên diện tích đất 480m2, tầng trệt khu để xe chứa được 460 xe máy, tòa nhà có 2 thang máy Nhật nhập khẩu, thang bộ, hệ thống phòng cháy chữa cháy tiêu chuẩn, đèn Led điện, nước, internet, truyền hình cáp riêng biệt, bảo vệ 24/24.Mua chung cư ký hợp đồng trực tiếp với chủ đầu tư với đầy đủ pháp lý: HĐMB, sổ đỏ PTCC, GPXD, mặt bằng căn hộ, danh mục thiết bị, nội quy ban quản lý tòa nhà.- Đảm bảo đúng theo nghị định 71 và thông tư 02 của chính phủ về chung cư tại Hà Nội.Gọi trực tiếp chủ đầu tư để được mua giá gốc và tư vấn miễn phí:  (miễn môi giới - trung gian).
",Căn hộ,, 28/10/2023,25/11/2023,Bán,1045310,,1.0,1.0,1.0,1.0,1.0,1.0,1.0,1.0,1.0,1.0,1.0,1.0,1.0,1.0,,,,Không,,Không,Không,1.0,1.0,1.0,1.0
"
Bom tấn căn hộ cao cấp dự án The Zurich tại Vinhomes Ocean Park, giá chỉ 50tr/m2
","
2,5
Tỷ ","
40
m2
",['Mua bán Căn hộ chung cư  Vinhomes Ocean Park'],"
Booking tòa ZR2 - The Zurich Vinhomes Ocean Park Gia Lâm, giá chỉ từ 50tr/m, căn hộ chuẩn phong cách Thụy Sỹ.- Thiết kế căn hộ từ: Stu - 1pn - 2pn - 3pn.- Cách Trung tâm thành phố Hà Nội, Hồ Gươm 14km.- Cách cầu Vĩnh Tuy chỉ 5 phút lái xe.- Tiện ích tại tầng 13 gồm kid corner, phòng yoga dây, phòng gym, phòng chơi game gia đình, vườn sky garden, gofl 3D.- Toà ZR2 có tổng cộng 476 căn, 7 thang máy và 1 hầm gửi xe.- Mật độ căn hộ trên 1 sàn của ZR2 là 17 căn và đây là toà có số lượng căn hộ thấp nhất trên 1 sàn tại OCP tính tới thời điểm này.- Quà tặng dành riêng cho 100 khách đầu tiên đặt mua căn hộ ZR2 lên đến 15 tỷ.- Giá chỉ từ 50tr/m.- Được bàn giao thiết bị cao cấp theo tiêu chuẩn 5*.- Sổ đỏ lâu dài.Liên hệ: 0966.3303***để e hỗ trợ và tư vấn nhiệt tình.
",Căn hộ,Giấy tờ hợp lệ, 28/10/2023,11/11/2023,Bán,2598210,Đông-Nam,1.0,1.0,1.0,1.0,1.0,1.0,1.0,1.0,1.0,1.0,1.0,1.0,1.0,1.0,,,,,,,,,,,
"
Bán chung cư Ecohome 1, 56m, 2PN, có nội thất, tầng trung
","
1,67
Tỷ ","
56
m2
",['Mua bán Căn hộ chung cư  Nhà ở xã hội EcoHome 1'],"
- CẦN BÁN CHUNG CƯ ECOHOME 1 - DT 56M2 - 2PN - CÓ NỘI THẤT, TẦNG TRUNG, BAN CÔNG HƯỚNG MÁTĐC: Chung cư Ecohome 1 - đường Tân Xuân, Phường Đông ngạc, Bắc Từ Liêm, Hà Nội- Nhà có sổ Hồng, sang tên ngay- Chủ nhà đang ở, giữ gìn nhà nên nhà còn mới, sạch đẹp. Nhà thoáng mát, view bể bơi tuyệt đẹp- Giao thông thuận tiện nằm trên đường Tân Xuân, đường Kẻ Vẽ. Gần cầu Thăng Long, cầu Nhật Tân thuận tiện việc đi lại các tỉnh và đi sân bay quốc tế Nội Bài.- Khu vực ngập tràn tiện ích, an sinh tuyệt vời: Bể bơi, siêu thị, Bệnh viện Phương Đông, Bệnh Viện Nam Thăng Long. Gần trường mầm non, trường C1, C2 phường Đông Ngạc, gần Chợ Vẽ, chợ Tân Xuân. Tận hưởng tiện ích khu đô thị quốc tế Ciputra, Shunshine, IA 20.- Liên hệ Mr Quang chuyên chung cư giá rẻ, nhà đất Thổ cư Bắc Từ Liêm.
",Căn hộ,Sổ hồng, 28/10/2023,25/11/2023,Bán,2597957,,,,,,,,,,,,,,,,,,,,,,,,,,
"
Bán nhà 5T Đông ngạc, 35m, gần chợ vẽ, ô tô cách 10m - giá 3,2 tỷ
","
3,2
Tỷ ","
35
m2
","['Hà Nội', 'Quận Bắc Từ Liêm', 'Mua bán Nhà riêng tại Phường Đông Ngạc']","
- Bán nhà 4 tầng Đông ngạc, dt 35m2, ô tô cách 10m. cách chợ Vẽ 100m - ĐC: Đông Ngạc, Bắc Từ Liêm, Hà Nội - Pháp lý rõ ràng, không quy hoạch, không tranh chấp, sổ Hồng sang tên ngay - Nhà xây mới, thiết kế hiện đại. Chủ nhà là KTS thiết kế và giám sát hoàn thiện công trình. - Khu vực nhiều tiện ích: cách chợ Vẽ 100m, gần Ecohome, Ciputra, shunshine... - Giao thông vô cùng thuận tiện, nhà 2 mặt ngõ thông thoáng, căn góc, đường trước nhà rộng. Gần cầu Thăng Long, cầu Nhật Tân thuận tiện giao thương các tỉnh và đi sân bay quốc tế Nội Bài - Gần nhiều trường đại học, bệnh viện lớn: Bệnh viện Phương Đông, bệnh viện E, bệnh viện Nam Thăng Long, Đại học Mỏ, Học viện tài chính, Đại học y tế cộng đồng - Liên hệ Mr Quang chuyên nhà đất Thổ cư Bắc Từ Liêm
",Nhà riêng,Sổ hồng, 28/10/2023,25/11/2023,Bán,2597954,,,,,,,,,,,,,,,,,,,,,,,,,,
"
Bán căn góc 70m, chung cư Ecohome 2, có nội thất, sang tên ngay
","
2,17
Tỷ ","
70
m2
",['Mua bán Căn hộ chung cư  Nhà ở xã hội EcoHome 2'],"
- Cần bán căn góc 70m², 2PN, 2VS chung cư Ecohome 2, ban công hướng thoáng mát.- Sổ Hồng sẵn sàng giao dịch, sang tên ngay, Hỗ trợ vay ngân hàng- ĐC: Chung cư Ecohome 2 - đường Tân Xuân, Phường Đông ngạc, Bắc Từ Liêm, Hà Nội.- Nhà mới đẹp, vị trí căn góc, hướng thoáng mát, các phòng đều ngập tràn ánh sáng, có nội thất đẹp- Giao thông thuận tiện nằm trên đường Tân Xuân, đường Kẻ Vẽ. Gần cầu Thăng Long, cầu Nhật Tân thuận tiện việc đi lại các tỉnh và đi sân bay quốc tế Nội Bài.- Khu vực ngập tràn tiện ích, an sinh tuyệt vời: Bể bơi, siêu thị, Bệnh viện Phương Đông, Bệnh Viện Nam Thăng Long. Gần trường mầm non, trường C1, C2 phường Đông Ngạc, gần Chợ Vẽ, chợ Tân Xuân. Tận hưởng tiện ích khu đô thị quốc tế Ciputra, Shunshine, IA 20.- Liên hệ Mr Quang chuyên chung cư giá rẻ, nhà đất Thổ cư Bắc Từ Liêm.
",Căn hộ,Sổ hồng, 28/10/2023,25/11/2023,Bán,2597886,,1.0,1.0,1.0,1.0,1.0,1.0,1.0,1.0,1.0,1.0,1.0,1.0,1.0,1.0,,,,,,,,,,,
"
Bán chung cư Ecohome 3 tòa N04, N05, 70m, 2PN, 2VS ban công thoáng mát
","
Thỏa thuận
","
70
m2
",['Mua bán Căn hộ chung cư  Nhà ở xã hội EcoHome 3'],"
- Chủ nhà cần bán gấp căn hộ chung cư Ecohome 3 - 70m2 - 2PN - 2VS - tòa N04/N05 - Phòng khách thoáng, Full kính mở rộng cả phòng khách - Nhà nằm vị trí tầng trung, hướng thoáng mát.- Địa chỉ: Chung cư Ecohome 3, đường Tân Xuân - phường Đông Ngạc - Bắc Từ Liêm - Hà Nội.- Hiện trạng nhà nguyên bản để khách tự về lên ý tưởng thiết kế nội thất căn hộ theo ý thích.- Pháp lý rõ ràng, nhà đã có sổ hồng.- Khu vực nhiều tiện ích: Bể bơi, siêu thị, Gần cầu Thăng Long, cầu Nhật Tân thuận lợi đi sân bay Nội Bài và đi các tỉnh, gần chợ dân sinh: Chợ Vẽ, chợ Tân Xuân, gần bệnh viện Phương Đông, bệnh viện Nam Thăng Long, gần Đại học y tế Cộng Đồng, Học viện tài chính, Đại học Mỏ Địa chất. Gần trường học các cấp phường Đông Ngạc: Mầm non, cấp 1, cấp 2 Đông Ngạc, trẻ em có thể tự đi bộ đến trường bằng đường nội khu.- Tận hưởng nhiều tiện ích khu đô thị cao cấp Ciputra, Shunshine, IA 20 Ciputra.- Liên hệ Mr Quang chuyên mua bán, cho thuê chung cư Ecohome, nhà ở xã hội, chuyên nhà đất Thổ cư Bắc Từ Liêm.
",Căn hộ,Sổ hồng, 28/10/2023,25/11/2023,Bán,2597884,,,,,,,,,,,,,,,,,,,,,,,,,,
