Title,Price,Area,Address,Gen_descrip,Loại hình,Tình trạng pháp lý,Hướng nhà,Bình nóng lạnh,Máy hút mùi,Tủ bếp,Giường ngủ,Bồn tắm,Vòi hoa sen,Bồn cầu,Bồn rửa mặt,Bàn ghế P.khách,Ngày đăng,Ngày hết hạn,Loại tin,ID tin,Bàn ăn,Kệ TV,Tủ trang trí,Bàn phấn,Tủ quần áo,Số phòng ngủ,Hướng ban công,Số tầng,Căn góc,Nội thất,Đường vào,Mặt tiền
"
Bán nhà mặt phố đường nhân mỹ mỹ đình hà nội
","
5,15
Tỷ ","
33
m2
","['Hà Nội', 'Quận Nam Từ Liêm', 'Mua bán Nhà riêng tại Đường Nhân Mỹ']","
Ban nhà mặt phố nhân mỹ mỹ đình ngõ thoáng ô tô ra vào thoải mái. Diện tích 33,2m2 5 tầng 4m mặt tiền 5.15 tỷ.Vị trí cực víp gần phố, sân vận động mỹ đình 800m, gần bến xe mỹ đình, trường THCS mỹ đình 2, THPT mỹ đình, mầm non mỹ đình 1, cao đẳng công nghệ BK Hà Nội. Liên hệ: em Quyết 09733015***để được tư vấn và xem nhà miễn phí.  
",Nhà riêng,Sổ đỏ,Đông-Nam,1.0,1.0,1.0,1.0,1.0,1.0,1.0,1.0,1.0, 27/10/2023,24/11/2023,Bán,2596607,,,,,,,,,,,,
"
Mở Bán - Chung cư F3 Xã Đàn- Phương Liên - Hồ Ba Mẫu 36 - 55m, Full Nội Thất, Ở ngay Tặng Vàng 24k
","
600
Triệu ","
46
m2
","['Hà Nội', 'Quận Đống Đa', 'Mua bán Căn hộ chung cư tại Phố Xã Đàn']","
Mở Bán - Chung cư  F3 Xã Đàn- Phương Liên - Hồ Ba Mẫu 36 - 55m, Full Nội Thất, Ở ngay Tặng Vàng 24k. * Gần các tuyến đường trung tâm: xã đàn, phương liên, kim hoa, hồ ba mẫu, đê la thanh nhỉ.... * Gần các trường c1, c2, đại học lớn: bách khoa, xây dựng, kinh tế quốc dân... * Diện tích: 35m2 - 40m2 - 44m2 - 45m2 - 46m2 - 48m2 - 55m2. * Giá bán: Từ 600tr - 760tr - 860tr - 920 tr hơn 1 tỷ  * CHIẾT KHẤU GIẢM GIÁ NGAY 50 TRIỆU MỖI CĂN.  * Quy mô và thiết kế: Gồm 6 tầng căn hộ, mỗi tầng 4-5 căn, rộng thoáng, tầng 1 để xe. * Tòa nhà được trang bị 1 thang máy tốc độ cao, bảo vệ trực 24/24, PCCC hiện đại. * Giá bán đã bao gồm chi phí làm sổ và nội thất căn hộ. * Nội thất: Tủ bếp trên dưới, bếp từ, hút mùi, thiết bị vệ sinh, bình nóng lạnh, đầu chờ internet, điều hòa., giường tủ, kệ ti vi, sàn gỗ, trần thạch cao * Liên hệ chủ đầu tư: 0971.044.*** (tôi là chủ). * Xem nhà 24/24 - Có tư Vấn Zalo
",Căn hộ,Sổ đỏ,Bắc,1.0,1.0,1.0,1.0,1.0,1.0,1.0,1.0,1.0, 27/10/2023,24/11/2023,Bán,2461466,1.0,1.0,1.0,1.0,1.0,,,,,,,
"
Chính chủ - Chung cư HP6 Minh Khai - Bạch Mai - Chợ Mơ 35 - 55m2, full nội thất, tặng vàng 24k
","
600
Triệu ","
46
m2
","['Hà Nội', 'Quận Hai Bà Trưng', 'Mua bán Căn hộ chung cư tại Phố Bạch Mai']","
Chính Chủ - Chung cư HP6 Minh Khai - Bạch Mai - Chợ Mơ 35 - 55m, Full Nội Thất, Ở ngay Tặng Vàng 24k.* Gần các trường đại học lớn. Gần các trung tâm thương mại lớn chợ mơ, ...* Vị trí chung cư : Trung tâm quận, gần các tuyến đường lớn: bạch mai, minh khai, ngõ quỳnh...* Gần ngay Trường Tiểu học Trung học, Gần công viên trung tâm* Diện tích:  35m2 - 40m2 - 44m2 - 45m2 - 46m2 - 48m2 - 55m2.* Giá bán: Từ 600tr - 760tr - 860tr - 920 tr hơn 1 tỷ * CHIẾT KHẤU GIẢM GIÁ NGAY 50 TRIỆU MỖI CĂN. * Quy mô và thiết kế: Gồm 6 tầng căn hộ, mỗi tầng 4-5 căn, rộng thoáng, tầng 1 để xe.* Tòa nhà được trang bị 1 thang máy tốc độ cao, bảo vệ trực 24/24, PCCC hiện đại.* Giá bán đã bao gồm chi phí làm sổ và nội thất căn hộ.* Nội thất: Tủ bếp trên dưới, bếp từ, hút mùi, thiết bị vệ sinh, bình nóng lạnh, đầu chờ internet, điều hòa.* Liên hệ chủ đầu tư(tôi là chủ).* Xem nhà 24/24 - Có tư Vấn Zalo
",Căn hộ,Sổ hồng,Đông,1.0,1.0,1.0,1.0,1.0,1.0,1.0,1.0,1.0, 27/10/2023,24/11/2023,Bán,1794093,1.0,1.0,1.0,1.0,1.0,2,Tây,6,Có,đủ đồ,,
"
Biệt thự song lập Sao Biển 10-32 cạnh góc view hồ cực Vip cần bán gấp
","
23,5
Tỷ ","
150
m2
","['liền kề  Vinhomes Ocean Park', 'Mua bán Nhà biệt thự']","
Do quá tài chính nên cần bán căn sao biển 10-32 cạnh góc , vị trí siêu đắc địa .Diện tích 150m2 Xây 3.5 tầng. Đang vay ngân hàng 14 tỷ Sổ đỏ Cần ra hàng gấp trong tháng Liên hệ ngay để đàm phán chính chủ
","Nhà biệt thự, liền kề",,,,,,,,,,,, 06/10/2023,03/11/2023,Bán,2334282,,,,,,,,4,,,20m,10m
"
Minh Khai-Mặt Ngõ ÔTÔ, Thông Hoàng Mai, Kinh Doanh-DT 38m / 5 Tầng / MT 3.2m Nhỉnh 6Tỷ
","
6,3
Tỷ ","
38
m2
","['Hà Nội', 'Quận Hoàng Mai', 'Mua bán Nhà riêng tại Đường Minh Khai']","
* Nhà mặt ngõ Gốc Đề, trước nhà ô tô tránh, đường thông khắp các ngả, khu vực kinh doanh nhộn nhịp đêm ngày.* Thiết kế 5 tầng, cầu thang giữa:+ Tầng 1: Cửa hàng kinh doanh, Bếp + WC+ Tầng 2, 3, 4: mỗi tầng 02 phòng ngủ + WC+ Tầng 5: Phòng thờ + Sân phơi* Giá 6 tỷ 300 (thương lượng)* Sổ đẹp, sẵn sàng giao dịch. LH 036-587-2*** (miễn trung gian)
",Nhà riêng,Sổ đỏ,,1.0,1.0,1.0,1.0,1.0,1.0,1.0,1.0,1.0, 17/10/2023,31/10/2023,Bán,2578373,1.0,1.0,1.0,1.0,1.0,,,,,,,
"
Ngay Ngã 4 Bạch Mai-Lê Thanh Nghị-3 Tỷ Hơn-Có Nhà 4 Tầng 42m2-Thẳng 30m Ra Phố-Trước Nhà Rất Rộng
","
3,45
Tỷ ","
42
m2
","['Hà Nội', 'Quận Hai Bà Trưng', 'Mua bán Nhà riêng tại Phố Bạch Mai']","
Cần Bán Nhanh Nhà Giữa Phố Bạch Mai DT 42m x 3.5 Tầng x 7m MT Giá 3 Tỷ 450.- Nhà vị trí đẹp, thẳng tắp 30m ra mặt đường Bạch Mai, ngay gần ngã tư Bạch Mai-Lê Thanh Nghị, mặt tiền rộng 7m vô cùng thoáng sáng, trước nhà sân rộng để vài chục xe máy. Hàng xóm ĐH Bách Khoa, BV Bạch Mai, CÔNG VIÊN Thống Nhất... tiện ích nhiều vô vàn.- Thiết kế 3 tầng 1 tum nóc, gồm 4 phòng rộng, vệ sinh, chủ hiện đang cho sinh viên thuế giá bình dân khoảng 13triệu/tháng.- Sổ riêng chính chủ, pháp lý rõ ràng, sẵn sàng giao dịch.Liên hệ ngay Mr Mạnh 036_587_22***để xem nhà và giao dịch chính chủ (Miễn trung gian).
",Nhà riêng,Sổ đỏ,,1.0,1.0,1.0,1.0,1.0,1.0,1.0,1.0,1.0, 11/10/2023,08/11/2023,Bán,2475178,1.0,1.0,1.0,1.0,1.0,,,,,,,
"
Trung Tâm Quận Hai Bà Trưng-Phân Lô-Vỉa Hè-3 ÔTÔ Tránh-Mặt Tiền Khủng-Khu VIP Ở Sướng-Văn Phòng
","
15,8
Tỷ ","
103
m2
","['Hà Nội', 'Quận Hai Bà Trưng', 'Mua bán Nhà riêng tại Phố Hồng Mai']","
Bán Căn Biệt Thự Giữa Trung Tâm Quận Hai Bà Trưng:* Diện Tích 103m2 / Mặt Tiền 8.2m / 4 Tầng - Giá 15 Tỷ 800 (TL)- Vị trí cách Phố Bạch Mai khoảng 500m, nằm trong khu Phân Lô Cán Bộ cực VIP, có cổng bảo vệ, vỉa hè 2 bên, đường trước nhà 2 xe ô tô bán tải tránh nhau thoải mái, dừng đỗ vô tư. Mặt tiền rộng hơn 8m, thuận tiện mở Văn Phòng Công Ty và để ở thì tuyệt vời.- Chủ mua 2 lô và 10m lưu không, thuê thiết kế để xây nhà, cực kỳ chắc chắn và hiện đại. nhà xây đã lâu nhưng còn rất mới và đẹp, thiết kế hợp lý:+ Tầng 1: khoảng sân, gara ô tô, p khách, bếp, phòng ăn và vệ sinh.+ Tầng 2: p sinh hoạt chung( đọc sách vui chơi, 2 phòng ngủ và vệ sinh.+ Tầng 3: 3 ngủ và vệ sinh.+ Tầng 4: phòng thờ, khu giặt, và sân trồng cây, vườn treo. chủ đổ mái bê tông.- Sổ đỏ phân lô siêu đẹp sẵn sàng giao dịch.Liên hệ ngay 036-587-22***để xem nhà và giao dịch chính chủ (miễn trung gian)
",Nhà riêng,Sổ đỏ,,1.0,1.0,1.0,1.0,1.0,1.0,1.0,1.0,1.0, 11/10/2023,08/11/2023,Bán,2567729,1.0,1.0,1.0,1.0,1.0,,,,,,,
"
Hơn 4Tỷ-Siêu Phẩm Ngã 5 Lò Đúc-Cạnh Phở Thìn-600m Tới Nhà Hát Lớn, Hồ Gươm-Đẹp Như KS 5*
","
4,45
Tỷ ","
30
m2
","['Hà Nội', 'Quận Hai Bà Trưng', 'Mua bán Nhà riêng tại Phố Lò Đúc']","
Bán Nhà Ngã 5 Lò Đúc_Lê Văn Hưu_Hàm Long_Phan Chu Trinh_Hàn Thuyên: DT 30m x 4 Tầng x 4m MT - Giá 4 Tỷ 450Vị trí nhà ngay đầu phố Lò Đúc, tiếp giáp Quận Hoàn Kiếm, cách Nhà Hát Lớn Hồ Gươm có 600m, khu vực tiện ích đẳng cấp rất hiếm nhà bán.Cách phố 20m, nhà xây 4 tầng đẹp như khách Sạn 5*, với 3 phòng ngủ, nội thất xịn xò, xách Vali vào ở luôn.Sổ đỏ vuông vắn, nở hậu, pháp lý chuẩn, giao dịch ngay.Gọi ngay 036-587-22***để xem nhà và giao dịch chính chủ (miễn trung gian môi giới)
",Nhà riêng,Sổ đỏ,,1.0,1.0,1.0,1.0,1.0,1.0,1.0,1.0,1.0, 08/10/2023,05/11/2023,Bán,2450369,1.0,1.0,1.0,1.0,1.0,,,,,,,
"
Hiếm Quá->Minh Khai_Hoàng Mai, Vỉa Hè, ÔTÔ Tránh, Thang Máy, Kinh Doanh, Gần 60m / 6 Tầng, Hơn 7 Tỷ
","
7,8
Tỷ ","
57
m2
","['Hà Nội', 'Quận Hoàng Mai', 'Mua bán Nhà riêng tại Đường Minh Khai']","
*BÁN NHÀ 6 TẦNG THANG MÁY MỚI ĐẸP PHỐ MINH KHAI, DIỆN TÍCH 57m2 x MẶT TIỀN 3.7m GIÁ 7 TỶ 800 (THƯƠNG LƯỢNG)+Nhà cách mặt Phố Minh Khai 300m, ngõ ô tô tránh, thông với Phố Hoàng Mai, trước nhà ô tô dừng đỗ thoải mái, thuận tiện kinh doanh, cho thuê, văn phòng...+Thiết kế hiện đại trẻ trung, khung cột bê tông kiên cố, 6 tầng thang máy xịn xò, nội thất đẹp, với 10 phòng khép kín từ tầng 2 đến tầng 5, Tầng 1 là phòng kách + bếp, tầng 6 là phòng thờ + sân phơi.+Sổ đỏ nét căng, pháp lý rõ ràng, sẵn sàng giao dịch.Gọi ngay 03658722***để xem nhà và giao dịch chính chủ (miễn trung gian).
",Nhà riêng,Sổ đỏ,,1.0,1.0,1.0,1.0,1.0,1.0,1.0,1.0,1.0, 23/10/2023,20/11/2023,Bán,2589472,1.0,1.0,1.0,1.0,1.0,,,,,,,
"
Hơn 6 Tỷ_Khu Phân Lô Quận Hai Bà Trưng_Vỉa Hè_ÔTÔ Tránh_GaRa ÔTÔ_Kinh Doanh_Văn Phòng
","
6,8
Tỷ ","
42
m2
","['Hà Nội', 'Quận Hai Bà Trưng', 'liền kề tại Đường Lãng Yên', 'Mua bán Nhà biệt thự']","
*** BÁN NHÀ KHU PHÂN LÔ PHỐ LÃNG YÊN: 42m2 / 4 TẦNG GIÁ CHÀO 6 TỶ 800 (CÓ THƯƠNG LƯỢNG)+ Nhà ngay đầu phố Lãng Yên, cách Ngã Tư Trần Khát Chân_Nguyễn Khoái khoảng 200m, Hồ Hoàn kiếm 2km, Cầu Vĩnh Tuy 1km, rất thuận tiện đi lại, kinh doanh buôn bán giữa trung tâm thủ đô với các tỉnh phía bắc.+ Nhà xây đã lâu, Khung Cột Bê Tông chắc chắn, xác định giá bán đất tặng nhà 4 tầng / 4 phòng ngủ / Gara ô tô.+ Sổ đỏ chính chủ cất két, công chứng trong ngày.Liên hệ ngay 036-587-22***để xem nhà và giao dịch chính chủ (miễn trung gian)
","Nhà biệt thự, liền kề",Sổ đỏ,,1.0,1.0,1.0,1.0,1.0,1.0,1.0,1.0,1.0, 25/10/2023,22/11/2023,Bán,2592755,1.0,1.0,1.0,1.0,1.0,,,,,,,
"
Bán căn hộ 2Pn Vip 5 sao tại tòa T11-Vinhomes Times city
","
4,29 - 4,3
Tỷ ","
83,3
m2
",['Mua bán Căn hộ chung cư  Khu đô thị Vinhomes Times City'],"
Chính chủ cần tiền bán gấp căn hộ 2 phòng ngủ đẹp tại tòa T11 Times City - Căn hộ có diện tích 83,3m2 -thiết kế 2 PN, 2WC.- Nội thất đã hoàn thiện rất đẹp và cao cấp.- Ban công hướng Bắc mát mẻ- Sổ đỏ chính chủ sẵn sàng giao dịch, pháp lý minh bạch.- Căn hộ vẫn còn được miễn phí dịch vụ và có slot để ô tô.- Giá bán chỉ 4,3 tỷ. Liên hệ xem nhà: 0919.889.***
",Căn hộ,Sổ đỏ,Bắc,1.0,1.0,1.0,1.0,1.0,1.0,1.0,1.0,1.0, 26/10/2023,23/11/2023,Bán,2418129,1.0,1.0,1.0,1.0,1.0,,,,,,,
"
Bán nhà chùa Hà Quận Cầu Giấy 40m ô tô đỗ cổng tiện ích xung quanh mặt tiền rộng giá 5.30 Tỷ
","
5,3
Tỷ ","
40
m2
","['Hà Nội', 'Quận Cầu Giấy', 'Mua bán Nhà riêng tại Đường Cầu Giấy']","
TRUNG TÂM CẦU GIẤY Ô TÔ ĐỖ CỔNG TIỆN ÍCH NGẬP TRÀN FULL NỘI THẤTVị trí: Ô tô đỗ cổng, ba bước ra chợ, tiện ích ngập tràn, không thiếu gì-Hàng xóm thân thiện gần gũiThiết kế:Tầng 1: phg khách+ bếpTầng 2+3+4: Phòng ngủ+ wcTầng 5: Phòng thờ+ sân phơiHiện tại chủ đang cho thuê hữu nghị 13tr/thSổ đỏ chính chủLH : Em Hương
",Nhà riêng,Sổ đỏ,,,,,,,,,,, 26/10/2023,23/11/2023,Bán,2596013,,,,,,,,,,,,
"
Bán nhà riêng KĐT HUD 35m2*4T. 50m đến Trịnh Văn Bô. Ô tô đỗ trước cửa. Giá 4 tỷ. LH: 0986.732.***
","
4
Tỷ ","
35
m2
","['Hà Nội', 'Quận Nam Từ Liêm', 'Mua bán Nhà riêng tại Đường Trịnh Văn Bô']","
Bán nhà riêng KĐT HUD 35m2*4T. 50m đến Trịnh Văn Bô. Ô tô đỗ trước cửa. Giá 4 tỷ. LH: 0986.732.***Nhà xây mới rộng thoáng, trung tâm của khu đô thị HUD nên giao thông thuận tiện đi vào trung tâm Mỹ Đình, Cầu Giấy...Khu vực dân trí cao gần trường ĐH Đông Á, ĐH Công Nghiệp, cao đẳng FPT.., an ninh tốt vì gần Viện kHoa học hình sự bộ công an, tổng cục cảnh sát cơ động Bộ Công An và rất tiện đi lại.--------* Thiết kế, công năng: Tân cổ điển thời thượng.- Diện tích 40m, xây mới 6 tầng, thang máy sẵn sàng.- Công năng đầy đủ, tiện nghi và sang trọng.- Tầng 1: Phòng khách, bếp, WC- Tầng 2, 3,: Mỗi tầng 2 phòng ngủ Master và 1 WC- Tầng 4: Phòng thờ, sân phơi* Vị trí:- Là nơi giao thoa nhiều tuyến phố lớn: Trịnh văn Bô, Cầu Diễn, Trần Hữu Dực, Lê Đức Thọ, Mỹ Đình, Hồ Tùng Mậu, phía Tây thì nối với đường 3.5 đi Vinhomes Smart City, Thiên Đường Bảo Sơn, Lê Trọng Tấn, Hà Đông, xung quanh là các khu đô thị An Lạc Green Symphony, Vườn Cam rất tiện đi lại.- Tiện ích bao quanh, ngập tràn tiện nghi, không gian sống của các khu đô thị, không khí trong lành.- 1km đến các trường đại học Công Nghiệp Hà Nội, đại học Đông Á, FPT, Liên cấp quốc tế Penika, Cấp 1, 2, 3 Xuân Phương - Phương Canh.- 500m đến chợ đầu mối nông sản Minh Khai, chợ Canh, chợ Xuân Phương.* Nội thất:- Gia chủ làm rất cẩn thận, tỉ mỉ từng chi tiết: Hệ thống cửa thông phòng, cầu thang sử dụng gỗ lim, thang máy nhập khẩu, nội thất An Cường, tạo sự sang trọng, đẳng cấp cho ngôi nhà.- Hệ thống thiết bị vệ sinh hãng ToTo, dây điện Trần Phú đi ông Gen cẩn thận, đầy đủ tiện nghi.* Pháp lý: Sổ đỏ chính chủ, giấy phép xây dựng.* Giá chào chỉ: 4 tỷ (có thương lượng, bao thuế phí).* Liên hệ ngay E Tường 0986 732 6***Hỗ trợ tư vấn xem nhà 24/7.
",Nhà riêng,Sổ đỏ,,1.0,1.0,1.0,1.0,1.0,1.0,1.0,1.0,, 26/10/2023,23/11/2023,Bán,2595900,1.0,1.0,1.0,1.0,1.0,,,,,,,
"
Bán nhà Xuân La(Tây Hồ)_DT 40m2_x5 tầng_ô tô_kinh doanh_ngõ thông_cách mặt phố võ chí công 30m
","
5
Tỷ ","
40
m2
","['Hà Nội', 'Quận Tây Hồ', 'Mua bán Nhà riêng tại Phường Xuân La']","
BÁN NHÀ XUÂN LA(TÂY HỒ) - DT 40M2 - 5 TẦNG - Ô TÔ - KINH DOANH - NGÕ THÔNG - CÁCH MẶT PHỐ Võ CHÍ CÔNG 30M- Nhà mới 90%, chủ tự xây rất chắc chắn vô cùng.   - Vị trí hiếm, ngõ thông, kinh doanh, ô tô 10m. Trước nhà rộng 3m. - Thiết kế:+ Tầng 1: Phòng khách, bếp+ Tầng 2,3: Mỗi Tầng 2 ngủ, wc giữa.+ Tầng 4: Phòng thờ, sân phơi.- Dân trí cao, an ninh tốt.  - Sổ đỏ chính chủ, sẵn sàng giao dịch!  - giá hơn 4 tỷ có thương lượng  - LH 0924663*** (Miễn phí xem nhà + hỗ trợ trực tiếp ạ).
",Nhà riêng,Sổ hồng,,1.0,,,,1.0,1.0,1.0,1.0,1.0, 26/10/2023,23/11/2023,Bán,2595736,,1.0,1.0,,,,,,,,,
"
Bán nhà Cầu Giấy - DT 30m2 - 5 tầng - thông sàn - full nội thất xịn ở luộn - ngõ thông gần phố
","
4,4
Tỷ ","
30
m2
","['Hà Nội', 'Quận Cầu Giấy', 'Mua bán Nhà riêng tại Phường Mai Dịch']","
🌹💯 BÁN NHÀ CẦU GIẤY - DT 30M2 - 5 TẦNG - THÔNG SÀN  - FULL NỘI THẤT XỊN Ở LUÔN - NGÕ NÔNG GẦN PHỐ.💯🌹 Mô tả:- Trước nhà rộng 4 m rất thông thoáng, để xe thoải mái. - Nhà bán TT Cầu Giấy tiện ích ngập tràn, trường học các cấp, chợ dân sinh ngay gần nhà rất tiện sinh hoạt.- Tiện ích gần rát nhiều trường Cao Đẳng, ĐH lớn xung quanh, an sinh đỉnh.- Thiết kế:+ Tầng 1: Khách + Bếp + WC.+ Tầng 2,3,4: Tổng 3 Phòng + WC.+ Tầng 5: Phòng thờ + Sân phơi.- Dân trí cao, an ninh tốt, hàng xóm thân thiện.  - Sổ đỏ vuông đẹp, giao dịch ngay.- Giá hơn  4 tỷ có thương lượng  - LH Em Cường 0924663*** (Miễn phí xem nhà + hỗ trợ trực tiếp ạ)
",Nhà riêng,Sổ hồng,,1.0,1.0,1.0,1.0,1.0,1.0,1.0,1.0,1.0, 26/10/2023,23/11/2023,Bán,2595724,1.0,1.0,1.0,,1.0,,,,,,,
"
Bán gấp nhà lô góc mặt phố Huỳnh Thúc Kháng, 200m2, mặt tiền 11.5m, sổ đỏ chính chủ, giao nhà ngay
","
100
Tỷ ","
200
m2
","['Hà Nội', 'Quận Đống Đa', 'Mua bán Nhà mặt phố tại Đường Huỳnh Thúc Kháng']","
Bán gấp nhà lô góc mặt phố Huỳnh Thúc Kháng, 200m², mặt tiền 11.5m, hiện trạng nhà 4 tầng, gần ngã tư Nguyễn Chí Thanh – Huỳnh Thúc Kháng, đang cho thuê hữu nghị 100tr/tháng+ Vị trí căn nhà ngay đầu phố, lô góc 2 mặt tiền, phù hợp kinh doanh nhiều lĩnh vực.+ Nhà hiện trạng 4 tầng đang cho thuê cửa hàng thời trang+ Mặt tiền 11,5m đẹp, trước nhà vỉa hè rộng để xe thoải máiAi mua về có thể tiếp tục cho thuê hoặc xây lại thành tòa nhà kinh doanh kết hợp cho thuêSổ vuông, pháp lý chuẩn, sẵn sàng giao dịch.Liên hệ trao đổi C An 0965660***
",Nhà mặt phố,Sổ đỏ,,,,,,,,,,, 26/10/2023,09/11/2023,Bán,2595675,,,,,,,,,,,,
"
#3,48TỶ - Nhà Đẹp Khương Trung – 27M2 5 tầng - hai mặt thoáng - gần ô tô
","
0,0335
Triệu ","
24
m2
","['Hà Nội', 'Quận Thanh Xuân', 'Mua bán Nhà riêng tại Đường Khương Trung']","
#3,48TỶ - CÓ NHÀ ĐẸP KHƯƠNG TRUNG – 27M2 5 TẦNGHAI MẶT THOÁNG – SÁT Ô TÔ( CÒN THƯƠNG LƯỢNG – NHANH TAY )THIỆN CHÍ ALO 0862910*** Vị trí đi 5phut đến Ngã Tư Sở, Trường Chinh.Đi 8phut đến Nguyễn Xiển. Giao thông rất tiện.Ngõ vào rộng thoáng, trước nhà rộng tênh, hai mặt ngõ.Tiện ích xung quanh khỏi nói.Khu vực dân trí cao, văn minh, đáng sống.Chủ xây tâm huyết cực kì chắc chắn, thiết kế Hiện Đại.Sổ đỏ Nở Hậu – Giao dịch trong ngày. Liên Hệ: SDT - ZALO 0862.910.4***Em Long.
",Nhà riêng,Sổ đỏ,,1.0,1.0,1.0,1.0,1.0,1.0,1.0,1.0,1.0, 26/10/2023,23/11/2023,Bán,2595672,1.0,1.0,1.0,1.0,1.0,,,,,,,
"
Chính chủ gửi bán nhà mặt hồ Ô Chợ Dừa: 65m2, 6 tầng, MT: 5.6m. Tiềm năng tăng giá cạnh vành đai 1
","
33
Tỷ ","
65
m2
","['Hà Nội', 'Quận Đống Đa', 'Mua bán Nhà mặt phố tại Đường Ô Chợ Dừa']","
Chính chủ nhờ bán nhà mặt đường Ô Chợ Dừa Diện tích: 65m², 6 tầng, mặt tiền: 5.6m- Vị trí đẹp đầu phố Ô Chợ Dừa, tiềm năng tăng giá cùng đường vành đai 1 rộng 50m.- Nhà 6 tầng vừa ở vừa kinh doanh cho thuê hoặc cho thuê cả nhà dòng tiền ổn định.- Đường to rộng 8 làn xe, vỉa hè 7,5m ô tô dừng đỗ.- Không lỗi phong thuỷ, không quy hoạch.- Thửa đất nở hậu, phong thuỷ đẹp không lỗi, sổ đỏ vĩnh viễn- Liên hệ trao đổi thông tin và giá bán 09656606***C AnGiá bán 33 tỷ, giao nhà ngay sau khi công chứng
",Nhà mặt phố,Sổ đỏ,,,,,,,,,,, 26/10/2023,09/11/2023,Bán,2595665,,,,,,,,,,,,
