Title,Price,Area,Address,Gen_descrip,Loại hình,Tình trạng pháp lý,Hướng nhà,Bình nóng lạnh,Máy hút mùi,Tủ bếp,Bàn ăn,Kệ TV,Tủ trang trí,Giường ngủ,Bàn phấn,Tủ quần áo,Bồn tắm,Vòi hoa sen,Bồn cầu,Bồn rửa mặt,Bàn ghế P.khách,Ngày đăng,Ngày hết hạn,Loại tin,ID tin,Đường vào,Mặt tiền
"
Chính chủ - Bán chung cư A1 Phạm Văn Đồng - Công Viên Hòa Bình - Bắc Từ Liêm - Nội thất đầy đủ
","
700
Triệu ","
52
m2
","['Hà Nội', 'Quận Bắc Từ Liêm', 'Mua bán Căn hộ chung cư tại Đường Phạm Văn Đồng']","
Chính chủ - bán chung cư A1 Phạm Văn Đồng - Công Viên Hòa Bình - Bắc Từ Liêm.Liên hệ Trường chủ đầu tư để mua giá gốc 0971 846 *** (Lưu ý miễn môi giới trung gian).Tòa nhà nằm trung tâm quận, đi lại thuận tiện giữa các quận, gần công viên, gần chợ, siêu thị, trường học cấp 1 cấp 2 cấp 3.Giá bán: 603tr - 700tr - 833tr - 900tr - 950tr - hơn 1 tỷ.Diện tích: 30m - 35m - 51m - 54m - 56m - 58m - 60mTòa nhà thiết kế tầng 1 để xe, có đầy đủ hệ thống phòng cháy chữa cháy tự động, an ninh tòa nhà bảo vệ chuyên nghiệp.Sổ hồng sở hữu vĩnh viễn.Liên hệ trực tiếp Trường chủ đầu tư xây dựng để mua nhà giá gốc 0971 846 ***.Add zalo để nhận video căn hộ. (Lưu ý miễn môi giới trung gian).
",Căn hộ,Sổ hồng,Tây,1.0,1.0,1.0,1.0,1.0,1.0,1.0,1.0,1.0,1.0,1.0,1.0,1.0,1.0, 26/10/2023,23/11/2023,Bán,2595637,,
"
Bán gấp - Chung cư H2 Xuân Thủy - Trần Thái Tông - Cầu Giấy - Hà Nội - Nội thất đầy đủ
","
700
Triệu ","
52
m2
","['Hà Nội', 'Quận Cầu Giấy', 'Mua bán Căn hộ chung cư tại Đường Trần Thái Tông']","
Mở bán chung cư H2 Xuân Thủy - Trần Thái Tông - Cầu Giấy - Hà Nội.Liên hệ Trường chủ đầu tư để mua giá gốc 0971 846 *** (Lưu ý miễn môi giới trung gian).Khách hàng mua căn hộ ký hợp đồng trực tiếp với chủ đầu tư, nhận nhà về ở ngay, thiết kế hiện đại sáng thoáng đẹp.Giá bán: 605tr - 665tr - 750tr - 859 triệu - 884tr - 900tr - 1 tỷ.Diện tích: 30m - 35m -  50m - 52m - 55m - 58m - 60m - 68m - 71m².Khách hàng không mất thêm bất kỳ chi phí nào khác. Pháp lý đầy đủ và đảm bảo theo quy định của pháp luật.Liên hệ trực tiếp Trường chủ đầu tư xây dựng để mua nhà giá gốc 0971 846 ***.Add zalo để nhận video căn hộ. (Lưu ý miễn môi giới trung gian).
",Căn hộ,,,1.0,1.0,1.0,1.0,1.0,1.0,1.0,1.0,1.0,1.0,1.0,1.0,1.0,1.0, 26/10/2023,23/11/2023,Bán,2595608,,
"
Nhà mặt phố Xã Đàn, 2 thoáng kinh doanh tốt, con đường tơ lụa quận Đống Đa. DT 75m2, 7 tầng, MT 5m
","
40,8
Tỷ ","
75
m2
","['Hà Nội', 'Quận Đống Đa', 'Mua bán Nhà mặt phố tại Phố Xã Đàn']","
Tòa nhà mặt phố Xã Đàn, 2 thoáng trước sau, kinh doanh đa dạng.Diện tích 75m², xây 7 tầng, mặt tiền 5m, vỉa hè 7mSổ vuông vắn,không lỗi phong thủy.Giá 40.8 tỷ, tin thật 100%Liên hệ trao đổi 09656606***c An   
",Nhà mặt phố,Sổ đỏ,,,,,,,,,,,,,,,, 26/10/2023,09/11/2023,Bán,2595614,,
"
Bán nhà Kiến Hưng- Đìa Lão, nhà mới xây chỉ việc ở giá nhỉnh 6 tỷ đường 15m kinh doanh
","
Thỏa thuận
","
50
m2
","['Hà Nội', 'Quận Hà Đông', 'Mua bán Nhà riêng tại Đường Văn Khê']","
Cần bán nhà khu Đìa Lão - Hoàng Công - Phúc la- Kiến Hưng, gần chung cư Kiến Hưng- Hà Đông, dân cư đông đúc sầm uất, vừa ở vừa kinh doanh, ô tô đậu vỉa hè rộng - Nhà 50m sổ đỏ sẵn sàng sang tên - giá 6,8 tỷ có thương lượng - Nhà view công viên - Xây mới 4 tầng vào ở ngay - Liên hệ xem nhà trực tiếp gọi 24/7: em Liễu 0399770***
",Nhà riêng,,,,,,,,,,,,,,,,, 17/10/2023,14/11/2023,Bán,2577834,,
"
tôi có căn hộ cc khâm thiên bán 52m mới nhận nhà nay chuyển công tác bán lại
","
129
Triệu ","
52
m2
","['Hà Nội', 'Mua bán Căn hộ chung cư tại Quận Đống Đa']","
tôi có căn hộ hộ ccmn bán , nhà mới nhận bàn giao mới  nhận bàn giao chưa ở ngay nào diện tích 52m tầng cao thoáng tháng máy siêu tốc thang bộcăn hộ có 2 pn/1pk /1 bếpcăn hộ có sàn gỗ, tủ bếp, bếp từ hút ùi nóng lạnh thiết bị vệ sinh.... 2 điều hòa giá bán 1,290 tỷ căn hộ như hình miễn trung gian môi giới
",Căn hộ,,,1.0,1.0,,,1.0,1.0,1.0,,,,1.0,1.0,1.0,1.0, 26/10/2023,23/11/2023,Bán,2595543,,
"
Sẵn nhà 4 tầng chỉ việc xách vali đến ở, tại trung tâm huyện Đan phượng, 75m2 giá 3,2tỷ
","
3,2
Tỷ ","
75
m2
","['Hà Nội', 'Huyện Đan Phượng', 'Mua bán Nhà riêng tại Đường Đại Phùng 2']","
Sẵn nhà 4 tầng chỉ việc xách vali đến ở, tại trung tâm huyện Đan phượng, 75m2 giá 3,2tỷDiện tích 75m2 Mặt tiền 4,91m nở hậuDân cư đông, thân thiện, văn minh, an ninh tốtCách ubnn xã 100mCách chợ, siêu thị 200mCách trường c1, c2, c3 bán kính 400mCách bệnh viện huyện 500mGiá 3,2 tỷLiên hệ sđt/zalo: 03636362***để xem nhà và cọc
",Nhà riêng,Sổ hồng,Tây-Bắc,,,,,,,,,,,,,,, 26/10/2023,23/11/2023,Bán,2595531,,
"
2,9 tỷ Bán nhanh căn hộ siêu đẹp Full nội thất, sẵn sổ Toà S1 Vinhomes Smart City. Liên hệ: 098
","
2,9
Tỷ ","
63
m2
",['Mua bán Căn hộ chung cư  Vinhomes Smart City'],"
Chính chủ bán căn hộ 2PN+ nội thất siêu đẹp tại Vinhomes Smart City - Nam Từ Liêm - Hà NộiThông tin căn hộ: - Toà: S1- Diện tích: 63m2, thiết kế 2PN+- Ban Công: Đông Nam- View nội khu, bể bơi - Full nội thất như hình (ko gồm đồ điện tử)- Đã có sổ đỏ, ko vay, sẵn sàng giao dịch - Giá bán: 2,9 tỷ bao phí ----------------------- Liên hệ Zalo 098.782.59***để xem nhà
",Căn hộ,,,,,,,,,,,,,,,,, 26/10/2023,23/11/2023,Bán,2595483,,
"
Bán căn shophouse vửa ở vừa kinh doanh giá rẻ nhất trục sao biển dự án vinhomes ocean park.
","
Thỏa thuận
","
70
m2
","['liền kề  Vinhomes Ocean Park', 'Mua bán Nhà biệt thự']","
Do chỉ có nhu cầu kinh doanh mặt trước nên cần bán lại mặt sau căn shophouse 4,5 tầng vừa ở vừa kinh doanh nằm trên trục sao biển 1 là dãy shophouse liền kề để ở đẹp nhất dự án vinhomes ocean park.Vị trí đối diện công viên vườn hoa trung tâm của phân khu sao biển và rất gần các tiện ích lớn của dự án như biển hồ nước mặn 6,1ha,hồ điều hòa 24,5 ha với bãi cát trắng trải dài…Diện tích 70m2Xây dựng.60m2/sàn(4,5 tầng)Mặt tiền.5mHướng nhà đông namSổ đỏ chính chủKhách hàng quan tâm lh,09482598***để được xem nhà và tư vấn mọi thủ tục sang tên
","Nhà biệt thự, liền kề",,Đông-Nam,,,,,,,,,,,,,,, 26/10/2023,23/11/2023,Bán,2205337,,
"
Bán căn liền kề đông nam đối diện công viên vườn hoa để ở đẹp nhất dự án Vinhomes Ocean Park
","
Thỏa thuận
","
70
m2
","['liền kề  Vinhomes Ocean Park', 'Mua bán Nhà biệt thự']","
Do chỉ sử dụng đến 1 căn mặt trước,nên chủ nhà gửi bán lại 1 căn mặt sau trục sao biển 1 hướng  đông nam.Vị trí đối diện công viên và sân chơi và gần với trục đường chính của phân khu sao biển đi ra biển hồ nước mặn,hồ điều hòa với bãi cát trắng trải dài và TTTM vincom chỉ vài bước chân rất phù hợp cho các gia đình sở hữu được 1 căn liền kề trong 1 đại dự án thông minh đầy đủ các tiện ích mà hiện tại ở  hà nội hay các vùng ven các tỉnh thành chưa thể có.Diện tích.70m2,xây dựng.60m2/sànMặt tiền.5m,với tổng diện tích xây dựng.235,5m2(4,5 tầng)Hướng nhà đông nam.Sổ đỏ cầm tay
","Nhà biệt thự, liền kề",Sổ đỏ,Đông-Nam,,,,,,,,,,,,,,, 26/10/2023,23/11/2023,Bán,2029146,13m,5m
"
2,9 tỷ Bán căn hộ 2PN+ đã có sổ đỏ. Toà S4 Vinhomes Smart City. Liên hệ: 0987825***
","
2,9
Tỷ ","
63
m2
",['Mua bán Căn hộ chung cư  Vinhomes Smart City'],"
Chính chủ bán căn hộ 2PN+ phòng khách rộng hoặc có thể cải tạo thành 3PN tại Vinhomes Smart City - Nam Từ Liêm - Hà NộiThông tin căn hộ: - Toà: S4- Diện tích: 63m2, thiết kế 1PN+- Ban Công: Đông Bắc- View nội khu- Nội thất đơn giản, có thể Setup lại từ đầu - Đã có sổ đỏ, ko vay, sẵn sàng giao dịch - Giá bán: 2,9 tỷ bao phí ----------------------- Liên hệ Zalo 098.782.59***để xem nhà
",Căn hộ,,,,,,,,,,,,,,,,, 26/10/2023,23/11/2023,Bán,2595414,,
"
Bán căn hộ Summit Building 216 Trần Duy Hưng Cầu Giấy HN
","
5,2
Tỷ ","
86
m2
","['Hà Nội', 'Quận Cầu Giấy', 'Mua bán Căn hộ chung cư tại Đường Trần Duy Hưng']","
Summit Building 216 Trần Duy Hưng.Tòa căn hộ cuối cùng với số lượng căn giới hạn!Chưa đến 5 tỷ căn 86m² với full nội thất 5*.---------------------Tổng diện tích dự án: 2.373 m².- Diện tích xây dựng: 1.186,5 m².- Mật độ xây dựng: 50%.- Tổng diện tích sàn xây dựng: 52.217,5 m².- Diện tích hầm: 10.690 m².- 35 tầng, 4 tầng hầm, 3 tầng Thương mại.Cạnh Vincom, Big C, Grand Plaza, công Viên Thanh Xuân, Trường THPT Amsterdam,Kính Low E với 100% căn hộ không bị chắn View.Hầm đỗ xe tự động, Vườn trên mái, Bể bơi, Gym, Spa.Quản lý vận hành bởi Visaho đến từ Nhật Bản.Hỗ trợ lãi suất 0% trong 12 tháng.Nhận nhà Quý III/2023.Liên hệ Ms Phương 09723629***để đặt mua 
",Căn hộ,Sổ đỏ,,,,,,,,,,,,,,,, 26/10/2023,09/11/2023,Bán,2595391,,
"
Cần Bán Nhanh Nhà Măt Phố Nguyễn Đức Cảnh_Đoạn Sầm Uất Nhất Phố_Mặt Tiền Đẹp_Kinh Doanh Bất Chấp
","
8,3
Tỷ ","
40
m2
","['Hà Nội', 'Quận Hoàng Mai', 'Mua bán Nhà mặt phố tại Đường Nguyễn Đức Cảnh']","
BÁN NHÀ MẶT PHỐ NGUYỄN ĐỨC CẢNH: DT 40m / MT 4.5m / 3 TẦNG - GIÁ CHÀO 8 TỶ 300 (THƯƠNG LƯỢNG)+ Nhà mặt phố, đoạn đẹp và sầm uất nhất phố Nguyễn Đức Cảnh, kề bên 3 tòa Chung Cư HUD3 - CC 130 - CC 151 Nguyễn Đức Cảnh. Chủ đang kinh doanh nhà hàng ăn uống rất đông khách, nhưng do tính chất công việc, gia đình muốn bán nhanh để chuyển vào Miền Nam.+ Nhà xây đã lâu, thiết kế 3 tầng đang để kinh doanh nhà hàng.+ Sổ đỏ nét căng sẵn sàng công chứng.Liên hệ ngay 036-587-22***để không bỏ lỡ căn nhà đẹp và giao dịch chính chủ (miễn chung gian_môi giới)
",Nhà mặt phố,Sổ đỏ,,1.0,1.0,1.0,1.0,1.0,1.0,1.0,1.0,1.0,1.0,1.0,1.0,1.0,1.0, 26/10/2023,23/11/2023,Bán,2595309,,
"
Cần Bán Gấp Nhà Quận Thanh Xuân. Diện Tích <50M. Giá >4 Tỷ. Ngõ Ba Gác. Ô Tô Đỗ Gần. Sẵn Đồ.
","
4E-06
Triệu ","
50
m2
","['Hà Nội', 'Mua bán Nhà riêng tại Quận Thanh Xuân']","
Bán gấpNhà quận Thanh Xuân- 4 tầng- Gần 50M- Giá nhỉnh hơn 4 tỷ. - Gần các trường: KTQD, BHXD, DDHBK, ĐHH Hà Nội... - Gần các BV lớn: Bạch Mai, Bưu Điện, ĐH Y... - 5 phút ra bx Giáp Bát, 6 phút ra BX Nước Ngầm... - Ô Tô đỗ gần- Gần khu quy hoạch đường 2,5. Sau quy hoạch giá trị tăng cao - Khu vực nhiều sinh viên, tiện cho thuê hoặc kinh doanh online LIÊN HỆ: 032.678.3***
",Nhà riêng,,,,,,,,,,,,,,,,, 14/10/2023,11/11/2023,Bán,2570660,,
"
Chính chủ cần bán căn góc 3 phòng ngủ 104m2 tòa SA3 - Phân khu Sakura
","
Thỏa thuận
","
104
m2
",['Mua bán Căn hộ chung cư  Vinhomes Smart City'],"
Tôi cần bán căn hộ 3 phòng ngủ, 2 vệ sịnh, diện tích 104m2 view nội khu.Căn hộ hoàn thiện nội thất theo phong cách tân cổ điển full nội thất. Giá bán thỏa thuận.Liên hệ: 0981920***
",Căn hộ,,,1.0,1.0,1.0,1.0,1.0,1.0,1.0,1.0,1.0,1.0,1.0,1.0,1.0,1.0, 26/10/2023,23/11/2023,Bán,2595055,,
"
Bán căn hộ Studio Vinhomes Ocean Park giá 980 triệu; 1PN+1,1WC 1,4 tỷ; 2 PN 1,6 tỷ; 3PN2WC 2,4 tỷ
","
980
Triệu ","
30
m2
",['Mua bán Căn hộ chung cư  Vinhomes Ocean Park'],"
Cập nhật quỹ căn hộ cao cấp Vinhomes Ocean Park: studio, 1PN, 2PN, 3PN phân khu Sapphire:1. Căn hộ Studio diện tích 28-36m² - giá 980 triệu2. Căn hộ 1 phòng ngủ diện tích 46.5m² - giá 1,4 tỷ3. Căn hộ 2 phòng ngủ diện tích 60m² - giá 1,6 tỷ4. Căn hộ 3 phòng ngủ diện tích 80m² - giá 2,4 tỷNgoài ra, em còn quỹ căn phân khu Zenpark, Pavilion, Zurich, Masteri giá tốt, liên hệ zalo 0905 948 8***để đặt lịch xem căn.- Hỗ trợ làm thủ tục sang tên sổ đỏ.- Tư vấn chọn căn, xem nhà thực tế, làm việc chính chủ.- Miễn 100% phí môi giới cho khách mua.- Giá cam kết rẻ nhất thị trường..- Xem nhà trực tiếp 24/7, làm việc với chủ nhà.- Có ưu đãi cho khách hàng đặt cọc trước.- Hỗ trợ thủ tục nhanh gọn, pháp lý rõ ràng. Sang tên sổ đỏ chính chủ.- Hỗ trợ khách mua vay lên tới 70% giá trị căn hộ...- Vị trí dự án Vinhomes Ocean Park thuộc địa phận Trâu Quỳ, Kiêu Kỵ, Đa Tốn, Dương Xá thuộc Gia Lâm, Giáp đường Lý Thánh Tông, siêu kết nối với cao tốc Hà Nội - Hải Phòng, QL5, Ga Metro... Kết nối dễ dàng lên cầu Thanh Trì, Cầu Vĩnh Tuy, Aemall Long Biên,...
",Căn hộ,Sổ hồng,,,,,,,,,,,,,,,, 26/10/2023,23/11/2023,Bán,2595047,,
"
Bán Gấp - Nhà Hoàng Mai - <50M - > 3 TỶ - Ô Tô Đỗ Gần - Sổ Đỏ. Cho Thuê Hoặc Kinh Doanh
","
3
Tỷ ","
50
m2
","['Hà Nội', 'Mua bán Nhà riêng tại Quận Hoàng Mai']","
Cần Bán Gấp Nhà Hoàng Mai,- Diện tích <50M- Giá> 3 TỶ- 2 phút ra hồ Đền Lừ, chợ đầu mối Tam Trinh- Gần các trường: KTQD, BHXD, DDHBK, ...- Gần các BV lớn: Bạch Mai, Bưu Điện, ĐH Y...- 5 phút ra bx Giáp Bát, 6 phút ra BX Nước Ngầm...- Ô tô đỗ gần.- Khu vực nhiều sinh viên, tiện cho thuê hoặc kinh doanh onlineLIÊN HỆ: 032.678.3***
",Nhà riêng,,,1.0,1.0,1.0,1.0,1.0,1.0,1.0,1.0,1.0,1.0,1.0,1.0,1.0,1.0, 26/09/2023,24/10/2023,Bán,2536816,,
"
Bán căn hộ cao cấp Vinhomes Ocean Park giá 1,6 tỷ
","
1,6
Tỷ ","
60
m2
",['Mua bán Căn hộ chung cư  Vinhomes Ocean Park'],"
View nội khu.Tầng thấp.59m² tim tường, 55m² thông thủy.Gần nhà để xe và bể bơi 4 mùa.Thừa hưởng toàn bộ tiện ích miễn phí và hệ sinh thái toàn diện tại Vinhomes Ocean Park.--------- Hỗ trợ làm thủ tục sang tên sổ đỏ.- Tư vấn chọn căn, xem nhà thực tế, làm việc chính chủ.- Miễn 100% phí môi giới cho khách mua.- Giá cam kết rẻ nhất thị trường..- Xem nhà trực tiếp 24/7, làm việc với chủ nhà.- Có ưu đãi cho khách hàng đặt cọc trước.- Hỗ trợ thủ tục nhanh gọn, pháp lý rõ ràng. Sang tên sổ đỏ chính chủ.- Hỗ trợ khách mua vay lên tới 70% giá trị căn hộ...- Vị trí dự án Vinhomes Ocean Park thuộc địa phận Trâu Quỳ, Kiêu Kỵ, Đa Tốn, Dương Xá thuộc Gia Lâm, Giáp đường Lý Thánh Tông, siêu kết nối với cao tốc Hà Nội HP, QL5, ga Metro...Em còn quỹ căn giá cực tốt Studio, 1PN, 2PN, 3PN ở Sapphire, Pavilion, Zenpark tại Vinhomes Ocean Park.>>>> Liên hệ zalo 09059488***ngay để đặt lịch xem căn hộ giá tốt.
",Căn hộ,Sổ hồng,,,,,,,,,,,,,,,, 26/10/2023,23/11/2023,Bán,2594984,,
"
Bán nhanh căn góc 2PN +1 - View trực diện công viên- Tòa i2- Imperia Smart city- Giá 3,8 tỷ bao phí
","
3,8
Tỷ ","
64
m2
",['Mua bán Căn hộ chung cư  Imperia Smart City'],"
EM ĐANG CÓ CĂN I2. IMPERIA SMART CITY - VIEW HỒ- 3,8 TỶ BAO PHÍChủ nhà cần tiền nên bán cắt lỗ căn góc 2PN+1: 2VS có thể thiết kế được thành 3PN.Tầng 28 cực đẹp.View trực diện CÔNG VIÊN 10,2haSẵn sàng sang tên ngay.Giá 3.8 tỷ bao phíNhận nhà Tháng 9/2023Gần ngay Công viên, Nhà để xe, Sử dụng toàn bộ tiện ích của cả đại đô thịHiện tại tòa i1 căn view công viên sẽ ko trực diện như tòa i2 này, giá lại cao hơn, nhận nhà muộn hơn, Nên quý anh chị cân nhắc có nhu cầu liên hệ. 0961.766.***Từ khóa tìm kiếm:#Chung cư nam từ liêm, #Chung cư cao cấp, #vinhomes smart city, #Bán chung cư mỹ đình
",Căn hộ,,,,,,,,,,,,,,,,, 26/10/2023,23/11/2023,Bán,2110588,,
