Title,Price,Area,Address,Gen_descrip,Loại hình,Ngày đăng,Ngày hết hạn,Loại tin,ID tin,Tình trạng pháp lý,Hướng nhà,Bình nóng lạnh,Máy hút mùi,Tủ bếp,Bàn ăn,Kệ TV,Tủ trang trí,Giường ngủ,Bàn phấn,Tủ quần áo,Bồn tắm,Vòi hoa sen,Bồn cầu,Bồn rửa mặt,Bàn ghế P.khách,Số phòng ngủ,Số tầng
"
Full Quỹ Căn Chuyển Nhượng Và Cho Thuê Rẻ Nhất The Matrix One - Làm Việc Trực Tiếp Chủ Nhà -Có Pass
","
Thỏa thuận
","
88
m2
",['Mua bán Căn hộ chung cư  The Matrix One'],"
FULL QUỸ CĂN THE MATRIX ONE CHUYỂN NHƯỢNG VÀ CHO THUÊ GIÁ TỐT NHẤT THỊ TRƯỜNGCAM KẾT 100% LÀM VIỆC TRỰC TIẾP CHỦ NHÀ- CÓ SẴN KHÓA CỬA XEM NHÀ THOẢI MÁI * QUỸ CĂN CHUYỂN NHƯỢNG.- 2 Ngủ giá từ 5,0 tỷ  - 3 Ngủ giá từ 6,5 tỷ (City View )- 3 Ngủ giá từ 6,6 tỷ (View Công viên )* QUỸ CĂN CHO THUÊ-  2 Ngủ 88m2: Cơ bản từ 15tr/ Full đồ từ 20tr-  3 Ngủ 112m2: Cơ bản từ 22tr/ Full đồ từ 25tr- Studio: Cơ bản từ 11tr/ Full đồ từ 14tr  Liên hệ trực tiếp: 0961.766.***
",Căn hộ, 26/10/2023,23/11/2023,Bán,2333410,,,,,,,,,,,,,,,,,,
"
Chỉ 1.82 tỷ sở hữu ngay căn hộ 1PN tầng trung, The Zen Park, Vinhomes Ocean Park, full nội thất
","
1,82
Tỷ ","
47,9
m2
",['Mua bán Căn hộ chung cư  Vinhomes Ocean Park'],"
Thông tin chi tiết:- Căn hộ thuộc tòa R1.02 phân khu The Zen Park (Ruby) Vinhomes Ocean Park.- Căn hộ có tổng diện tích: 47.9 m.- Thiết kế: Phòng khách + bếp, 1 phòng ngủ, 1wc.- Tầng trung siêu đẹp.- View thành phố lung linh về đêm, không bị che chắn, vô cùng thoáng đãng.- Nội thất: Full nội thất bao gồm: Điều hòa âm trần, bếp + tủ bếp, tủ quần áo âm tường, thiết bị vệ sinh, nhà tắm, tivi, tủ lạnh, máy giặt, giường,... Tất cả đều được chủ đầu tư nhập khẩu cao cấp.- Sảnh lounge siêu rộng, có lễ tân và an ninh 24/24.- Giá bán: 1.82 tỷ, bao phí sang tên Sổ Đỏ.Liên hệ:  Phương Nhung- BĐS Nhà Mới.SĐT: 0966.330***Email: phuongnhung@bdsnhamoi.vn
",Căn hộ, 26/10/2023,09/11/2023,Bán,2594886,Sổ đỏ,Tây-Nam,1.0,1.0,1.0,1.0,1.0,1.0,1.0,1.0,1.0,1.0,1.0,1.0,1.0,1.0,,
"
Bán Gấp 1tỷ350 Căn Studio View Hồ - 27m2 - tầng trung -khu vực Thanh Xuân
","
1,35
Tỷ ","
27
m2
",['Mua bán Căn hộ chung cư  Trinity Tower'],"
Trước đầu tư căn hộ studio, mục đích để cho thuê, nhưng do chuyển hướng kinh doanh cần tiền để đầu tư nhà xưởng, tôi bán gấp:Căn hộ studio 27m2, mới nhận nhà vào tháng 4/2023. Nhỏ nhỏ xinh xinh, phù hợp 1-2 người. Kinh doanh cho thuê.Nằm tại đường Hồ Mễ Trì, gần vinhomes GreenBay, cách đường Khuất Duy Tiến 500m.Căn hộ hướng Đông Bắc mát mẻ, view hồ. 
",Căn hộ, 26/10/2023,09/11/2023,Bán,2182278,,,,,,,,,,,,,,,,,,
"
Mặt ngõ thông, ô tô qua, kinh doanh đỉnh, nhà siêu đẹp, ở sướng, trung tâm hai bà trưng, 6 tỷ, tầm
","
6,3
Tỷ ","
35
m2
","['Hà Nội', 'Quận Hai Bà Trưng', 'Mua bán Nhà riêng tại Phố Bạch Mai']","
MẶT NGÕ THÔNG, Ô TÔ QUA, KINH DOANH ĐỈNH, NHÀ SIÊU ĐẸP, Ở SƯỚNG, TRUNG TÂM HAI BÀ TRƯNG, 6 TỶ, TẦM GIÁ CỰC HIẾM
Nhà 5 tầng xây chắc chắn kiên cố, còn mới nguyên. Đủ công năng, nội thất cơ bản, khách về ở ngay. 35m x 5 tầng, Giá 6.3 tỷ
Sổ vuông đẹp cất két giao dịch ngay.
☎️Liên hệ: Hoàng Ngà – (zalo, call)
Chuyên Thổ Cư, Nhà Mặt Phố, Nhà dòng tiền, CCMNHỗ trợ vay vốn lên đến 80%
",Nhà riêng, 26/10/2023,23/11/2023,Bán,2594794,Sổ đỏ,,,,,,,,,,,,,,,,3,5
"
Xót lại căn 1 ngủ + duy nhất- Sakura Vinhomes Smart City. 2.x tỷ full VAT + Bảo trì!
","
2,4
Tỷ ","
48
m2
",['Mua bán Căn hộ chung cư  Vinhomes Smart City'],"
Còn duy nhất 1 xuất ngoại giao căn 1 ngủ+ phân khu cao cấp SakuraCăn áp góc tầng đẹp- DT sử dụng: gần 48m2Tiện ích: công viên vườn Nhật ngay dưới chân toà, vườn thượng uyển, Công viên thể thao, vườn thiền,…Căn đa công năng, có thể làm thành 2 ngủ 1 vệ sinh.Đây là loại căn hộ thuộc top best selling của dự ánCho thuê và thanh khoản dễ. Nhận cho thuê lại luônGiá chỉ nhỉnh 2.x tỷ full VAT và Bảo trì. Có nội thất cao cấpAnh chị quan tâm muốn xem căn hộ thực tế vui lòng liên hệ thực tế. 
",Căn hộ, 26/10/2023,23/11/2023,Bán,2594620,,,,,,,,,,,,,,,,,,
"
Bán nhà riêng Quận Hà Đông - Hà Nội giá 5.70 Tỷ
","
5,7
Tỷ ","
42
m2
","['Hà Nội', 'Quận Hà Đông', 'Mua bán Nhà riêng tại Đường 12']","
* chính chủ Bán Căn Góc La Khê - Vị trí đắc địa, Kinh doanh sầm uất khu trung tâm Hà Đông.* Diện tích 42m2.- Xây dựng 50m2 x 4.5 tầng.- T1 : 1 gara oto ( có thể mở cửa hàng ở T1 )- T2 : bếp-khách.- T3 + T4 : mỗi tag 2 ngủ + vệ sinh.- T5 : phòng thờ sân phơi.- Vị trí sân chơi công cộng trước mặt thoáng Vĩnh viễn,đường trước nhà rộng oto quay đầu vào tận trong nhà thoải mái , tiện ích thông đủ đường.* Lh: 0342368***.
",Nhà riêng, 26/10/2023,23/11/2023,Bán,2594615,,,,,,,,,,,,,,,,,,
"
Bán nhà riêng Quận Hà Đông - Hà Nội (nguyen cong cuong)
","
5
Tỷ ","
48
m2
","['Hà Nội', 'Quận Hà Đông', 'Mua bán Nhà riêng tại Phố 36']","
* Bán nhà 5 Tầng Ngô Thì Nhậm- Hà Đông.* Chủ nhà cần bán căn nha Tặng lại toàn bộ nội thất đẹp~ Căn nhà được chủ nhà cực kỳ tâm huyết xây dựng, bố trí các phòng, từ phòng khách, phòng ngủ,pbep hợp lí với không gian* DT: 47,6 m2.- Hướng Nhà: Đông Nam.- Tầng 1: Thông sàn gara OTo - kinh doanh, bếp vs.- Tầng 2,3,4 mỗi Tầng 2 pn, vs.- Tầng 5 phòng thờ sân phơi.- Đường trước OTo tránh vỉa hè- OTo vào tận trong nhà, kinh doanh tốt.* LH: 0342368***. 
",Nhà riêng, 26/10/2023,23/11/2023,Bán,2594612,,,,,,,,,,,,,,,,,,
"
Quỹ căn 54m2- Vào tên trực tiếp hợp đồng! Giá từ ~2.8 tỷ đóng giãn 2 năm!
","
2,8
Tỷ ","
54
m2
",['Mua bán Căn hộ chung cư  Vinhomes Smart City'],"
Giỏ hàng hiếm- loại căn HOT nhất dự án Vinhomes Smart CityĐủ khoảng tầng thấp, trung, cao cho anh chị lựa chọnDưới chân toà full tiện ích: bể bơi 4 mùa, công viên thể thao, vườn thượng uyển,..Bàn giao full nội thất cao cấpGiá bán chỉ nhỉnh từ 2.8 tỷ full thuế phí, hỗ trợ vào tên trực tiếp HĐMB chủ đầu tư.Có hỗ trợ lãi suất 0% trong 2 năm nếu anh chị có nhu cầu vay vốn!Giỏ chỉ có khoảng 10 căn giá tốt nhất, liên hệ xem căn thực tế trước khi cháy hàng! 
",Căn hộ, 26/10/2023,23/11/2023,Bán,2594586,,,,,,,,,,,,,,,,,,
"
Cực hiếm ! Nhà Khương Đình quận Thanh Xuân 2 mặt tiền ô tô tránh dt55m chỉ hơn 8 tỷ
","
8,55
Tỷ ","
55
m2
","['Hà Nội', 'Quận Thanh Xuân', 'Mua bán Nhà riêng tại Đường Khương Đình']","
NGÕ TO NHƯ PHỐ - TRUNG TÂM QUẬN THANH XUÂN - NHÀ 2 MẶT TIỀN OTO TRÁNH - VỪA Ở VỪA KINH DOANH - GIÁ ĐẦU TƯ + Vị trí đẹp, trước nhà rộng ô tô tránh, dừng đỗ qua đêm+ Khu vực dân trí cao, an sinh xã hội cực tốt+ Nhà kiên cố có thể xây lên tầng thoải mái+ Giá : 8.55 tỷ ( có thương lượng). Liên hệ: Nguyên Sơn - 098.1600.***- Miễn phí xem nhà 100%; Cam kết không thu bất cứ phí gì, kể cả giao dịch thành công. - Khách và chủ nhà trực tiếp đàm phán về giá.- Chuyên tư vấn nhà đất Thổ cư Hà Nội. Nguồn hàng phong phú.- Tư vấn pháp lý, quy hoạch, phong thủy, vay vốn ngân hàng.Trân trọng! 
",Nhà riêng, 26/10/2023,23/11/2023,Bán,2594519,Sổ đỏ,,1.0,1.0,1.0,1.0,1.0,1.0,1.0,1.0,1.0,1.0,1.0,1.0,1.0,1.0,,
"
Nhỉnh 2.4 tỷ mua đứt căn hộ gần 80m2 Hoàng Mai- Nhà mới có đồ!
","
2,4
Tỷ ","
80
m2
",['Mua bán Căn hộ chung cư  Liberation Geleximco'],"
Cần nhượng gấp căn 2 ngủ cuối đường Giải PhóngCăn 2 ngủ hoa hậu của toà, nhà mới tinh Diện tích sử dụng gần 80m2. Tầng 10.Thiết kế hiện đại, 2 ngủ 2 vệ sinh 2 ban công full ánh sáng tất cả các phòngNhà đã có đồ liền tường cao cấpBán nhanh giá chỉ nhỉnh 2.4 tỷ.Bác nào quan tâm muốn xem nhà liên hệ em. 
",Căn hộ, 26/10/2023,23/11/2023,Bán,2594512,,Tây-Nam,,1.0,1.0,,,,,,,1.0,1.0,1.0,1.0,,,
"
Bán căn hộ 3 ngủ 2 vệ sinh tại FLC đại mỗ đối diện Aeonmall Hà Đông
","
Thỏa thuận
","
82,5
m2
",['Mua bán Căn hộ chung cư  Khu đô thị FLC Garden City'],"
Bán căn hộ 3 ngủ 2 vệ sinh tại Flc Đại Mỗ 👍Ban công hướng Nam mát mẻ👍Tầng trung.👍Nội thất mới👍Sổ hồng lâu dài👍Hỗ Trợ sang tên, vay bank lãi suất 7% tối đa 30 năm.Liên hệ e Hương HH3 - 0988846***
",Căn hộ, 26/10/2023,09/11/2023,Bán,2594070,Sổ hồng,Đông-Bắc,,,,,,,,,,,,,,,,
"
Bán nhà 4 tầng khu phân lô X4 Dương Khuê Mai Dịch Cầu Giấy Hà Nội.
","
11,8
Tỷ ","
55
m2
","['Hà Nội', 'Quận Cầu Giấy', 'Mua bán Nhà riêng tại Đường Dương Khuê']","
❄️Bán nhanh nhà 4 tầng tại khu X4 Mai Dịch Cầu Giấy Hà Nội.  👉 Diện tích thực 55m2, trên sổ 45m2.  Sổ đỏ chính chủ, pháp lý rõ ràng. Khu phân lô vỉa hè ô tô tránh nhau và thông các ngả.✅ Chủ nhà xây ở nên rất cẩn thận và tâm huyết. Kiến trúc và thiết kế phù hợp vừa ở vừa kinh doanh hoặc cho thuê cửa hàng.Đồ đạc trang thiết bị đầy đủ toàn đồ đắt tiền.💎 Vị trí thì nằm trung tâm của Mỹ Đình, thông các phố lớn như Hồ Tùng Mậu, Lê Đức Thọ, Nguyễn Hoàng...👉 Bác nào cần chuyển đổi xây cao tầng làm Vp cty, Spa, Nhà nghỉ cũng rất đẹp.Mọi chi tiết xin liên hệ.. Mr Dương☎️ 090491507***0973010***.👍 Nhận ký gửi MB BĐS và hỗ trợ Bankịch Cầu Giấy Hà Nội.
",Nhà riêng, 26/10/2023,23/11/2023,Bán,2594063,Sổ đỏ,,1.0,1.0,1.0,1.0,1.0,1.0,1.0,1.0,1.0,1.0,1.0,1.0,1.0,1.0,,
"
Hiếm, 3,3 tỷ, nhà 2 mặt tiền, ngõ ô tô tránh tại tây mỗ
","
3,3
Tỷ ","
36
m2
","['Hà Nội', 'Quận Nam Từ Liêm', 'Mua bán Nhà riêng tại đường Tây Mỗ']","
- Chủ nhà Anh Quang, bác sỹ răng hàm mặt uy tín, tính tình hài hước, xởi lởi. Bán nhà cho con đi du học Úc.
- Nhà thoáng sáng, 36m2 x4 tầng. Nội thất mới tinh, sàn gỗ Indoneshia, trần thạch cao Boral, vệ sinh Daelim – Hàn Quốc, cửa cuốn Tự động cao cấp.
- Căn nhà nằm ở ngõ phố Tây Mỗ, Nam Từ Liêm, Hà Nội. Nhà bán ở gần trường Tiểu học Đại Mỗ, THCS Tây Mỗchuẩn quốc gia. Gần  
- Nhà bán ở khu dân trí cao, an ninh tuyệt đối, cả dãy đều gia đình trẻ công chức, ngân hàng.
 


Loại hình
Nhà riêng


Số phòng ngủ
4


Tình trạng pháp lý
Sổ đỏ

",, 25/10/2023,22/11/2023,Bán,2594057,,,,,,,,,,,,,,,,,,
"
Cho thuê nhà mới hoàn thiện 100% Làng Việt Kiều Châu Âu, Mỗ Lao, Hà Đông 80m2, 4T, MT 5m giá 25tr
","
25
Triệu ","
80
m2
","['liền kề  Làng Việt Kiều Châu Âu Euroland', 'Mua bán Nhà biệt thự']","
Cho thuê nhà Làng Việt Kiều Châu Âu, phường Mỗ Lao, quận Hà Đông.- Diện tích 80m2, 4 tầng, mặt tiền 5m, nhà mới đẹp- Thiết kế ngôi nhà: tầng 1 thông sàn, tầng 2,3 chia 2 phòng/tầng, tầng 4 1 phòng + sân. Thiết kế sạch sẽ, vuông vắn, thoáng mát, nhiều ánh sáng tự nhiên.- Nội thất cơ bản đủ đồ: Điều hòa, nóng lạnh, tủ bếp.- Vị trí đẹp vỉa hè hai bên rộng rãi, ô tô xe máy đỗ đậu thoải mái, giao thông thuận tiện, tiện ích vô vàn.- Phù hợp làm mô hình văn phòng công ty, trung tâm đào tạo, lớp học, spa, thẩm mỹ viện và nhiều mô hình khác.- Giá thuê nhà 25 triệu/tháng.- Liên hệ xem nhà. Mr Đạt: 0968102***
","Nhà biệt thự, liền kề", 25/10/2023,22/11/2023,Bán,2030179,,,,,,,,,,,,,,,,,,
"
Bán nhà riêng Quận Nam Từ Liêm - Hà Nội giá 4.86 Tỷ
","
4,86
Tỷ ","
41
m2
","['Hà Nội', 'Quận Nam Từ Liêm', 'Mua bán Nhà riêng tại Phố Nguyễn Đổng Chi']","
""cần bán gấp căn nhà tại đường nguyễn đổng chi""chỉ từ 4.86 tỷ có ngay một căn nhà đẹp vấn còn mới cứng Diện tích 41/33m2 5 tầng 3,7m mặt tiền 4,86 tỷ, lô góc hai mặt thoáng Tiện ích gần chợ cách 40m, gần các trường đại học như tài nguyên và môi trường, thương mại, sân khấu điện ảnh, trường tiểu học cầu diễn, cách 100m gia đường lón và là hàng xóm của vinhomes Liên hệ: 09733015***em Quyết để được tư vấn và xem nhà miễn phí 
",Nhà riêng, 25/10/2023,22/11/2023,Bán,2593828,Sổ đỏ,Nam,1.0,1.0,1.0,1.0,,,1.0,1.0,1.0,1.0,1.0,1.0,1.0,,,
"
Bán lô đất đẹp 606m2 (MT12m) 2 mặt đường nhựa rộng 13m, có thể phân lô, làm xưởng, xây nhà ...
","
3,64
Tỷ ","
606
m2
","['Hà Nội', 'Huyện Quốc Oai', 'Mua bán Đất tại Đường Phú Mãn']","
Tôi cần bán lô 606m² mặt đường nhựa Trán Voi - Phú Mãn vị trí giao thông thuận tiện cho phân lô, xây biệt thự, hoặc làm xưởng sản xuất...Diện tích 606m² (100m2 đất ở, mặt tiền 12m, nở hậu) đất vuông vắn sổ 2 mặt đường...Giá bán: 3.63 tỷ (6.0 triệu/m²) có bớt cho ai thiện chí.Vị trí đất tại thôn Trán Voi Phú Mãn gần UBND, Trường cấp 1,2 và chợ, gần hồ điều hoà...Địa thế đất cao, tiếp giáp nhiều Biệt thự & xưởng may...Xem đất liên hệ Em Tiến: 0941 314 ***
",Đất, 25/10/2023,22/11/2023,Bán,2122827,Sổ hồng,Đông-Nam,,,,,,,,,,,,,,,,
