Title,Price,Area,Address,Gen_descrip,Loại hình,Tình trạng pháp lý,Hướng nhà,Bình nóng lạnh,Máy hút mùi,Tủ bếp,Bàn ăn,Kệ TV,Tủ trang trí,Giường ngủ,Bàn phấn,Tủ quần áo,Bồn tắm,Vòi hoa sen,Bồn cầu,Bồn rửa mặt,Bàn ghế P.khách,Ngày đăng,Ngày hết hạn,Loại tin,ID tin,Số phòng ngủ,Đường vào,Mặt tiền,Số tầng,Nội thất
"
Bán nhanh căn hoa hậu 2PN+1-2WC tầng trung full đồ giá 2,3 tỷ bp tại Vinhomes Ocean Park
","
2,3
Tỷ ","
69,2
m2
",['Mua bán Căn hộ chung cư  Vinhomes Ocean Park'],"
Siêu phẩm 2PN+1-2WC tầng trung full đồ xịn xò như ảnh tại Vinhomes Ocean Park,Gia Lâm,HN- DT 69,2/63,6m2 thông thủy- Tầng trung nằm trong cụm tòa trung tâm,cùng trục đường chính của dự án- Tiện xe bus,siêu thị tiện ích ngay chân tòa nhà- Full đồ như ảnh chụp,xịn xò,nhà mới,sẵn về ở ngay- Sổ đỏ chính chủ,pháp lý rõ ràng.- Giá bán 2,3 tỷ bao phí sang tên toàn bộLH Phương Nhung SĐT 0966.330.3***để dc tư vấn và dẫn đi xem căn hộ trực tiếp.
",Căn hộ,Sổ đỏ,Tây-Bắc,1.0,1.0,1.0,1.0,1.0,1.0,1.0,1.0,1.0,1.0,1.0,1.0,1.0,1.0, 25/10/2023,08/11/2023,Bán,2592936,,,,,
"
Xóm nhì, vân nội còn 1 ô 80m2 thổ cư đẹp, cơ hội duy nhất
","
2,4
Tỷ ","
80
m2
","['Hà Nội', 'Huyện Đông Anh', 'Mua bán Đất tại Đường Vân Trì']","
Thửa đất xóm Nhì,Vân Nội, Đông Anh thổ cư ô tô đậu cửa- Ngõ nông, kích thước quá đẹp không lỗi phong thuỷ, nc giếng trong và ngọt- Chợ,trường học, ra cầu Nhật Tân 5p sang, Lotte Hà nội 10p- Sổ đẹp, không lỗi phong thuỷ, pháp lý chuẩn, giao dịch chính chủ.- Cạnh khu sinh thái Lộc Vừng, đường 30m, gần quốc lộ 23B liên tuyếnLh anh Xuân (zalo 24/7)#muadatdonganh #bandatdonganh #muabandatdonganhhanoi #muadatdonganhgiare #giadatdonganh
",Đất,Sổ đỏ,,,,,,,,,,,,,,,, 25/10/2023,22/11/2023,Bán,2538130,,,,,
"
Đản dị, uy nỗ, đông anh đất trung tâm diện tích nhỏ vừa tiền
","
1,7
Tỷ ","
42
m2
","['Hà Nội', 'Huyện Đông Anh', 'Mua bán Đất tại Đường Đản Dị']","
- Đất đẹp mặt tiền 4m, ở hoặc đầu tư - Ô tô 7 chỗ, 30m ra trục đường nhựa 2 chiều- Công viên rộng, phố Đản dị, UBND huyện- Gần trường, bệnh viện, xe buýt.. tiêu chuẩn phố trung tâm- Sổ đỏ pháp lý chuẩn☎️liên hệ (zalo 24/7).#muadatdonganh #bandatdonganh #muabandatdonganhhanoi #muadatdonganhgiare #giadatdonganh
",Đất,Sổ đỏ,,,,,,,,,,,,,,,, 25/10/2023,22/11/2023,Bán,2538134,,,,,
"
Đất đẹp bắc hồng, đông anh diện tích to giá tốt
","
1,7
Tỷ ","
46
m2
","['Hà Nội', 'Huyện Đông Anh', 'Mua bán Đất tại Đường Thụy Hà']","
- Khổ đất đẹp vị trí đắt địa, gần sát đường to(ngã ba), ô tô vào đất, đường thông- Cạnh chợ, UBND xã và trường THCS Bắc Hồng khu dân cư đông đúc- Bên phải ra Võ Nguyên Giáp, bên trái rẽ ra UBND- Sổ đỏ, pháp lý chuẩn☎️ anh Xuân 0398374*** (zalo 24/7).#muadatdonganh #bandatdonganh #muabandatdonganhhanoi #muadatdonganhgiare #giadatdonganh
",Đất,Sổ đỏ,,,,,,,,,,,,,,,, 25/10/2023,22/11/2023,Bán,2534862,,,,,
"
Bán căn góc nhà phố shophouse Quận Thanh Xuân - Hà Nội, mặt tiền 26m2, 6 tầng, giá 43.00 Tỷ ,
","
43 - 45
Tỷ ","
164
m2
","['Hà Nội', 'Quận Thanh Xuân', 'Mua bán Nhà phố thương mại Shophouse tại Đường Nguyễn Xiển']","
Bán Nhà căn góc mặt phố đi bộ trung tâm Hà Nội, 164m² đất, 26m mặt tiền, 6 tầng mới đẹp, phù hợp mọi loại hình Kinh doanh (đẹp thực tế như hình).+ Nhà là căn góc tài phố đi bộ đông đúng sầm uất trung tầm Hà Nội phố.+ Căn góc vuông đẹp tổng 2 mặt tiền rộng 26,42m (một mặt 14,5m và một mặt 11,92m), đất rộng 164m² .+ Sân vườn vỉa hè trước nhà 3m, thuận tiện để ổ tô và kinh doanh các loại hình.+ Đất vuông đẹp xây 5 tầng 1 tum tổng sàn xây dựng 555,5m², một sàn rộng 118m² rất Vip đẹp.+ Vị trí căn ở trung tâm dự án và trung tầm Hà Nội nên buôn bán kinh doanh rất thuận lợi, đặc biết phù hợp làm văn phòng vip hặc kinh doành các sản phẩm cần nhận diện thương hiệu tốt.+ Nhà mặt phố ở trung tầm Hà Nội nên cách các trường đại học, trường trung học, tiểu học từ 200m đến 500m, cách các bệnh viện lớn 3km, rất thuận lợi.+ Nằm trong khu đô thị cành đường Vành Đai 3, Nguyễn Xiển trung tầm của quận Thanh Xuân nên kết nối giao thông đi các tĩnh rất tốt.+ Nằm trên trục đường mới Lương Thế Vinh kéo dài nên rất tốt cho cả mua để đầu tư.+ Vị trí trung tầm Hà Nội những vẫn là khu đang được quy hoạch và phát triển của Thủ Đô Hà Nội nên cơ hổi để đầu tư rất tốt.Liện hệ Quý: 0917 273 8***để biết thêm thông tin và mua được căn nhà đẹp và ưng ý tại Hà Nội.
",Nhà phố thương mại Shophouse,Sổ đỏ,Tây-Bắc,,,,,,,,,,,,,,, 25/10/2023,22/11/2023,Bán,2592707,,,,,
"
Chỉ 100m ra mặt đường Võ Chí Công, oto đỗ. Nhà mới, siêu rộng 50m2 x5t, MT 4m
","
Thỏa thuận
","
50
m2
","['Hà Nội', 'Quận Cầu Giấy', 'Mua bán Nhà riêng tại Đường Võ Chí Công']","
Bán nhà Võ Chí Công, gần nút giao Võ Chí Công- Hoàng Quốc Việt- Bưởi- Lạc Long Quân +Diện tích: 50m2 x 5 tầng +Mặt tiền: 4m Nhà mới tinh siêu rộng với 6 phòng ngủ sáng thoáng, tối ưu công năng sử dụng Cách 100m ra mặt đường Võ Chí Công. Giao thông thuận tiện ra cầu Nhật Tân, cầu Thăng Long. Gần các đường Vành Đai 1,2,3 thuận tiện đi các tỉnh. Khu vực yên tĩnh, dân trí cao, an ninh tốt, tiện ích bạt ngàn, rất thích hợp để ở lâu dài +Sổ đỏ chính chủ, pháp lý rõ ràng +Giá: 6.1 tỷ (có thương lượng) Liên hệ: Em Hoàn 0931.526.99***0896.498.*** Xem nhà miễn phí- Nguồn hàng phong phú- Hỗ trợ nhiệt tình
",Nhà riêng,,,,,,,,,,,,,,,,, 25/10/2023,22/11/2023,Bán,2592665,,,,,
"
Bán nhà phố thương mại shophouse Quận Thanh Xuân, Hà Nội sổ đỏ lâu dài, 124m2, 26 tỷ, 5 tầng 1tum
","
26 - 43
Tỷ ","
124 - 180
m2
","['Hà Nội', 'Quận Thanh Xuân', 'Mua bán Nhà phố thương mại Shophouse tại Đường Nguyễn Xiển']","
Bán nhà phố thương mại shophouse Quận Thanh Xuân, Hà Nội sổ đỏ lâu dài, 124m2, 26 tỷ, 5 tầng 1tum  ( thực tế như hình)+ Nhà nằm trên tuyến phố đi bộ sầm uất trung tâm quận  Thanh Xuân của Hà Nội, cách ngã tư Khuất Duy Tiến và Nguyễn Trải gần 500m. Thằng đường từ Vành Đai 3, Nguyễn Xiển vào hơn 200m.+ Nhà rộng đẹp mặt tiền đất 8m, mặt tiền nhà 6m rộng thoáng, có 29m2 sần vườn để làm tiểu cảnh phù hợp với phong cách sống và phong thủy của chủ nhà, như cây cảnh, bể cá đẹp.+ Diện tích xấy dựng rộng mỗi sàn là 84m2, tổng diện tích xây dựng là 411m2,  có 5 tầng, 1 tum .+ Nhà mới xây rộng đẹp đang trong giai đoạn nhận nhà, là căn góc xẻ khẻ nên có 3 mặt thoáng làm cho căn nhà có ánh sáng thiên nhiên tốt cho gia chủ.+ Có cẳn hướng Đông Nam và Tây Bắc để khách hàng lưa chọn cho hợp phong thủy và tuổi của khách hàng ( gia chủ).Liên hệ Quý 09172738***để mua được nhà đẹp ưng ý ở trung tâm Hà Nội.
",Nhà phố thương mại Shophouse,Sổ đỏ,Đông-Nam,,,,,,,,,,,,,,, 25/10/2023,22/11/2023,Bán,2592664,,,,,
"
Bán nhà phố thương mại shophouse quận Hà Đông - Hà Nội giá 31.5 tỷ
","
31,5
Tỷ ","
130
m2
",['Mua bán Nhà phố thương mại Shophouse   Kiến Hưng Luxury'],"
Bán nhà 2 mặt phố hà nội đất 130m2, đường 60m xuyên tâm thủ đô, xây 7 tầng, mặt tiền 6m, 31.5 tỷ (nhà đẹp thực tế như hình).+ Nhà 2 mặt phố, nằm ngày trên trục đường 60m xuyên tâm của thủ đô 8 làn ô tô chạy, vị trí vô cùng thuần lợi để làm văn phòng vip để kinh doanh buôn bán.+ Đường sau nhà 11m, có lối đi vào hầm từ sau nhà.+ Nhà 6 Tầng và 1 hầm thông 80m để được 3, 4 ô tô rất vip.+ Diện tích xây dựng lớn 632m2 phù hợp mọi loại hình văn phong hay kinh doanh.+ Đất rộng 130m2, xây 94m2 một sàn, có sần vườn ở cũng rất vip.+ Vỉa hè trước nhà 7,5m, có đường nội bộ riêng tổng vỉa hè 17m.+ Mặt tiền 6m rất rộng và vip, đẹp.+ Thiết kế sẵn hố chờ thang máy.+ Đá có sổ đỏ, đất đã phân lô vuông đẹp.+ Vị trí rất đắc địa, nằm trong khu đang phát triển sầm uất của thu đô:Cạnh các trung tầm thường mại Metro 2km.Cách công viên lớn 800m,Cách trường Marie Cuire 1km.Cách trung tầm hành chính quận 1km.Cách các viện lớn Hà Nội 103, viện K có 1km.+ Ngôi nhà đầy đủ các tiều chí để mua ở hay đầu tư đều rất tốt.Liên hệ Quý để đặt mua được ngôi nhà đẹp ưng ý.
",Nhà phố thương mại Shophouse,Sổ đỏ,Tây-Bắc,,,,,,,,,,,,,,, 25/10/2023,22/11/2023,Bán,1706940,4,60m,6m,7,"Hoàn thiện ngoại thô trong, thông sàn, có sẳn hố chờ thang máy"
"
Bán nhà mặt phố Hà Nội, đường 60m xuyên tâm thủ đô, xây 6 tầng, 1 hầm, đất 130m2, mặt tiền 6m
","
31,5
Tỷ ","
130
m2
",['Mua bán Nhà phố thương mại Shophouse   Kiến Hưng Luxury'],"
Bán nhà mặt phố Hà Nội, đường 60m xuyên tâm thủ đô, xây 6 tầng, 1 hầm, đất 130m2, mặt tiền 6m (nhà đẹp thực tế như hình).+ Nhà 2 mặt phố, nằm ngay trên trục đường xuyên tâm của thủ đô 8 làn ô tô chạy, vị trí vô cùng thuận lợi để làm văn phòng vip để kinh doanh buôn bán.+ Nhà 6 tầng và 1 hầm thông 80m để được 3, 4 ô tô rất vip.+ Diện tích xây dựng lớn 632m phù hợp mọi loại hình văn phong hay kinh doanh.+ Đất rộng 130m2, xây 94m2 một sàn, có sân vườn ở cũng rất Vip.+ Vỉa hè trước nhà 7,5m, có đường nội bộ riêng tổng vỉa hè 17m.+ Đường sau nhà 11m.+ Mặt tiền 6m rất rộng và vip, đẹp.+ Thiết kế sẵn hố chờ thang máy.+ Đã có sổ đỏ, đất đã phân lô vuông đẹp.+ Vị trí rất đắc địa, nằm trong khu đang phát triển sầm uất của thủ đô:Cạnh các trung tâm thương mại Metro 2km.Cách công viên lớn 800m,Cách trường Marie Cuire 1km.Cách trung tâm hành chính quận 1km.Cách các viện lớn Hà Nội 103, viện K có 1km.Liên hệ Quý  để đặt mua được ngôi nhà đẹp ưng ý.
",Nhà phố thương mại Shophouse,Sổ đỏ,Tây-Bắc,,,,,,,,,,,,,,, 25/10/2023,22/11/2023,Bán,1706659,,60m,6m,7,"Bàn giao thô, thông san, có sẳn hố chờ thang máy, hầm 80m"
"
Bán shophouse 2 mặt phố đẹp nhất Hà Nội, đất lâu dài 130m2, xây 7 tầng VIP đẹp, giá 31,3 tỷ
","
31,5
Tỷ ","
130
m2
","['liền kề   Kiến Hưng Luxury', 'Mua bán Nhà biệt thự']","
Bán shophouse 2 mặt phố đẹp nhất Hà Nội, đất lâu dài 130m2, xây 7 tầng vip đẹp, giá 31,5 tỷ (nhà đẹp thực tế như hình).+ Nhà 2 mặt phố, nằm ngày trên trục đường 60m xuyên tâm của thủ đô 8 làn ô tô chạy, vị trí vô cùng thuần lợi để làm văn phòng vip để kinh doanh buôn bán.+ Đường sau nhà 11m, có lối đi vào hầm từ sau nhà.+ Nhà 6 tầng và 1 hầm thông 80m để được 3, 4 ô tô rất vip.+ Diện tích xây dựng lớn 632m2 phù hợp mọi loại hình văn phong hay kinh doanh.+ Đất rộng 130m2, xây 94m2 một sàn, có sần vườn ở cũng rất vip.+ Vỉa hè trước nhà 7,5m, có đường nội bộ riêng tổng vỉa hè 17m.+ Mặt tiền 6m rất rộng và vip, đẹp.+ Thiết kế sẵn hố chờ thang máy.+ Đá có sổ đỏ, đất đã phân lô vuông đẹp.+ Vị trí rất đắc địa, nằm trong khu đang phát triển sầm uất của thu đô:Cạnh các trung tầm thường mại Metro 2km.Cách công viên lớn 800m,Cách trường Marie Cuire 1km.Cách trung tầm hành chính quận 1km.Cách các viện lớn Hà Nội 103, viện K có 1km.+ Ngôi nhà đầy đủ các tiều chí để mua ở hay đầu tư đều rất tốt.Liên hệ Quý để đặt mua được ngôi nhà đẹp ưng ý.
","Nhà biệt thự, liền kề",Sổ đỏ,Tây-Bắc,,,,,,,,,,,,,,, 25/10/2023,22/11/2023,Bán,1706932,4,60m,6m,7,"ban giao thô thông sàn, có hố chờ thang máy"
"
Tòa Nhà VP mặt phố Thanh Xuân, 100m, 8 tầng thang máy chỉ 24 tỷ
","
242,4 - 24245
Tỷ ","
100
m2
","['Hà Nội', 'Quận Thanh Xuân', 'Mua bán Nhà mặt phố tại Phố Quan Nhân']","
 MẶT PHỐ THANH XUÂN – NGÃ TƯ SỞ - TÒA NHÀ VĂN PHÒNG - 8 TẦNG THANG MÁY HIỆN ĐẠI - MẶT TIỀN RỘNG VÀ ĐẸP - Ở SƯỚNG+ Nhà nằm ở mặt phố   Ngã Tư Sở, view hồ thoáng mát tuyệt vời, quận Thanh Xuân, con phố thông ra tứ ngả vị trí gần Ngã Tư Sở.+ Diện tích 100.m2, mặt tiền 6m hậu nở.+ Nhà xây mới được thiết kế 7 tầng + 1 tum , thông sàn thang máy cuối, trang thiết bị hiện đại, Điều hòa âm trần. Hệ thống phòng cháy chữa cháy chuẩn. Setup cho thuê Văn phòng.  Tầng 1: Gara để xe.Tầng 2, 3, 4, 5, 6: Thông sàn cho thuê văn phòng.  Tầng 7 + 8: 2 tầng trên cùng setup sẵn làm café sân thượng view toàn cảnh lung linh của các tòa cao tầng khu Thanh Xuân cực chill. Hứa hẹn là một địa điểm cafe check in sống ảo tung chảo.LH Mỹ Loan  ( Zalo) để được hỗ trợ tốt nhất
",Nhà mặt phố,Sổ đỏ,,,,,,,,,,,,,,,, 25/10/2023,22/11/2023,Bán,2592656,,,,,
"
Bán nhà Giáp Bát, Hoàng Mai, DT: 29mX5 tầng, 4,8 tỷ
","
4,8E-05
Triệu ","
29
m2
","['Hà Nội', 'Quận Hoàng Mai', 'Mua bán Nhà riêng tại Đường Giáp Bát']","
Nhà bán đường giáp bát quận hoàng mai dt: 29m x 5 tâng :giá 4.8 tỷ ( có thương lượng) Lh A Tuấn hỗ trợ tư vấn xem nhà 24/7 + Vị trí: ô tô đỗ cách 20m, gần chợ, trường cấp 1,2,3, gần bến xe giáp bát, gần trường Kinh Tế, Xây Dựng, Bách Khoa, Bệnh viện Bạch Mai. + Khu vưc dân trí cao, văn minh, giao thông thuận tiện. Nhà xây mới thiết kế hiện đại ,nội thất cơ bản Tầng 1: Khách + bếp Tầng 2,3,4 Phòng ngủ rộng vS khép kín Tầng 5: Thờ + sân Phơi Sổ đỏ đẹp sẵn sàng giao dịch LH: A Tuấn để được hỗ trợ tốt nhâtGiá: 4,8 tỷDiện tích: 29 m2Địa chỉ tài sản: , Phường Giáp Bát, Quận Hoàng Mai, Hà Nội
",Nhà riêng,,Tây-Nam,1.0,1.0,1.0,1.0,1.0,1.0,1.0,1.0,1.0,1.0,1.0,1.0,1.0,1.0, 25/10/2023,22/11/2023,Bán,2592595,,,,,
"
Cắt lỗ - Bán Chung cư B1 Học Viện Ngân Hàng - Chùa Bộc - Đống Đa - Sổ đỏ vĩnh viễn - Giá rẻ
","
700
Triệu ","
58
m2
","['Hà Nội', 'Quận Đống Đa', 'Mua bán Căn hộ chung cư tại Phố Chùa Bộc']","
Chung cư B1 Học Viện Ngân Hàng - Chùa Bộc - Đống ĐaLiên hệ Trường chủ đầu tư để mua giá gốc 0971 846 ***  (Lưu ý miễn môi giới trung gian).Tòa nhà nằm trung tâm quận, đi lại thuận tiện giữa các quận, gần công viên, gần chợ, siêu thị, trường học cấp 1 cấp 2 cấp 3.Giá bán: 600tr - 650tr - 790tr - 919tr - hơn 1 tỷ.Diện tích: 52m - 54m - 58m - 62m - 66m - 69m².Tòa nhà thiết kế tầng 1 để xe, có đầy đủ hệ thống phòng cháy chữa cháy tự động, an ninh tòa nhà bảo vệ chuyên nghiệp.Sổ hồng sở hữu vĩnh viễn.Liên hệ trực tiếp Trường Chủ Đầu Tư xây dựng để mua nhà giá gốc 0971 846 ***.Add zalo để nhận video căn hộ. (Lưu Ý Miễn Môi Giới Trung Gian).
",Căn hộ,Sổ đỏ,Tây-Nam,1.0,1.0,1.0,1.0,1.0,1.0,1.0,1.0,1.0,1.0,1.0,1.0,1.0,1.0, 25/10/2023,08/11/2023,Bán,1207611,,,,,
"
Chính chủ cần bán căn hộ giá rẻ 70 m2 giá 980 triệu
","
980
Triệu ","
70
m2
",['Mua bán Căn hộ chung cư  Khu đô thị Thanh Hà Cienco 5'],"
CHÍNH CHỦ CẦN BÁN CĂN HỘ THANH HÀCăn 70 m2 - full nội thất giá 980 triệu.Căn 65 m2 - ban công đông nam - giá 1,33 tỷCăn 67 m2 - ban công bắc - tầng đẹp - giá 1,42 tỷCăn 66,6 m2 - tầng thấp - full nội thất giá 1,33 tỷCăn 72 m2 - 6 toà mới giá 1,5 tỷCăn 66 m2 - khu 3 toà mới - giá 1,3 tỷ 
",Căn hộ,,,,,,,,,,,,,,,,, 25/10/2023,22/11/2023,Bán,2592536,,,,,
"
Bán căn hộ Nam Từ Liêm - Hà Nội giá thỏa thuận
","
Thỏa thuận
","
79
m2
",['Mua bán Căn hộ chung cư  Vinhomes Smart City'],"
* Mẫu 2PN+1 siêu hót khi dành được sự quan tâm từ phần lớn khách hàng, với công năng tuyệt đối như 2 ban công, bếp tách biệt với phòng khách và thông thoáng với logia phụ, không gian + 1 siêu lớn nhằm tạo góc vô cùng riêng tư, ban công Đông Bắc mát mẻ ngày hè và thông thoáng ngày đông, được trang bị sẵn full đồ nội thất cao cấp, cùng rất nhiều các lợi thế khác...* Giá siêu rẻ khi chỉ với 3.73 tỷ (đã full VAT, kinh phí bảo trì).* Dễ dàng tạo thành căn 3PN với thiết kế đẩy từ diện tích lên đến 71m² thông thủy - 79m² tim tường khu cao cấp The Tonkin - Vinhomes Smart City.* Đăng ký đủ 2 slot ô tô tại hầm tòa nhà giúp khách hàng đi lại dễ dàng.* Với lợi thế được nhận nhà ngay và lại là dòng sản phẩm cao cấp duy nhất đến từ chủ đầu tư Vinhomes.* Vị trí siêu đắc địa khi có nhà để xe tại chân tòa, 3 bước ra hồ trung tâm, cầu vượt di chuyển Thiên Đường Bảo Sơn kế cạnh...* Tiêu chuẩn bàn giao thuộc hệ Ruby, sánh ngang với các sản phẩm thuộc các dự án như Vinhomes Greenbay, Vinhomes Sky Lake...* Giá bán đúng giá theo giá tại phiếu tính giá và HĐ mua bán từ chủ đầu tư Vinhomes.* Với khoảng tầng trung cao và view nhìn từ căn hộ siêu thoáng, góc nhìn bao quát không gian biệt thự và khu Lê Trọng Tấn - Hà Đông cùng nội khu bể bơi siêu vip.* Cơ hội dành cho anh chị quan tâm và yêu thích mẫu căn này ngay hôm nay.
",Căn hộ,Sổ hồng,Đông-Bắc,,,,,,,,,,,,,,, 25/10/2023,22/11/2023,Bán,2592534,,,,,
"
Bán sàn thương mại, SVP, chung cư và Shophouse Goldmark City 138 Hồ Tùng Mậu, Diện tích đa dạng
","
5,3
Tỷ ","
100
m2
",['Mua bán Bất động sản khác  Goldmark City'],"
Chủ đầu tư mở Bán sàn thương mại, sàn văn phòng chung cư Goldmark City gần Mỹ Đình - Cầu Giấy, Diện tích đa dạng từ 100-200-500m2- Đã có sẵn hợp đồng thuê lợi nhuận 6-8%/nămKhu vực đông dân cư đông đúc cộng đồng người Hàn Quốc, tập trung hệ thống trường học nhiều nhất khu vực. Hơn 5000 căn hộThích  hợp cho cá nhân /Doanh  nghiệp mua đầu tư hoặc sử dụng đều hợp lýLiên hệ xem thực tế và thông tin giá bán : 0338 336 ***  Mr Kỳ 
",Bất động sản khác,,,,,,,,,,,,,,,,, 25/10/2023,22/11/2023,Bán,2592353,,,,,
"
Bán tòa nhà dòng tiền tại Dịch Vọng Cầu Giấy Hà Nội.
","
15,5
Tỷ ","
73
m2
","['Hà Nội', 'Quận Cầu Giấy', 'Mua bán Nhà riêng tại Đường Dịch Vọng']","
💥💥 TÒA DÒNG TIỀN TẠI CẦU GIẤY 💥💥👉 DOANH THU 100 TRIỆU/THÁNG.💎 Diện tích 73m2 xây 7 tầng thang máy. Tổng được 18 phòng khép kín và đầy đủ trang thiết bị nội thất mới 100%.Ngõ trước nhà rộng 2,5m. Cách điểm ô tô đỗ 30m. Cách 150m ra phố Dịch Vọng.💎 Đạt doanh thu 100 triệu/ tháng .👉 Hệ thống PCCC, thoát hiểm đạt tiêu chuẩn.- HỆ THỐNG BÁO CHÁY, VÒI PHUN TỰ ĐỘNG, BƠM TĂNG ÁP HIỆN ĐẠI.✅ Giá bán: 15,5 tỷ.👉 BÊN BÁN cam kết hỗ trợ lấp kín phòng mới bàn giao.👉 BÊN BÁN cam kết.. Nếu BÊN MUA không muốn trực tiếp khai thác thì BÊN BÁN sẽ thuê lại cả tòa với phương thức trả tiền 3 tháng , cọc 2 tháng.Mọi chi tiết xin liên hệ..☎️ 0904915***, 0973010***.Nhận ký gửi MB BĐS và hỗ trợ Bank.
",Nhà riêng,Sổ đỏ,,1.0,1.0,1.0,1.0,1.0,1.0,1.0,1.0,1.0,1.0,1.0,1.0,1.0,1.0, 24/10/2023,21/11/2023,Bán,2592069,,,,,
"
Nhô 1 tỷ xúc ngay lô đất gần Nhổn, cách đường Vành Đai 3.5 khoảng 50m. Tiện ô tô. LH 0986 732 ***
","
1,4
Tỷ ","
36
m2
","['Hà Nội', 'Huyện Hoài Đức', 'Mua bán Đất nền dự án tại Đường Di Ái']","
Nhô 1 tỷ xúc ngay lô đất gần Nhổn, cách đường Vành Đai 3.5 khoảng 50m. Tiện ô tô. LH 0986 732 ***- Lô đất đẹp cách Nhổn 1,5km, sát đường Vành Đai 3.5 tại Hoài Đức, giáp quận Nam Từ Liêm, lên Mỹ Đình khoảng 10 phút.* Cách khu đô thị Di Trạch - HUD 2km. Gần nhà văn hóa, trường cấp 1, 2, 3 Di Ái, trạm xá... Cách trường liên cấp quốc tế Penika 1km, ĐH Công Nghiệp 1,5km...- Diện tích 36m².- Mặt tiền 4m, hướng Nam.- Ngõ trước đất rộng khoảng 2,8m cách ô tô 30m.- Sổ vuông vắn không lỗi phong thủy.- Xung quanh khu dân cư đông đúc, tiện ích đầy đủ, cách chợ Di Trạch, trường cấp 1 - 2 khoảng 200m.Phù hợp với vợ chồng trẻ tài chính còn hạn chế.- Giá: 1,4 tỷ.Liên hệ E Tường 0986 732 6***hỗ trợ tư vấn xem đất 24/7
",Đất nền dự án,,,1.0,1.0,1.0,1.0,1.0,1.0,1.0,1.0,1.0,1.0,1.0,1.0,1.0,, 24/10/2023,21/11/2023,Bán,2591996,,,,,
