Title,Price,Area,Address,Gen_descrip,Loại hình,Số phòng ngủ,Tình trạng pháp lý,Ngày đăng,Ngày hết hạn,Loại tin,ID tin,Hướng nhà,Bình nóng lạnh,Máy hút mùi,Tủ bếp,Bàn ăn,Kệ TV,Giường ngủ,Bàn phấn,Tủ quần áo,Bồn tắm,Vòi hoa sen,Bồn cầu,Bồn rửa mặt,Tủ trang trí,Hướng ban công,Số tầng,Căn góc,Nội thất,Bàn ghế P.khách
"
2,6 tỷ có nhà đẹp ở ngay tây mỗ 30m2 x 5t, hàng xóm vinsmart city
","
2,6
Tỷ ","
30
m2
","['Hà Nội', 'Quận Nam Từ Liêm', 'Mua bán Nhà riêng tại đường Tây Mỗ']","
- Vị trí hiếm đẹp cách mặt phố chỉ khoảng 30m, mặt ngõ thông ô tô đỗ cửa kinh doanh tốt nhiều loại hình. 
- Xung quanh hưởng chọn đầy đủ tiện ích VINSMART EAON HÀ ĐÔNG, trường học các cấp, chợ dân sinh tttm đủ cả an ninh tốt an sinh đỉnh cao. 
- Chính chủ Anh Cường, bác sỹ ở cực lộc bán đi chuyển nhà mặt phố, anh tặng lại toàn bộ nội thất cho khách thiện trí xem là mê. 
- Sổ vuông vắn chính chủ sang tên ngay 2,6 tỷ có thương lượng
- LH:68 3238 ( GỌI hoặc ZALO)
",Nhà riêng,3,Sổ đỏ, 24/10/2023,21/11/2023,Bán,2591986,,,,,,,,,,,,,,,,,,,
"
Mặt phố Lý Nam Đế - Hoàn Kiếm - Số nhà siêu đẹp 79 thần tài lớn 💵💵💵
","
43,5
Tỷ ","
60
m2
","['Hà Nội', 'Quận Hoàn Kiếm', 'Mua bán Nhà mặt phố tại Đường Lý Nam Đế']","
CON PHỐ XANH MÁT TRONG TRUNG TÂM HÀ NỘIDiện tích vừa tầm hơn 60m2Mặt tiền rộng hơn 5mKhu vực an ninh tốt gần BQP dân trí caoPhố cổ - cửa ngõ Hoàng Thành – Cửa Đông - đang hoạt động kinh doanh tốtNhà sẵn - quán siêu đẹpChỉ 43,5 tTrực tiếp chủ nhà - thiện chí bánLh a Cường 0769292*** 
",Nhà mặt phố,,, 24/10/2023,21/11/2023,Bán,2591891,,,,,,,,,,,,,,,,,,,
"
Đầu tư vào đâu bền vững, sinh lời cao , không rủi ro – Đất chứ đâu – 40m, nhỉnh 2 tỷ xíu Cầu Diễn
","
2,2
Tỷ ","
40
m2
","['Hà Nội', 'Quận Bắc Từ Liêm', 'Mua bán Đất tại Đường Cầu Diễn']","
Cần tiền gấp bán mảnh đất vượng khí tại Cầu Diễn, Bắc Từ Liêm, Hà NộiDiện tích: 40m2Mảnh đất vuông vắnSổ đỏ cất két sẵn sàn giao dịchGía 2,2 tỷ          Cách mặt đường văn Tiến Dũng khoảng 100mGần Ủy ban PhườngNgõ rộng, thoángCầu Diễn, Bắc Từ Liêm, Hà NộiĐặt lịch xem: 0983 169 *** 
",Đất,,Sổ đỏ, 24/10/2023,21/11/2023,Bán,2591900,Nam,,,,,,,,,,,,,,,,,,
"
Bán nhà riêng Nam Yên Lũng 34m2*5T, gần cầu An Khánh. Ô tô đậu ngay cửa. Giá 2,7 tỷ. LH: 0986732***
","
2,7
Tỷ ","
34
m2
","['Hà Nội', 'Huyện Hoài Đức', 'Mua bán Nhà riêng tại Đường Nam Yên Lũng']","
Bán nhà riêng Nam Yên Lũng 34m2*5T, gần cầu An Khánh. Ô tô đậu ngay cửa. Giá 2,7 tỷ. LH: 0986732***- Diện tích 34m².- Mặt tiền: 3,5m.- Đường: 3,7m.* Nhà xây dựng kiên cố, riêng tường, riêng móng. Thiết kế hiện đại.- Tầng 1: Phòng khách, bếp, VS.- Tầng 2, 3, 4 mỗi tầng 1 phòng ngủ + 1 WC.+ Tầng 5: 1 phòng thờ + 1 sân phơi.* Nội thất: Tủ bếp, cầu thang bằng gỗ Lim, cửa thông phòng nhôm kính Việt Pháp, dây điện Trần Phú, ống nhựa Tiền Phong, gạch ốp lát, thiết bị vệ sinh, hệ thống chiếu sáng, trần thạch cao, bồn... Các bạn chỉ việc xách vali vào ở.* Vị trí: Thuộc Nam Yên Lũng - An Khánh, gần khu đất dịch vụ, đường giao thông thông thoáng, cách nhà văn hóa yên lung, khu vui chơi, chỗ để ô tô đúng 10m, thuận tiện đi ra đại lộ Thăng Long, Lê Trọng Tấn, khu Cầu Giấy, Keangnam, Thanh Xuân...* Cách Thiên Đường Bảo Sơn 2km, Vinhomes Smart City 2km.- Pháp lý: Sổ đỏ chính chủ.Giá bán: 2,7 tỷ (có thương lượng).Liên hệ trực tiếp: E Tường 0986 732 6***hỗ trợ tư vấn xem nhà 24/7
",Nhà riêng,,Sổ đỏ, 24/10/2023,21/11/2023,Bán,2591987,,1.0,1.0,1.0,1.0,1.0,1.0,1.0,1.0,1.0,1.0,1.0,1.0,,,,,,
"
Chủ cần tiền bán 33m2 thổ cư Tây Mỗ. 50m đến Vinhomes Smart City. Lô góc. Giá 1,8 tỷ. LH:0986732***
","
1,83
Tỷ ","
33
m2
","['Hà Nội', 'Quận Nam Từ Liêm', 'Mua bán Đất nền dự án tại Đường Miêu Nha']","
Chủ cần tiền bán 33m2 thổ cư Tây Mỗ. 50m đến Vinhomes Smart City. Lô góc. Giá 1,8 tỷ. LH:0986732***- Ngay cầu vượt Tây Mỗ, gần UBND phường Tây Mỗ, Trường cấp 1, 2, 3 Tây Mỗ, Trường Lý Nam Đế.- Cạnh khu đô thị An Lạc Green Symphony.- Mặt tiền rộng: 6m.- Diện tích: 33m².- Đường: 2,8m.Đường rộng hai ô tô tránh nhau cách 20m.Pháp lý: Đã có sổ đỏ - hỗ trợ vay bank.Nằm vị trí đẹp, sát với Đại Lộ Thăng Long. Sát cầu vượt Vinhomes Tây Mỗ. Bệnh viện Vinmec.Xung quanh nhiều nhà dân hàng xóm thân thiện về ở.Ngay gần khu hồ điều hòa sông.Cách trung tâm hội nghị quốc gia 3km.Có nhiều tiện ích Aeon Mall Hà Đông, Vincom Mega Mall, An lạc Symphony. KĐT Bắc - Nam An Khánh. Đặc biệt nó sát luôn khu đô thị Vinhomes Smart City, khu đô thị Xuân Phương.Giá bán nhanh: 1,83 tỷ (bao phí).Quý khách hàng có nhu cầu xem đất, tham khảo giá.Liên hệ trực tiếp: E Tường 0986 732 6***Xem đất 24/7.
",Đất nền dự án,,Sổ đỏ, 24/10/2023,21/11/2023,Bán,2591875,,,,,,,,,,,,,,,,,,,
"
Nhà riêng KĐT Di Trạch 33m2*4T, 50m đến Vành Đai 3.5. Ô tô đậu trước cửa. Giá 2,7 tỷ. LH:0986732***
","
2,7
Tỷ ","
33
m2
","['Hà Nội', 'Huyện Hoài Đức', 'Mua bán Nhà riêng tại Đường Đan Khê']","
Nhà riêng KĐT Di Trạch 33m2*4T, 50m đến Vành Đai 3.5. Ô tô đỗ trước cửa. Giá 2,7 tỷ. LH 0986 732 ***- Diện tích: 33m².- Mặt tiền: 3,4m.- Nhà xây 4 tầng thiết kế hiện đại nội thất đầy đủ mới đẹp, khung cột bê tông chắc chắn.- Tầng 1 phòng bếp, cầu thang, phòng ăn, vs- Tầng 2 & 3 mỗi tầng 1 phòng ngủ + 1 WC.- Tầng 4: Phòng ngủ, Phòng thờ, sân phơi rộng rãi thoáng mát.* Nội thất: Cửa chính 2 lớp, tủ bếp gỗ Sồi Nga, thiết bị vệ sinh Inax, hệ thống đèn điện chiếu sáng, trần thạch cao, cửa thông phòng gỗ Lim, cửa sổ cách âm loại nhôm kính. Đầu chờ điều hòa, nóng lạnh, mạng, cáp...Vị trí: Nằm trong KĐT Di Trạch giáp ranh với Phường Xuân Phương, Phường Phương Canh, 200m ra khu đô thị mới HUD Vân Canh, 50m ra đường (3.5) Đường Lê Trọng Tấn Hà Đông kéo dài ra Quốc Lộ 32.- Gần ĐH Công Nghiệp, Trường Liên cấp Quốc tế Penika, FPT, ĐH Đông Á, Chợ đầu mối Minh Khai...- Cách dự án Hateco 0,5km, cách SVĐ Mỹ Đình 3km. Khu dân cư ổn định gần chợ Dân Sinh Di Trạch, Trường cấp 1, 2, 3 Di Trạch- Giá 2,7 tỷ (Bao sang tên sổ đỏ). Hỗ trợ trả góp đến 80%.Liên hệ: E Tường 0986 732 688Zalo) xem nhà 24/7Trân trọng kính mời!
",Nhà riêng,,Sổ đỏ, 24/10/2023,21/11/2023,Bán,2591844,,1.0,1.0,1.0,1.0,1.0,1.0,1.0,1.0,1.0,1.0,1.0,1.0,1.0,,,,,
"
Chính chủ bán nhà 55m2x6 tầng phố Nguyễn Phúc Lai - Hoàng Cầu
","
12,9
Tỷ ","
55
m2
","['Hà Nội', 'Quận Đống Đa', 'Mua bán Nhà riêng tại Phố Nguyễn Phúc Lai']","
Chính chủ bán nhà 55m2x6 tầng phố Nguyễn Phúc Lai - Hoàng Cầu. Vị trí đầu ngõ ngay sát mặt phố NPL, oto để ngay trong nhà. Nhà thiết kế mới với mặt tiền rộng và nở hậu kinh doanh cực tốt. Đi bộ vài bước là ra hồ hoàng cầu và các tiện ích chợ, trường học, siêu thị ở hay kd đều thích.+ Pháp lý: Sổ đỏ chính chủ vuông vắn trước sau+ Hướng: Đông Namtầng 1: gara oto/cửa hàng + bếp + wctầng 2,3,4:  2 phòng + wc + cầu thang giữatầng 5: Phòng thờ +p.giặt + sânTầng 6: vườn cây cảnhGiá bán: 12,9  
",Nhà riêng,,Sổ đỏ, 24/10/2023,21/11/2023,Bán,2493853,Đông,1.0,1.0,1.0,,,,,,,1.0,1.0,1.0,1.0,,,,,
"
Bán Gấp - Chung Cư H1 Phố Vọng - Giải Phóng - Đại Học Kinh Tế Quốc Dân - Sổ đỏ vĩnh viễn
","
700
Triệu ","
58
m2
","['Hà Nội', 'Quận Hoàng Mai', 'Mua bán Căn hộ chung cư tại Đường Giải Phóng']","
Chung cư H1 Phố Vọng - Giải Phóng - Đại Học Kinh Tế Quốc Dân Liên hệ Trường chủ đầu tư để mua giá gốc 0971 846 ***  (Lưu ý miễn môi giới trung gian).Chung cư xây dựng mới hiện đại, đã hoàn thiện có thể xách đồ về ở ngay.Gần các trường đại học - chợ - siêu thị - trường học các cấp - đi lại thuận lợi.Giá bán: 600tr - 700tr - 880tr -  962tr - hơn 1 tỷ.Diện tích: 35m² - 50m² - 52m² - 55m² - 58m² - 65m².Tòa nhà thiết kế tầng 1 để xe, có đầy đủ hệ thống phòng cháy chữa cháy tự động, an ninh tòa nhà bảo vệ chuyên nghiệp.Sổ hồng sở hữu vĩnh viễn.Liên hệ trực tiếp Trường Chủ Đầu Tư xây dựng để mua nhà giá gốc 0971 846 ***.Add zalo để nhận video căn hộ. (Lưu ý miễn môi giới trung gian).
",Căn hộ,2,Sổ hồng, 24/10/2023,21/11/2023,Bán,1540545,Đông,1.0,1.0,1.0,1.0,1.0,1.0,1.0,1.0,1.0,1.0,1.0,1.0,1.0,Đông,8,Có,Có,1.0
"
Bán gấp - Chung Cư K1 Đại Cồ Việt - Trần Khát Chân - Hai Bà Trưng - Sổ đỏ vĩnh viễn
","
700
Triệu ","
58
m2
","['Hà Nội', 'Quận Hai Bà Trưng', 'Mua bán Căn hộ chung cư tại Đường Đại Cồ Việt']","
Chung cư K1 Đại Học Bách Khoa - Đại Cồ Việt - Trần Khát Chân - Hai Bà Trưng.Liên hệ Trường chủ đầu tư để mua nhà giá gốc 0971846***Tòa nhà nằm trung tâm quận, đi lại thuận tiện giữa các quận, gần công viên, gần chợ, siêu thị, trường học cấp 1 cấp 2 cấp 3.Giá bán: 600tr - 700tr -  800tr - 946tr - hơn 1 tỷ.Diện tích: 35m² - 50m² - 55m² - 58m² - 60m² - 65m².Tòa nhà thiết kế tầng 1 để xe, có đầy đủ hệ thống phòng cháy chữa cháy tự động, an ninh tòa nhà bảo vệ chuyên nghiệp.Sổ đỏ vĩnh viễnLiên hệ chủ đầu tư - Trường 0971846336***Miễn môi giới trung gian
",Căn hộ,2,Sổ hồng, 24/10/2023,21/11/2023,Bán,1534337,Đông,1.0,1.0,1.0,1.0,1.0,1.0,1.0,1.0,1.0,1.0,1.0,1.0,1.0,Đông,8,Có,Có,1.0
"
Bán căn hoa hậu phố Cầu Cốc Vincom Tây Mỗ, 33m2*5T. Sổ đỏ 999 năm sẵn GD. Giá 2.9 tỷ. LH:0986732***
","
2,9
Tỷ ","
33
m2
","['Hà Nội', 'Quận Nam Từ Liêm', 'Mua bán Nhà riêng tại Đường Do Nha']","
Bán căn hoa hậu phố Cầu Cốc Vincom Tây Mỗ, 33m²*5T. Sổ đỏ 999 năm chờ giao dịch. Giá 2.9 tỷ. LH: 0986 732 ***.* Thông tin chi tiết ngôi nhà:- Diện tích: 33m² xây mới 5 tầng cực đẹp, đầy đủ nội thất sẵn dọn về ở ngay.- Ngõ rộng thông thoáng, ô tô vào nhà.- Nhà xây kiên cố, thiết kế 5 tầng hiện đại:+ Tầng 1: Phòng khách + bếp + WC.+ Tầng 2,3,4: Mỗi tầng 1 phòng ngủ + WC, rộng thoáng mát.+ Tầng 5: Phòng thờ + sân phơi.- Căn nhà được trang bị đầy đủ nội thất cơ bản: Cửa chính 2 lớp, cửa thông phòng và tủ bếp gỗ Lim Nam Phi, điện Trần Phú, nước sạch nhà nước... Chìa khóa trao tay.* Tiện ích: Vị trí nhà gần chợ dân sinh, trường học, giao thông thuận tiện sang Đại Lộ Thăng Long, Mỹ Đình, Cầu Giấy, Nguyễn Chí Thanh, Trần Duy Hưng, Thanh Xuân, khu Hồ Tây, khu vực nhiều trường ĐH lớn.- Cạnh Vinhomes Smart City với bộ 3 công viên liên hoàn lên đến 16,8ha (Công Viên Vườn Nhật - Công Viên Thể Thao - Công Viên Hồ Trung Tâm) với bãi biển nhân tạo lên đến 4,8ha.- 500m đến Vincom Mega Mall, 1km đến Aeon Mall Hà Đông.- 2km đến Trung Tâm Hội Nghị Quốc Gia Hà Nội, 2km đến Sân vận động Quốc Gia Mỹ Đình.* Sổ đỏ chính chủ, pháp lý rõ ràng.* Giá bán: 2,95 tỷ (có thương lượng, bao phí sang tên).- LH: E Tường 0986 732 6***hỗ trợ tư vấn xem nhà 24/7.Xin cảm ơn!
",Nhà riêng,,Sổ đỏ, 24/10/2023,21/11/2023,Bán,2591757,,1.0,1.0,1.0,1.0,1.0,1.0,1.0,1.0,1.0,1.0,1.0,1.0,1.0,,,,,
"
Nhà riêng Xuân Phương - Nam Từ Liêm 35m2 *4T, ô tô đỗ gần. Sổ đỏ sẵn. Giá 2.5 tỷ. LH: 0986 732 ***
","
2,5
Tỷ ","
35
m2
","['Hà Nội', 'Quận Nam Từ Liêm', 'Mua bán Nhà riêng tại Đường Xuân Phương']","
Nhà riêng Xuân Phương - Nam Từ Liêm 35m² *4T, ô tô đỗ gần. Sổ đỏ sẵn sàng giao dịch. Giá 2.5 tỷ. LH: 0986 732 ***- Diện tích: 35m² x 4 tầng.+ Tầng 1: Phòng khách, bếp, phòng ăn, WC.+ Tầng 2, 3: Mỗi tầng 2 phòng ngủ, 1 WC.+ Tầng 4: Phòng thờ, sân phơi.- Nhà mới nội thất đầy đủ công năng sử dụng, phù hợp với vợ chồng trẻ.- Trước sân để xe thoải mái, hàng xóm thân thiện. Chỉ 50m đến chỗ để ô tô.- Gần nhà văn hóa, trung tâm thể thao, trường học tất cả các cấp, chợ Xuân Phương.- Gần đường đại lộ Thăng Long, Sa Đôi, Lê Trọng Tấn.- 2km đến sân vận động Mỹ Đình, 2,5km đến BigC Thăng Long - Trung tâm hội nghị Quốc Gia.- 3km đến đại học Công Nghiệp - đại học Đông Á, FPT, Chợ đầu mối Minh Khai...* Sổ đỏ chính chủ, pháp lý rõ ràng sẵn sàng giao dịch.Giá: 2,5 tỷ (bao tất cả mọi loại phí).Liên hệ: E Tường 0986 732 6***Xem nhà 24/7.Hỗ trợ tư vấn mua bán nhà đất.Xin cảm ơn!
",Nhà riêng,,Sổ đỏ, 24/10/2023,21/11/2023,Bán,2591739,,1.0,1.0,1.0,1.0,1.0,1.0,1.0,1.0,1.0,1.0,1.0,1.0,1.0,,,,,
"
Bán Liền Kề Khu Đô Thị HUD 40m2*6T. Có thang máy. Ô tô vào nhà. Sổ đỏ 999 năm chờ GD. LH:0986732***
","
5,2
Tỷ ","
40
m2
","['Hà Nội', 'Huyện Hoài Đức', 'liền kề tại Đường Vân Canh', 'Mua bán Nhà biệt thự']","
Bán liền kề khu đô thị HUD 40m²*6T, lô xẻ khe 2 mặt thoáng. Có thang máy. Ô tô vào nhà. Sổ đỏ 999 năm cất két chờ giao dịch. LH: 0986 732 ***.Nhà xây mới rộng thoáng, trung tâm của khu đô thị HUD nên giao thông thuận tiện đi vào trung tâm Mỹ Đình, Cầu Giấy...Khu vực dân trí cao gần trường ĐH Đông Á, ĐH Công Nghiệp, cao đẳng FPT.., an ninh tốt vì gần Viện kHoa học hình sự bộ công an, tổng cục cảnh sát cơ động bộ công an và rất tiện đi lại.--------* Thiết kế, công năng: Tân cổ điển thời thượng.- Diện tích 40m, xây mới 6 tầng, thang máy sẵn sàng.- Công năng đầy đủ, tiện nghi và sang trọng.- Tầng 1: Để xe, cầu thang bộ và thang máy cuối.- Tầng 2: Phòng khách, bếp.- Tầng 3,4,5: Mỗi tầng 1 phòng ngủ master và WC.- Tầng 6: Phòng thờ và sân phơi.* Vị trí:- Là nơi giao thoa nhiều tuyến phố lớn: Trịnh văn Bô, Cầu Diễn, Trần Hữu Dực, Lê Đức Thọ, Mỹ Đình, Hồ Tùng Mậu, phía Tây thì nối với đường 3.5 đi Vinhomes Smart City, Thiên Đường Bảo Sơn, Lê Trọng Tấn, Hà Đông, xung quanh là các khu đô thị An Lạc Green Symphony, Vườn Cam rất tiện đi lại.- Tiện ích bao quanh, ngập tràn tiện nghi, không gian sống của các khu đô thị, không khí trong lành.- 1km đến các trường đại học Công Nghiệp Hà Nội, đại học Đông Á, FPT, Liên cấp quốc tế Penika, Cấp 1, 2, 3 Xuân Phương - Phương Canh.- 500m đến chợ đầu mối nông sản Minh Khai, chợ Canh, chợ Xuân Phương.* Nội thất:- Gia chủ làm rất cẩn thận, tỉ mỉ từng chi tiết: Hệ thống cửa thông phòng, cầu thang sử dụng gỗ lim, thang máy nhập khẩu, nội thất An Cường, tạo sự sang trọng, đẳng cấp cho ngôi nhà.- Hệ thống thiết bị vệ sinh hãng ToTo, dây điện Trần Phú đi ông Gen cẩn thận, đầy đủ tiện nghi.* Pháp lý: Sổ đỏ chính chủ, giấy phép xây dựng.* Giá chào chỉ: 5.2 tỷ (có thương lượng, bao thuế phí).* Liên hệ ngay E Tường 0986 732 6***Hỗ trợ tư vấn xem nhà 24/7.
","Nhà biệt thự, liền kề",,Sổ đỏ, 24/10/2023,21/11/2023,Bán,2591717,,1.0,1.0,1.0,1.0,1.0,1.0,1.0,1.0,1.0,1.0,1.0,1.0,1.0,,,,,
"
Nhà riêng Phương Canh 33m2*4T, 50m đến Trịnh Văn Bô. Ô tô đậu ngay cửa. Giá 3 tỷ. LH: 0986.732.***
","
3
Tỷ ","
33
m2
","['Hà Nội', 'Huyện Hoài Đức', 'Mua bán Nhà riêng tại Đường An Trai']","
Nhà riêng Phương Canh 33m2*4T, 50m đến Trịnh Văn Bô. Ô tô đậu ngay cửa. Giá nhô 3 tỷ. LH: 0986.732.***- Diện tích 33m.- Mặt tiền 3,5m. Đất vuông vắn, rất đẹp.- Đường rộng 3,8m (ô tô đi thoải mái)* Vị trí: Nhà nằm sát đường Trịnh Văn Bô, Trần Hữu Dực, Mỹ Đình, ô tô đỗ cạnh nhà 10m, rất thuận tiện giao thông đi lại, cách trung tâm Mỹ Đình 1km.- Nhà nằm gần khu đất đấu giá Phương Canh và nhà máy bia hà nội Sabeco, gần cụm công nghiệp vừa và nhỏ Nam Từ Liêm, gần trường Đại học Đông Á, Đại học Công Nghiệp, Cao đẳng FPT, Khu đô thị Vân Canh HUD, khu đô thị Mỹ Đình. Nhà nằm gần các Trường mầm non và các Trường cấp 1, 2 Phương Canh.- Nhà cách 1km sang đến các trường chuyên như Đoàn Thị Điểm, Việt Úc, Lômônôxốp.- Nhà nằm trong khu vực dân trí cao, an ninh tốt hàng xóm thân thiện. Khu vực đường ngõ bê tông sạch sẽ, nước máy Sông Đà.- Cách chợ Phương Canh 100m, chợ đầu mối nông sản Minh Khai 1km, các chợ dân sinh- Đối diện là nhà văn hóa, khu vực rộng thoáng, sinh hoạt chung* Nội thất: Nhà xây khung bê tông cốt thép rất chắc chắn, thiết kế 5 tầng, có ban công thoáng mát, cầu thang ốp đá, tay vịn và cửa gỗ Lim. Thiết bị vệ sinh cao cấp Inax, dây điện Trần Phú.- Nhà thiết kế 3 phòng ngủ sàn gỗ, 1 phòng thờ và sân phơi đồ rộng.- Tầng 1: Phòng khách, bếp, wc- Tầng 2, 3, : Mỗi tầng 2 phòng ngủ + 1 wc.- Tầng 4: Phòng thờ, sân phơi- Sổ đỏ chính chủ, không tranh chấp, có hồ sơ thiết kế rõ ràng.- Giá bán: 3,08 tỷ (có thương lượng cho khách thiện chí mua, bao sổ và mọi chi phí)- Hỗ trợ vay ngân hàng 75% giá trị.Liên hệ: E Tường 0986 732 6***hỗ trợ tư vấn xem nhà 24/7Trân trọng cảm ơn!
",Nhà riêng,,Sổ đỏ, 24/10/2023,21/11/2023,Bán,2591710,,1.0,1.0,1.0,1.0,1.0,1.0,1.0,1.0,1.0,1.0,1.0,1.0,1.0,,,,,
"
Nhà riêng phố Nhổn 33m2*5T. Tiện ô tô. 50m đến đường 32, ĐH Thành Đô. Giá 2,75 tỷ. LH: 0986 732 ***
","
2,75
Tỷ ","
33
m2
","['Hà Nội', 'Huyện Hoài Đức', 'Mua bán Nhà riêng tại Đường Lai Xá']","
Nhà riêng phố Nhổn 33m²*5T. Tiện ô tô. 50m đến đường 32, ĐH Thành Đô. Giá 2,75 tỷ. LH: 0986 732 ***- Diện tích: 33m².- Mặt tiền: 4m. Đất vuông vắn, rất đẹp.- Hướng: Đông Nam.- Ô tô đậu cách nhà 10m.* Vị trí: Nhà nằm sát đường 32, đường 70, đường Cầu Diễn, Hồ Tùng Mậu, rất thuận tiện giao thông đi lại, cách trung tâm Mỹ Đình 1km.- Nhà nằm gần khu đất đấu giá Phương Canh, Khu đô thị Di Trạch, Khu đô thị Vân Canh HUD, gần cụm công nghiệp vừa và nhỏ Nam Từ Liêm.- Xung quanh là các trường Đại học Công Nghiệp Hà Nội, Đại học Đông Á, Đại học Thành Đô. Nhà nằm gần các Trường mầm non và các Trường cấp 1, 2, 3 Phương Canh. Trường liên cấp quốc tế Penika.- Cách 1km sang đến các trường chuyên như Đoàn Thị Điểm, Việt Úc, Lômônôxốp.- Nhà nằm trong khu vực dân trí cao, an ninh tốt hàng xóm thân thiện. Khu vực đường ngõ bê tông sạch sẽ, nước máy Sông Đà.* Nội thất: Nhà xây khung bê tông cốt thép rất chắc chắn, thiết kế 5 tầng, có ban công thoáng mát, cầu thang ốp đá, tay vịn và cửa gỗ Lim. Thiết bị vệ sinh cao cấp Inax, dây điện Trần Phú.- Nhà thiết kế 3 phòng ngủ sàn gỗ, 1 phòng thờ và sân phơi đồ rộng.- Tầng 1: Phòng khách, bếp, vs.- Tầng 2, 3, 4: Mỗi tầng 1 phòng ngủ + wc.- Tầng 5: Phòng thờ, sân phơi.- Sổ đỏ chính chủ, không tranh chấp, có hồ sơ thiết kế rõ ràng.- Giá bán: 2,75 tỷ (bao phí sang tên và làm sổ).- Hỗ trợ vay ngân hàng 75% giá trị.Liên hệ: E Tường: 0986 732 6***hỗ trợ tư vấn và xem nhà 24/7.Xin cảm ơn!
",Nhà riêng,,Sổ đỏ, 24/10/2023,21/11/2023,Bán,2591669,,1.0,1.0,1.0,1.0,1.0,1.0,1.0,1.0,1.0,1.0,1.0,1.0,1.0,,,,,
"
Bán căn 3 Phòng Ngủ full nội thất giá 3.1 tỷ, 75m2 nhà đẹp mới Zalo 09162999***Vinhomes Smart City
","
3,1
Tỷ ","
75
m2
",['Mua bán Căn hộ chung cư  Vinhomes Smart City'],"
Tôi chính chủ cần bán gấp căn hộ 3 Phòng Ngủ giá 3.1 tỷ+ Căn hộ diện tích: 75m².+ Căn góc Ban Đông Nam và Tây Nam+ Bàn giao bao gồm full nội thất điều hoà full các phòng, trần thạch cao, thiết bị chiếu sáng, chuông hình, khóa từ, giường tủ, bàn ghế, tủ bếp, thiết bị vệ sinh Toto, bàn giao nội thất như hình.+ Hỗ trợ trả góp chỉ với 30%, 70 % ngân hàng hỗ trợ cho vay.Để được hỗ trợ xem nhà thực tế và tư vấn chuyên nghiệp, tận tâm anh/chị vui lòng liên hệ em.+ Hotline: (Zalo : 0916299*** – Hiếu Vinhomes)+Vinhomes Smart City là nơi sống lý tưởng ạ+ Công Viên Trung tâm hồ điều hoà cát trắng+ Công Viên thể thao lớn nhất Đông Nam Á+ Công viên vường Nhật CĐT mua hơn 1000 tỷ mua Tùng La Hán ở bên Nhật về hiện tại đang hiện hữu tại Công Viên Vườn Nhật+ 3 Công viên rộng khoảng 20ha chị ạ.+ Có Vincom Mega Mall lớn nhất miền bắc+ 9 điểm Trường Vínchool và trường Quốc tê+ Bệnh viện Quốc tế Vinmec lớn và hiện đại nhất Việt Nam. Có bãi đỗ trực thăng có thể bay trực tiếp sang Singapor với những trường hợp khẩn cấp.
",Căn hộ,,Sổ đỏ, 24/10/2023,21/11/2023,Bán,2591639,Đông-Nam,1.0,1.0,1.0,1.0,1.0,1.0,1.0,1.0,1.0,1.0,1.0,1.0,1.0,,,,,1.0
"
Chính chủ bán chung cư giá rẻ K8- Kim Ngưu - Hai Bà Trưng 48m2, 2 ngủ, full đồ siêu đẹp, ở ngay
","
1,15
Tỷ ","
48
m2
","['Hà Nội', 'Quận Hai Bà Trưng', 'Mua bán Căn hộ chung cư tại Đường Kim Ngưu']","
HIỆN TẠI TÒA NHÀ  ĐÃ BÀN GIAO VÀ ĐI VAÒ SỬ DỤNG Diện tích: 30m2 - 42m2 – 50m2Giá bán:  650tr - 1180tr - 1,4 tỷChiết khấu ngay  30 -50tr( tùy căn)+ Có thang máy, bảo vệ 24/24Vị trí Tòa nhà : Phố Kim Ngưu, Hai bà Trưng, Hà NộiGần  Minh Khai,  Phố Huế, Thanh Nhàn, Đại Cổ Việt…Cách Đại Học Bách Khoa khoảng 1,5kmCăn hộ mới 100% chỉ việc xách valy vào ởCó bảo vệ, điện nước giá dânLiên hệ trực tiếp chủ đầu tư để mua nhà: ( ưu đãi khủng, hỗ trợ giá tốt nhất) - 0983 169 ***
",Căn hộ,2,Sổ đỏ, 24/10/2023,21/11/2023,Bán,2004965,Đông-Bắc,,,,,,,,,,,,,,Đông-Nam,6,Có,đầy đủ,
"
Bán g-â-p Căn hộ giá Rẻ, 35m2, 1 ngủ ở ngay Cạnh Hồ Ba Mẫu - Lê Duẩn, full đồ
","
600
Triệu ","
35
m2
","['Hà Nội', 'Quận Đống Đa', 'Mua bán Căn hộ chung cư tại Đường Lê Duẩn']","
Bán gấp - Căn Hộ H2 Giá rẻ - Cạnh Công Viên Thống Nhất full đồ, ở ngay, ck khủng 35 – 50m2Tòa nhà H2- Giá rẻ Đống Đa có diện tích và giá bán:Diện tích: 32m2 – 35m – 50m2 . Giá từ 680tr - 950tr – 1,43 tỷ Chiết khấu cao 30tr – 50tr/cănCó thang máy, thang bộ. Bảo vệ 24/24+ Cách ĐH Bách Khoa, Kinh Tế Quốc Dân khoảng 1kmGần các khu vực: Xã Đàn, Lê Đại Hành, Giải Phóng, Hoàng Mai…Cách Hồ Ba Mẫu khoảng 50m Ra Công Viên Thống Nhất khoảng 200mThuận tiện di chuyển qua các Quận: Hoàn Kiếm, ĐỐng Đa, Hai Bà Trưng, Hoàng Mai… ĐẶT LỊCH XEM NHÀ: 0983 169 ***( chính chủ, không qua trung gian)
",Căn hộ,1,Sổ đỏ, 24/10/2023,21/11/2023,Bán,2490391,Đông-Bắc,1.0,1.0,1.0,1.0,1.0,1.0,1.0,1.0,1.0,1.0,1.0,1.0,1.0,Nam,6,Có,True,1.0
"
Bán Gâp Căn Hộ mini 50m2, 2 ngủ, 2 wc phố Phạm Ngọc Thạch, Đống Đa - 0983 169 ***
","
999
Triệu ","
50
m2
","['Hà Nội', 'Quận Đống Đa', 'Mua bán Căn hộ chung cư tại Đường Phạm Ngọc Thạch']","
Gấp !! Do không có nhu cầu ở tôi cần bán gấp căn hộ mini tại Đống ĐaDiện tích 50m2Thiết kế 2 ngủ,2 wcCăn hộ tầng 4Có thang máy, bảo vệ 24/24Giá 1 tỷ( có gia lộc, bao sang tên)Gần các trường Đại Học: ĐH Y Hà Nội, ĐH Thủy Lợi...Cách mặt Đường lớn Phạm Ngọc Thạch khoảng 100mNgõ rộng, thoángXem nhà: 0983 169 ***
",Căn hộ,2,Sổ đỏ, 24/10/2023,21/11/2023,Bán,2591613,Bắc,1.0,1.0,1.0,1.0,1.0,1.0,1.0,1.0,1.0,1.0,1.0,1.0,1.0,Nam,4,Có,True,1.0
