Title,Price,Area,Address,Gen_descrip,Loại hình,Tình trạng pháp lý,Hướng nhà,Ngày đăng,Ngày hết hạn,Loại tin,ID tin,Bình nóng lạnh,Máy hút mùi,Tủ bếp,Bàn ăn,Kệ TV,Tủ trang trí,Giường ngủ,Bàn phấn,Tủ quần áo,Vòi hoa sen,Bồn cầu,Bồn rửa mặt,Bàn ghế P.khách,Số phòng ngủ,Số tầng,Đường vào,Mặt tiền,Nội thất,Bồn tắm
"
Bán căn liền kề 3 mặt thoáng 126m2 KĐT Gamuda giá siêu đẹp 18. X tỷ LH 0977 699 ***
","
18,6
Tỷ ","
126
m2
","['liền kề  Gamuda Dahlia Homes', 'Mua bán Nhà biệt thự']","
Cần bán căn liền kề 3 mặt thoáng KĐT Gamuda Gardens, Hoàng Mai, Hà Nội.Diện tích 126m² xây 4 tầng hoàn mặt ngoài. Mặt tiền 8m, 3 mặt thoángGiá bán: 18. X tỷ siêu rẻ.Hướng tây tứ trạchlh chi tiết 0977699***
","Nhà biệt thự, liền kề",Sổ đỏ,Nam, 23/10/2023,20/11/2023,Bán,2589142,,,,,,,,,,,,,,,,,,,
"
Bán đất cạnh Hồ Đền Lừ - Ô tô vào nhà - Đường trước lô đất 5m - Giá bán nhỉnh 90 triệu/m2
","
5,75
Tỷ ","
58
m2
","['Hà Nội', 'Quận Hoàng Mai', 'Mua bán Nhà riêng tại Đường Hoàng Mai']","
BÁN ĐẤT CẠNH HỒ ĐỀN LỪ - Ô TÔ VÀO NHÀ - ĐƯỜNG TRƯỚC LÔ ĐẤT 5M - GIÁ NHỈNH 90 TRIỆU/M2 MR.TUẤN 0866.422.*** Mảnh đất siêu hiếm còn sót lại cạnh khu phân lô Hồ Đền Lừ. - Hiện trạng là nhà C4. - Khu vực dân trí cao. - Ngõ thông các ngả, trước nhà đường rộng 5m. - sổ đỏ đẹp mặt tiền 5,5m nở hậu.
",Nhà riêng,,, 23/10/2023,20/11/2023,Bán,2589027,,,,,,,,,,,,,,,,,,,
"
Bán căn hộ Quận Ba Đình - Hà Nội giá 870.00 Triệu
","
870
Triệu ","
33
m2
","['Hà Nội', 'Mua bán Căn hộ chung cư tại Quận Ba Đình']","
bán lại căn hộ cc ngọc hà ba đình diện tích 33m chia 1 pn/1pk /1 bếp  vệ sinhcăn hộ có đồ đạc cơ bản tủ bếp bếp từ hút mùi nóng lạnh thiết bị vệ sinhvị trí căn hộ thuận tiện có thể đi được từ 2 đường ngõ 279 đội cấn và 173 hoàng hoa thám điện nước công tơ riêng giá nhà nước, có thang máy thang bộ bảo vệ , pccc đạt tiêu chuẩn
",Căn hộ,,, 23/10/2023,20/11/2023,Bán,2589014,,,,,,,,,,,,,,,,,,,
"
Bán căn hộ Nam Từ Liêm - Hà Nội giá 2.60 Tỷ Vinhomes smart city
","
2,6
Tỷ ","
61
m2
",['Mua bán Căn hộ chung cư  Vinhomes Smart City'],"
🌸NGAY HÔM NAY, TRỞ THÀNH CƯ DÂN TÒA SA5 - 1 trong những Tòa căn hộ cao cấp với mức giá hợp lý nhất Vinhomes Smart City! 🌸 8 LÝ DO NÊN SỞ HỮU CĂN HỘ SA5 TRONG THỜI ĐIỂM NÀY? 👉 Tòa căn hộ vừa ra hàng mở bán vào tháng 2/2023, chính sách bán hàng đang trong thời điểm tốt nhất, ngay trước thềm đợt tăng giá tiếp theo- Giá min đợt ra hàng này chỉ từ 1,3 tỷ/căn studio- Tiến độ thanh toán cực thoáng: kí cọc - 15% - 10% - 10% - 10% - 5% - 45% (khi nhận bàn giao) - 5% (khi nhận Sổ hồng)- Chiết khấu 1% cho Khách hàng mua căn thứ 2. Chiết khấu 8% thanh toán theo tiến độ- Ngân hàng hỗ trợ vay 70%, lãi suất 0% (không muộn hơn 15/3/2025) 👉 Tòa căn hộ đặc biệt với nhiều ưu thế đặc quyền nhất trong phân khu- Tòa duy nhất có Vườn Nhật trên mây- Tòa căn hộ có tầm view khoáng đạt nhất dự án- Tòa duy nhất có ban công Đông Nam, hướng ra view nội khu đậm chất Nhật bản- Tiêu chuẩn bàn giao cao cấp vượt trội hơn (điều hòa 2 chiều, cửa chống cháy, sàn gỗ, thiết bị vệ sinh, hệ thống chuông cửa kết nối với tầng 1 và dưới hầm) ☄️ Các tiện ích chung của dự ánMIỄN PHÍ Công viên Vườn Nhật đậm chất Nhật + Công viên trẻ Em khép kín rộng hơn 6haMIỄN PHÍ Công viên trung tâm 10,2ha với 17 công viên chủ đề, hồ điều hòa, bãi cát trắng như ở Biển.MIỄN PHÍ Công viên thể thao với hơn 1000 máy tập gym ngoài trời.MIỄN PHÍ hơn 160 sân tập thể thao như: Sân Tenis, Bóng bàn, bóng rổ, bóng đá, sân cờ vua, cờ tướng, sân tập Golf...MIỄN PHÍ bể bơi ngoài trời, bể bơi 4 mùa (*)MIỄN PHÍ di chuyển bằng Vinbus điện chạy nội khu.MIỄN PHÍ vui chơi, thăm quan trong TTTM Vincom Mega Mall rộng tới 66.000m2 với hơn 140 gian hàng của các thương hiệu nổi tiếng.Lh 0929583***  
",Căn hộ,Sổ hồng,Đông-Bắc, 23/10/2023,20/11/2023,Bán,2589023,,,,,,,,,,,,,,,,,,,
"
[Siêu hiếm] Bán nhà mặt phố Ấu Triệu - Cạnh Nhà Thờ Lớn, Hoàn Kiếm, Hà Nội
","
Thỏa thuận
","
70
m2
","['Hà Nội', 'Quận Hoàn Kiếm', 'Mua bán Nhà mặt phố tại Phố Ấu Triệu']","
• Diện tích: 70m vuông, sổ đỏ chính chủ • Tổng quan: - Nhà 5 tầng, kiến trúc Pháp, vị trí đắc địa, cực kì khan hiếm - 2 mặt phố: Mặt trước (mặt chính) phố Ấu Triệu, nhìn thẳng vào Nhà Thờ Lớn , hướng Nam ghé Đông. Mặt sau phố Thọ Xương, liền kề dãy khách sạn - Vị trí các khu lân cận: + Ngay khu phố cổ bậc nhất Hà Nội+ 1 phút đi bộ ra Hồ Gươm, các khu trung tâm ngân hàng, tài chính, cơ quan nhà nước, khách sạn, du lịch, ẩm thực, bệnh viện tuyến trung ương... + 5 -10 phút đi sang các quận trung tâm thành phố khác...• Tiềm lực khai thác kinh tế: 100% sinh lợi nhuận cao, làm nhà hàng, khách sạn cao cấp, văn phòng giao dịch... giá trị lâu dài • Thông tin liên hệ chính chủ: 0384388074***0389281519***0989229***• Giá cả: Trao đổi trực tiếp (miễn trung gian)                    
",Nhà mặt phố,Sổ đỏ,Nam, 23/10/2023,20/11/2023,Bán,2453718,1.0,1.0,1.0,1.0,1.0,1.0,1.0,1.0,1.0,1.0,1.0,1.0,1.0,,,,,,
"
Chính chủ bán chelsea residences 112m2 3pn2wc 6,8tỷ bao phí có thương lượng và ra lộc
","
6,8
Tỷ ","
112
m2
","['Hà Nội', 'Quận Cầu Giấy', 'Mua bán Căn hộ chung cư tại Phố Trung Kính']","
Gia đình chuyển công tác nên bán lại căn hộ đang ở tại chung cư Chelsea Park- DT 112m, thiết kế 3PN - 2WC.- Hướng cửa Tây Nam, ban công Đông Bắc- Sổ đỏ chính chủ sẵn sàng giao dịch.- Căn hộ bán đầy đủ nội thất đẹp như hình- Giá bán 6,8 tỷ Bao toàn bộ thuế phí có thương lượng và ra lộcLiên hệ xem nhà:
",Căn hộ,Sổ đỏ,, 23/10/2023,20/11/2023,Bán,2538701,,,,,,,,,,,,,,,,,,,
"
Bán đất tặng nhà, ô tô 5m, trung tâm đống đa, giá hơn 7 tỷ
","
7,2
Tỷ ","
50
m2
","['Hà Nội', 'Quận Đống Đa', 'Mua bán Nhà mặt phố tại Ngõ Thái Thịnh 1']","

BÁN ĐẤT TẶNG NHÀ, Ô TÔ 5M, TRUNG TÂM ĐỐNG ĐA.
THÁI THỊNH, 50M x 5 TẦNG, MT 5.3M, 7.2 TỶ
TỔNG 3 PHÒNG NGỦ ĐỦ CÔNG NĂNG
 
Sổ đỏ Chính chủ sẵn sàng giao dịch.
☎️Liên hệ: Hoàng Ngà – (zalo, call)
Chuyên Thổ Cư, Nhà Mặt Phố, Nhà dòng tiền, CCMN
Hỗ trợ vay vốn lên đến 80%
",Nhà mặt phố,Sổ đỏ,, 23/10/2023,20/11/2023,Bán,2588926,,,,,,,,,,,,,,3,5,,,,
"
Bán căn góc roman plaza 101m2 3pn3wc tầng trung full nội thất ban công đn 4,5 tỷ bao phí
","
4,5
Tỷ ","
101
m2
","['Hà Nội', 'Quận Nam Từ Liêm', 'Mua bán Căn hộ chung cư tại Đường Tố Hữu']","
Chính chủ cần bán căn góc 3PN 2WC, 101m² tầng trung, đẹp nhất, mới nhất và rẻ nhất tại tòa B1 chung cư Roman Plaza.Do gia chủ không còn nhu cầu sử dụng nữa, nên cần bán lại để đầu tư cái khác, cụ thể như sau:- Hướng: TB, ban công Đông Nam.- Thiết kế: 3 ngủ, 3WC DT: 101m².- Nội thất đẹp thiết kế sang trọng trẻ trung, nội thất nhập khẩu, làm tâm huyết.- Phòng khách, bếp, thiết bị vệ sinh tất cả đều mới và sử dụng tốt.- Nhà đã có sổ pháp lý rõ ràng.- View tầng đẹp không bị ồn ào, nắng chiếu, bụi, ban công thoáng, tầng trung.Giá: 4,5 tỷ bao phí có ra lộc cho khách thiện chí.Liên hệ xem nhà 24/7: .* Không tiếp môi giới.
",Căn hộ,Sổ đỏ,, 23/10/2023,20/11/2023,Bán,2533788,,,,,,,,,,,,,,3,,,,,
"
Tôi bán căn 4pn 174m2 tại dreamland bonanza tầng trung ban công đông nam full đồ sổ đỏ sẵn
","
8,7
Tỷ ","
174
m2
","['Hà Nội', 'Quận Nam Từ Liêm', 'Mua bán Căn hộ chung cư tại Đường Duy Tân']","
Tôi chủ căn hộ tại Dreamland Bonanza có nhu cầu muốn bán vì gia đình chuyển sang Vinhomes ở cùng với bố mẹ nên muốn tìm chủ nhân mới cho căn hộ này.Diện tích thông thủy 174m², thiết kế 4 ngủ, 3 vệ sinh.Vị trí căn hộ tầng trung.Hướng cửa Tây Bắc - Ban công Đông Nam + Đông Bắc.Nội thất full cao cấp.Giá bán. 8,7 tỷ.Liên hệ xem nhà 24/7:
",Căn hộ,Sổ đỏ,, 23/10/2023,20/11/2023,Bán,2550095,,,,,,,,,,,,,,4,,,,,
"
Tôi chính chủ bán căn 3PN2wc 99m full đồ sổ đỏ sẵn giá 4,3tỷ bao sang tên
","
5,2
Tỷ ","
124
m2
",['Mua bán Căn hộ chung cư  Roman Plaza'],"
Tôi chính chủ cần bán lại căn hộ 3PN2VS chung cư Roman Hà, Tố Hữu.Thông tin căn hộ như sau.- Diện tích thông thủy 99m2.- Thiết kế căn góc gồm 3PN, 2WC.- Hướng cửa Tây Bắc, hướng ban công Đông Nam- Nội thất đầy đủ chỉ cần xách vali đến ở.Giá bán 4,3tỷ bao phí sang tên.Liên hệ xem nhà trực tiếp tôi SĐT 093 277 6*** (miễn trung gian).Xin cảm ơn!
",Căn hộ,Sổ đỏ,, 18/10/2023,15/11/2023,Bán,2553479,,,,,,,,,,,,,,3,,,,,
"
Bán #đất tặng nhà, #ô tô 5m, #trung tâm #đống đa, giá hơn 7 tỷ
","
7,2
Tỷ ","
50
m2
","['Hà Nội', 'Quận Đống Đa', 'Mua bán Nhà mặt phố tại Ngõ Thái Thịnh 1']","
BÁN #ĐẤT TẶNG NHÀ, #Ô TÔ 5M, #TRUNG TÂM #ĐỐNG ĐA.
#THÁI THỊNH, 50M x 5 #TẦNG, MT 5.3M, 7.2 TỶ
TỔNG 3 PHÒNG NGỦ ĐỦ CÔNG NĂNG
 
Sổ đỏ Chính chủ sẵn sàng giao dịch.
☎️Liên hệ: Hoàng Ngà – (zalo, call)
Chuyên Thổ Cư, Nhà Mặt Phố, Nhà dòng tiền, CCMN
Hỗ trợ vay vốn lên đến 80%
",Nhà mặt phố,Sổ đỏ,, 23/10/2023,20/11/2023,Bán,2588896,,,,,,,,,,,,,,3,5,,,,
"
CC bán nhà P.Hoàng Văn Thái –Thanh Xuân -26m* 4T –Oto đỗ cửa- Lô góc– Ngõ thông KD sầm uất– 3.09 tỷ
","
3,09
Tỷ ","
26
m2
","['Hà Nội', 'Quận Thanh Xuân', 'Mua bán Nhà riêng tại Đường Hoàng Văn Thái']","
Gia đình tôi cần bán gấp căn nhà Lô góc Phố Hoàng Văn Thái Thanh Xuân để chuyển đổi nhà mặt phố tiện kinh doanh phòng khám, muốn bán nhanh trong tháng này.+ Diện tích: 26m² x 4 tầng.+ Thiết kế 3PN 3WC cực hợp lý vừa ở vừa kinh doanh+ Nhà nằm trung tâm quận. Ngõ phân lô ô tô rộng đi vòng quanh nhà, Khu toàn cán bộ Quân Đội tướng tá, an ninh tốt dân trí cao. Tiện ích không thiếu thứ gì gần trường học liên cấp 1,2,3 Thanh Xuân...+ Căn nhà là tâm huyết của tôi với móng cực kỳ chắc chắn. Thiết kế tỷ mỉ cẩn thận thoáng 2 mặt trước sau.+ Sổ đỏ chính chủ, giao dịch nhanh chóng.+ Liên hệ xem nhà: 090.200.6***#Bán nhà Quận Thanh Xuân#Bán nhà Thanh Xuân#Bất động sản Thanh Xuân
",Nhà riêng,,, 23/10/2023,20/11/2023,Bán,2588886,,,,,,,,,,,,,,,,,,,
"
Bán ShopHouse tầng 1 đang cho thuê 2,9 tỷ/năm ở toà Goldseason 47 Nguyễn Tuân. Sở hữu lâu dài.
","
37,9
Tỷ ","
350
m2
","['Hà Nội', 'Quận Thanh Xuân', 'Mua bán Nhà phố thương mại Shophouse tại Đường Nguyễn Tuân']","
Em đang có lô shophouse khối đế dự án Goldseason 47 Nguyễn Tuân cần bán.Shophouse diện tích 350,4Sổ đỏ lâu dài.Gía 38 tỷ. Nếu đóng tiền luôn giảm ngay 2,5 tỷ cho khách hang thiện chí.Hiện tại đang cho bệnh viện  Hồng Ngọc thuê 240 triệu/ tháng thu về gần 2,9 tỷ/năm, khách hàng mua luôn được nối tiếp hợp đồng thuê đến 30/9/2029.Ngân hàng cho vay 70% miễn lãi suất 12 tháng Đầu tư có dòng tiền luôn mà lại sở hữu lâu dài, quá ngon anh chị ạ.Anh chị quan tâm gọi em Kỳ :0338 336 ***  để nhận báo giá và thăm quan thực tế nhé anh chị. 
",Nhà phố thương mại Shophouse,,, 23/10/2023,20/11/2023,Bán,2588868,,,,,,,,,,,,,,,,,,,
"
Bán gấp nhà 4 tầng kiên cố tại phố Xốm - Hà Đông, ô tô đỗ gần, 30m2, 2,35 tỷ
","
2,35
Tỷ ","
30
m2
","['Hà Nội', 'Quận Hà Đông', 'Mua bán Nhà riêng tại Đường Quang Lãm']","
Do chuyển công tác nên chính chủ cần bán nhà 4 tầng tại Phố Xốm, Hà Đông.- Vị trí nhà nằm ngay chợ Xốm, đường ngõ rộng thông thoáng (ngõ khoảng 2,7m, xe máy tránh thoải mái). 50m ra đường oto. 200m ra chợ XỐm đông đúc, nhộn nhịp.Đầy đủ các tiện ích đi kèm siêu thị (100m ra Winmart), các trường mầm non (Phú Lãm B), cấp 1,2,3, Trường đại học Đại Nam… Rất gần ga tàu tiện trên cao Hà Đông và bến xe Yên Nghĩa. 300m ra QL 21B.- Thiết kế 4 tầng kiên cố:+ Tầng 1: phòng khách, bếp+ Tầng 2, 3: phòng ngủ, wc+ Tầng 4: phòng ngủ, phòng thờ và sân phơi- Khu Dân cư đông đúc, nhộn nhịp. Đảm bảo xem là thích ạ.- Nội thất căn nhà đủ đồ gồm điều hòa, máy giặt, nóng lạnh, thiết bị nhà tắm, thiết bị nhà bếp… chủ tặng lại cho người mua chỉ việc mang đồ đến ở rất tiện.- Sổ đỏ chính chủ, pháp lý rõ ràng. không lỗi phong thuỷLiên hệ E Nghiệp 24/ để được xem nhà miễn phí ạ
",Nhà riêng,Sổ đỏ,, 23/10/2023,20/11/2023,Bán,1960204,1.0,1.0,1.0,1.0,1.0,1.0,1.0,1.0,1.0,1.0,1.0,1.0,1.0,3,4,27m,4m,Đầy đủ,1.0
"
Bán nhanh nhà 6 tầng căn góc thang máy phường Tứ Liên Tây Hồ Hà Nội
","
12,5
Tỷ ","
52
m2
","['Hà Nội', 'Quận Tây Hồ', 'Mua bán Nhà riêng tại Đường Tứ Liên']","
✅ CHÍNH CHỦ NHỜ BÁN NHÀ Ở TỨ LIÊN TÂY HỒ.✅👉 LÔ GÓC, MẶT NGÕ THÔNG, Ô TÔ VÀO NHÀ, KINH DOANH, FULL NỘI THẤT.+ Diện tích 52m2 xây 6 tầng+ Mt: 4.5m thang máy 450kg nhập khẩu.+ Ngõ thông oto kd, đường 2 oto tránh💎 Thiết kế:T1: Ga ra otoT2,3 mỗi tầng 1 phòng ngủ nội thất nhập khẩu xịn xòT4: 2 phòng ngủ đầy đủ nội thất.T5: Phòng bếp + phòng khách nội thất nhập khẩu.T6: Không gian lý tưởng cho 1 gia đình yêu cây xanh và tiểu cảnh.💥 * GIÁ bán 12,5 tỷ có thương lượng. ☎️ 090491507***0973010***Nhận ký gửi MB BĐS và hỗ trợ Bank.
",Nhà riêng,Sổ đỏ,, 23/10/2023,20/11/2023,Bán,2588702,1.0,1.0,1.0,1.0,1.0,1.0,1.0,1.0,1.0,1.0,1.0,1.0,1.0,,,,,,1.0
"
Bán nhà riêng Quận Nam Từ Liêm - Hà Nội giá 10.50 Tỷ (Phân lô tái định cư, oto 2 làn xe)
","
10,5
Tỷ ","
80
m2
","['Hà Nội', 'Quận Nam Từ Liêm', 'Mua bán Nhà riêng tại Đường Tu Hoàng']","
PHÂN LÔ - 3 ÔTÔ TẢI TRÁNHVỈA HÈ MÊNH MÔNG 2 BÊNKINH DOANHNHÀ DÂN XÂY CỰC TÂM HUYẾTNỘI THẤT SANG TRỌNGSỔ HOA HẬU ĐỂ NHÀCHỦ CHỈ MANG ĐỒ ĐIỆN TỬ KO GẮN TƯỜNG ĐI- Vị trí cực đẹp, gần ngay trường mầm non Quốc gia Phương Canh, chợ Nhổn, sân vận động Trung tâm huấn luyện Thể thao Quốc Gia 1, gần ĐH Thành Đô, ĐH Công nghiệp…- Nhà mình thuộc khu tái định cư 3.6ha Phương Canh, phân lô 3 ô tô tải tránh, vỉa hè 2 bên mỗi bên 3m, thông bàn cờ, kết nối giao thông cực thuận lợi. Khu vực đang phát triển mạnh nhất vùng, mặt phố Tu Hoàng kinh doanh sầm uất tấp nập ngày đêm.- Nhà mới TỰ XÂY cây cối tươi tốt quanh năm, thiết kế hợp lý, công năng hài hoà, ô chờ thang máy sẵn, giếng trời ngập tràn ánh sáng tự nhiên:+ Tầng 1: Gara/Kinh Doanh/Văn phòng, khách, bếp, wc.+ Tầng 2, 3: Mỗi tầng 2 ngủ, wc giữa.+ Tầng 4 : Phòng thờ, 1 ngủ, sân phơi.- Phù hợp ở kết hợp kinh doanh văn phòng, hoặc cho thuê căn hộ cả nhà. Nhà đối diện kd căn hộ lúc nào cũng cháy phòng…
",Nhà riêng,,Bắc, 22/10/2023,19/11/2023,Bán,2588537,1.0,1.0,1.0,1.0,1.0,1.0,1.0,1.0,1.0,1.0,1.0,1.0,1.0,,,,,,1.0
