Title,Price,Area,Address,Gen_descrip,Loại hình,Tình trạng pháp lý,Hướng nhà,Bình nóng lạnh,Máy hút mùi,Tủ bếp,Bàn ăn,Kệ TV,Tủ trang trí,Giường ngủ,Bàn phấn,Tủ quần áo,Bồn tắm,Vòi hoa sen,Bồn cầu,Bồn rửa mặt,Bàn ghế P.khách,Ngày đăng,Ngày hết hạn,Loại tin,ID tin,Số phòng ngủ,Số tầng,Đường vào,Mặt tiền
"
Bán Nhà Đỗng Bát, khu TT viện 19.8, Mỹ đình, Nam từ liêm, Hà Nội (Ngõ tô tránh, đỗ ngày đêm)
","
12,5
Tỷ ","
80
m2
","['Hà Nội', 'Quận Nam Từ Liêm', 'Mua bán Nhà riêng tại đường Đồng Bát']","
Vị trí quá đỉnh, phân lô Bộ Công An Bệnh Viện 198. Khu vực cực kỳ hiếm nhà bán, an sinh đỉnh, tiện ích bạt ngàn. Hàng xóm toàn tướng tá…..Nhà vị trí quá đẹp, 2 mặt ngõ to, 2 thoáng vĩnh viễnNgõ oto tránh, đỗ ngày đêmTiện ích bạt ngàn, vài bước ra mặt phố Nguyễn Hoàng, Trần Bình, Lê Đức Thọ…… giao thông thuận tiện tứ tung.Thiết kế: Nhà 2 khối, 1 nửa phía trước là nhà 5 tầng, phía sau là nhà 2 tầng.- Tầng 1: Để xe + Phòng khách + Bếp + Wc- Tầng 2: Phòng khách + Bếp + 2 PN + Wc- Tầng 3,4: Mỗi tầng 1 PN + Wc- Tầng 5: phòng thờ sân phơiSổ đỏ vuông đẹp, sẵn giao dịch.
",Nhà riêng,Sổ đỏ,Nam,1.0,1.0,1.0,1.0,1.0,1.0,1.0,1.0,1.0,1.0,1.0,1.0,1.0,1.0, 22/10/2023,19/11/2023,Bán,2588502,,,,
"
Cần bán nhà hẻm Hoa Sứ với giá tốt - đang có sẵn hd thuê dài hạn. Hội An giá 5.50 Tỷ
","
5,5
Tỷ ","
320
m2
","['Hà Nội', 'Quận Cầu Giấy', 'Mua bán Nhà phố thương mại Shophouse tại Phường Dịch Vọng Hậu']","
Cần bán nhà hẻm Hoa Sứ với giá tốt - đang có sẵn hd thuê dài hạn.- Dt đất 320mv  Nhà xây dựng với  2 khối, khối nhà trước là văn phòng, nơi giao thoa văn hóa, tận hưởng không gian xưa với khối nhà rường cổ. Tận hưởng không khí trong lanh mỗi sớm mai: yoga, thiền...Khối nhà sau hiện đại 2 tâng với không gian sinh hoạt gia đinh hiện đại, thoải mái. - Nhà hiện đang có sẵn dòng tiền thuê mỗi tháng dài hạn.LH Thu xem chi tiết cụ thể va gặp ngay chị chủ dễ thương bàn bạc về giá
",Nhà phố thương mại Shophouse,Sổ đỏ,,1.0,1.0,1.0,1.0,1.0,1.0,1.0,1.0,1.0,1.0,1.0,1.0,1.0,1.0, 22/10/2023,19/11/2023,Bán,2443874,,,,
"
Bán nhà mặt phố Quận Đống Đa - Mặt phố Trường Chinh - Diện tích 196m2 - Mặt tiền 7.5m - Giá cực tốt
","
Thỏa thuận
","
196
m2
","['Hà Nội', 'Quận Đống Đa', 'Mua bán Nhà mặt phố tại Đường Trường Chinh']","
- Mặt phố Trường Chinh đã quy hoạch ổn định, rộng thoáng, giao thông cực kỳ thuận tiện. Phố hiện nay là nơi các công ty lớn nhỏ tụ về, kinh doanh sầm uất.- Vị trí nhà rất đẹp, nằm gần Ngã Tư Sở, gần các trường Đại học, bệnh viện lớn. Vị trí đẹp không cần phải bàn.- Thửa đất có diện tích 196m2, thửa đất vuông đẹp với mặt tiền 7.5m. Thoáng 3 mặt, hiện đang có nhà 4 tầng.- Tương lai hứa hẹn sẽ là tòa nhà văn phòng lộng lẫy nhất phố. Giá trị tăng không kể.- Hiện tại giá bán rất tốt. Sổ đỏ sẵn sàng giao dịch.- Liên hệ Mr Đô để làm việc.
",Nhà mặt phố,Sổ hồng,,1.0,1.0,1.0,1.0,1.0,1.0,1.0,1.0,1.0,1.0,1.0,1.0,1.0,1.0, 22/10/2023,19/11/2023,Bán,2588356,,,,
"
Bán nhà riêng Quận Ba Đình - Đội Cấn - Diện tích 102m2 - Xây 7 tầng cực kỳ kiên cố giá 26.50 Tỷ
","
26,5
Tỷ ","
102
m2
","['Hà Nội', 'Quận Ba Đình', 'Mua bán Nhà riêng tại Đường Đội Cấn']","
- Tôi cần bán căn nhà phố Đội Cấn, Ba Đình, Hà Nội. Vị trí đẹp, cách phố vài chục mét, ô tô vào thoải mái.Nhà gần phố cổ, gần lăng Bác, thuận tiện đi lại giữa các quận, ra Hồ Tây... Phố Đội Cấn là con phố có lịch sử phát triển lâu đời và đang chuyển mình thay đổi mạnh mẽ. Với hệ thống cơ sở hạ tầng được nâng cấp, nhiều tòa nhà văn phòng, tòa nhà thương mại làm cho con phố vốn sầm uất lại càng phát triển.- Nhà bán thuộc sở hữu của gia đình công chức nhà nước, Gia chủ thành đạt, các con đều định cư ổn định tại nước ngoài. Đất ở cực kỳ vượng khí và nhiều lộc.- Căn nhà được Gia chủ tự tay xây dựng 7 tầng cực kỳ chắc chắn. Thiết kế rất hợp lý để vừa ở vừa làm văn phòng.- Với diện tích 102m2, mặt tiền rộng 5m. Tầng 1 có thể để 03 chiếc ô tô thoải mái, và có 1 phòng 25m2 tùy mục đích sử dụng.- Tầng 2 được thiết kế phòng khách rộng, 1wc và 1 phòng 25m.- Tầng 3 4: Mỗi tầng gồm 2 phòng khép kín.- Tầng 5: Hiện đang làm phòng sinh hoạt chung của đại gia đình, phòng thờ, phòng bếp.- Tầng 6: Được thiết kế 01 phòng mở với không gian tự nhiên và sân thưởng trà. 01 sân phơi rộng.- Tầng 7: Kho để đồ.- Sổ đỏ chính chủ, Gia chủ thiện chí và chào giá 26.5 tỷ, mức giá cực kỳ hợp lý ở khu vực.- Khách hàng thiện chí liên hệ qua số điện thoại 03863801***để làm việc. Xin cảm ơn!
",Nhà riêng,Sổ hồng,,1.0,1.0,1.0,1.0,1.0,1.0,1.0,1.0,1.0,1.0,1.0,1.0,1.0,1.0, 22/10/2023,19/11/2023,Bán,2449970,,,,
"
Căn hộ sẵn sàng bàn giao ngay 2023 giá tốt tại khu vực Hoàng Mai - phía Nam Hà Nội
","
Thỏa thuận
","
70 - 105
m2
",['Mua bán Căn hộ chung cư  Rose Town 79 Ngọc Hồi'],"
Bảng quỹ căn hộ cuối cùng tòa Dv1 đẹp nhất dự án  tòa đẹp nhất dự án Rose Town 79 Ngọc Hồi* Bàn giao nhà chỉ với 850tr đợt 1 (30%) ký HĐMB* Căn hộ hướng nam, đông nam thoáng mát * Giá bán cực kỳ hợp lý từ 2,7 tỷ - 5,2 tỷ* Đa dạng diện tích, tối ưu công năng+ Căn 2PN diện tích 70 - 79m2 + Căn 3PN  diện tích 89 - 105m2+ Nội thất bếp, thiết bị bếp, vệ sinh,  nóng lạnh ....* Tiện ích đầy đủ Bể bơi 4 mùa, Khu mua sắm, Khu vui chơi trẻ em, Công viên ..v.v.v* Chính sách nhận nhà về ở không lo tài chính+ Chiết Khấu đến 9% giá trị căn hộ thanh toán sớm nhận nhà+ Chiết khấu 3% thanh toán theo các đợt+ Đặc biệt là hỗ trợ lãi suất 0% tới 15 tháng (nhận nhà ở rồi vẫn được hưởng lãi suất)+ Quà tặng tân gia hấp dẫn....................................=> Phòng phụ trách dự án: 0986860***=> Trang thông tin dự án: https://batdongsan-datxanh.com.vn/chung-cu-rose-town-79-ngoc-hoi/
",Căn hộ,Sổ hồng,Đông-Nam,1.0,1.0,1.0,1.0,,,,,,1.0,1.0,1.0,1.0,, 22/10/2023,05/11/2023,Bán,2588145,,,,
"
Chỉ 2,9 tỷ có nhà 5 tầng, ngõ ô tô tải, siêu hiếm phương canh
","
2,9
Tỷ ","
32
m2
","['Hà Nội', 'Quận Nam Từ Liêm', 'Mua bán Nhà riêng tại đường Phương Canh']","
Chỉ 2,9 tỷ có nhà 5 tầng, ngõ Ô tô tải, siêu hiếm Phương Canh- Chính chủ Anh Sơn, nhiều nhà quản lý không hết nên cần bán bớt để mua xe Maybach 600.- Nhà thiết kế hiện đại, 30m2 x5 tầng. Nội thất hoàn toàn mới, sàn gỗ nhập khẩu, trần thạch cao Vĩnh Tường - Gyproc, thiết bị vệ sinh Inax, cửa cuốn Tự động cao cấp.- Căn nhà nằm ở ngõ phố Phương Canh, Nam Từ Liêm, Hà Nội. Nhà ở gần trường tiểu học Xuân Phương, THCS Nguyễn Quý Đức chuẩn quốc gia. Gần chợ Xuân Phương, khu đô thị VinSmart City, công viên Xuân Phương Foresa, khu đô thị Đại học Vân Canh. Nhà thuận tiện đi ra nhiều hướng như, Nhổn, đường 70, Trôi, Phùng …Nhà bán ở khu dân trí cao, an ninh tốt, hàng xóm vui vẻ hòa đồng.Anh chị muốn biết thêm về căn nhà, hãy liên hệ Em Nhân – Chuyên Thổ cư tầm 2 – 5 tỷ ở Nam Từ Liêm (gọi hoặc zalo) để được xem nhà miễn phí, gặp và làm việc trực tiếp với chủ nhà.
",Nhà riêng,Sổ đỏ,,,,,,,,,,,,,,,, 22/10/2023,19/11/2023,Bán,2583210,4,5,,
"
Bán nhà đường Phương Canh, ô tô đỗ cửa 40m, 2.95tỷ
","
2,95
Tỷ ","
40
m2
","['Hà Nội', 'Quận Nam Từ Liêm', 'Mua bán Nhà riêng tại đường Phương Canh']","
+ Nhà bác Minh nhà tôi bán ở Phương Canh, ngõ nông ô tô đỗ cửa. Vài bước ra mặt phố Phương Canh. Tiện ích bủa vây, trăm mét đến trường Tiểu học Phương Canh, THCS Phương Canh, THPT Xuân Thủy. Phút mốt ra Trịnh Văn Bô – con đường đang trên đà phát triển mạnh. Vị trí tầm tiền chưa đến 3 tỷ mà ngõ thế này cũng chẳng có căn thứ 2. + Bác tự xây tâm huyết. Hiện trạng nhà 3 tầng và 1 tum trên diện tích 40m, thiết kế công năng đầy đủ. Nhà xây cực kỳ chắc chắn, khách mua về lên 5 tầng thoải mái +  Giá chào bán 2.95tỷ (vẫn thương lượng khi khách hàng muốn sở hữu)+ Sổ đỏ nở hậu chính chủ, pháp lý sạch. Đàm phán giá trực tiếp với chủ nhà khi khách có thiện chí mua.
",Nhà riêng,Sổ đỏ,,,,,,,,,,,,,,,, 22/10/2023,19/11/2023,Bán,2587063,4,4,,
"
Bán nhà đẹp lạc long quân-57m x 5t- mt4m-gần phố- nhỉnh 7 tỷ
","
7,2
Tỷ ","
48
m2
","['Hà Nội', 'Quận Cầu Giấy', 'Mua bán Nhà riêng tại Đường Lạc Long Quân']","
KHU DÂN TRÍ CAO - GẦN HỒ TÂY - 40M RA Ô TÔ TRÁNH- NGÕ THẲNG TẮP- NHÀ ĐẸP- TẶNG FULL NỘI THẤT- GIÁ CHÀO 7.2 TỶ Nhà nằm ngay trung tâm quận Cầu Giấy và Tây Hồ. Từ nhà ra mặt phố chỉ vài chục m, gần phố nhưng rất yên tĩnh, khu dân trí cao, hàng xóm thân thiện. Chỉ 1 phút đến chợ, 5 phút tới Hồ tây, ra sân bay 20 phút. Vài nháy ga là đến các tuyến phố lớn như Võng Thị, Xuân La, Võ Chí Công, Hoàng Quốc Việt, Thụy Khuê, Hoàng Hoa Thám..đi đâu cũng tiện.Diện tích xây nhà 48m, xây 5 tầng kiên cố, thiết kế hiện đại, không gian thông tầng bắt mắt, ấn tượng, 4 ngủ rộng. Chủ để ra 10m làm sân để xe máy thoải mái, sạch sẽ. Chủ ở rất giữ nhà nên nhà còn như mới. Cô chú chủ nhà thiện chí để lại toàn bộ nội thất xịn xò, chủ mới chỉ việc xách valy vào ở.Sổ đỏ đẹp, sẵn sàng giao dịch. Giá chào 7.2 tỷ ( có thương lượng) GỌI NGAY Ms Vân để đi xem và gặp trực tiếp chủ nhà.
",Nhà riêng,Sổ đỏ,,,,,,,,,,,,,,,, 17/10/2023,14/11/2023,Bán,2570887,4,5,,
"
chính chủ cần bán gấp mảnh đất tại giang biên
","
5,3
Tỷ ","
52
m2
","['Hà Nội', 'Quận Long Biên', 'Mua bán Đất tại Đường Nguyễn Văn Hưởng']","
Giảm chào 200 triệu đất đẹp mặt phố Giang Biên cách Vincom Long Biên 1km - Diện tích 52.5m2 – Mặt tiền 4m – chỉ 5.x Tỷ- Đường trước đất oto tránh thoải mái- Vị trí siêu đắc địa, giáp mặt phốSỔ ĐỎ CHÍNH CHỦ - PHÁP LÝ CHUẨN ĐẸP Liên hệ xem đất : 0868663*** 
",Đất,,,,,,,,,,,,,,,,, 22/10/2023,19/11/2023,Bán,2587962,,,,
"
Chủ Nhà là anh Tú cần bán căn nhà tại Ngõ 88 Giáp Nhị Trung tâm quận Hoàng Mai – Hà Nội
","
3,5
Tỷ ","
32
m2
","['Hà Nội', 'Quận Hoàng Mai', 'Mua bán Nhà riêng tại Phường Thịnh Liệt']","
Chủ Nhà là anh Tú cần bán căn nhà tại Ngõ 88 GIÁP NHỊ Trung tâm quận Hoàng Mai – Hà Nội + Diện tích trên sổ đỏ của căn nhà là 30m2, Từ tầng 2 đua ra khoảng 32m2 . Thiết kế căn nhà vô cùng hợp lý với mỗi tầng 1 phòng ngủ rộng rãi, 1 nhà wc khép kín. Tổng 3 phòng ngủ. Nhà được gia chủ đầu tư xây dựng tâm huyết, lắp toàn nội thất nhập khẩu xịn xò, khách mua chỉ việc về ở luôn ko cần sửa chữa gì cả.+ Ngõ trước nhà rộng rãi, xe 3 gác vào tận cửa nhà. Từ nhà ra ô tô chỉ vài chục m. Nhà mặt tiền rộng nên căn nhà thoáng sáng, trước nhà rộng gần 3m, xe SH quay đầu thoải mái + Nhà bán nằm ở khu dân trí cao. Từ nhà ra chợ dân sinh chỉ khoảng 50m, hơn 200m là ra trường Tiểu học Thịnh Liệt. Kết nối giao thông các phố Thịnh Liệt – Tân Mai – Trương Định – Pháp Vân vô cùng thuận tiện + Gía bán : 3,5 Tỷ ( vẫn còn thương lượng )+ LH: Mrs. Diên Nguyễn. 0973897*** ( Chỉ bán Nhà Thật , ảnh Thật )
",Nhà riêng,,,,,,,,,,,,,,,,, 22/10/2023,19/11/2023,Bán,2587860,,,,
"
Bán cắt lỗ - chung cư N1 Lò Đúc - Kim Ngưu - Hai Bà Trưng giá từ 590tr/căn, nội thất đầy đủ, ở ngay
","
580 - 805
Triệu ","
50 - 65
m2
","['Hà Nội', 'Quận Hai Bà Trưng', 'Mua bán Căn hộ chung cư tại Đường Kim Ngưu']","
Chính chủ - Bán chung cư N1 Lò Đúc - Kim Ngưu - Hai Bà Trưng.Liên hệ Hưng chủ đầu tư để mua nhà : 0982882***Giảm giá sâu cho khách hàng mua nhà trong tháng - nhận nhà ngay.Giá bán: 592tr - 700tr - 800tr - 906tr - hơn 1 tỷ.Diện tích: 45m² - 48m² - 50m² - 52m² - 55m² - 65m².Nội thất: Sàn gỗ, tủ bếp, trần thạch cao, thiết bị vệ sinh, bình nóng lạnh, đèn led.Tòa nhà thiết kế tầng 1 để xe, có đầy đủ hệ thống phòng cháy chữa cháy tự động, an ninh tòa nhà bảo vệ chuyên nghiệp.Chủ Đầu Tư : 0982882***Liên hệ trực tiếp chủ đầu tư để mua nhà - add Zalo để nhận video căn hộ.
",Căn hộ,Sổ hồng,,1.0,1.0,1.0,1.0,1.0,1.0,1.0,1.0,1.0,1.0,1.0,1.0,1.0,1.0, 29/09/2023,27/10/2023,Bán,2081159,,,,
"
Chính chủ bán chung cư A1 Phố Đội Cấn - Giang Văn Minh - Ba Đình ,giá 560tr/căn ,full đồ , ở ngay
","
560 - 805
Triệu ","
50 - 65
m2
","['Hà Nội', 'Quận Ba Đình', 'Mua bán Căn hộ chung cư tại Đường Đội Cấn']","
Chủ đầu tư chung cư bán trực tiếp căn hộ A1 Đội Cấn - Giang Văn Minh - Ba ĐìnhLiên hệ Hưng chủ đầu tư: 0982882***Tòa nhà xây mới - nhận nhà luôn. Giá rẻ - ô tô đỗ gần.Giá bán: 600tr - 615tr - 730tr - 800tr - 900tr - hơn 1 tỷ.Diện tích: 50m² - 56m² - 58m² - 60m² - 62m² - 65m² - 68m² - 70m².Khách hàng thanh toán nhanh được giảm giá sâu.Sổ hồng sở hữu vĩnh viễn - nhận nhà ở ngayNội thất: Đầy đủ chỉ việc đến ở, tủ bếp, hút mùi, bếp từ, chậu rửa, sàn gạch, trần thạch cao, bảo ôn điều hòa, thiết bị vệ sinh và bình nóng lạnh, giường tủ, sofa, kệ tivi, cửa gỗ thịt tự nhiên, thang máy và thang bộ thoát hiểm, thiết bị PCCC, bảo vệ 24/24.Chủ Đầu Tư : 0982882*** ( Miễn Môi Giới - Trung Gian )Liên hệ trực tiếp Hưng chủ đầu tư xây dựng để mua giá gốc - add Zalo để xem video căn hộ
",Căn hộ,Sổ hồng,,1.0,1.0,1.0,1.0,1.0,1.0,1.0,1.0,1.0,1.0,1.0,1.0,1.0,1.0, 29/09/2023,27/10/2023,Bán,2386787,,,,
"
Chính chủ - bán chung cư CT3 Khương Hạ - Vũ Tông Phan - Thanh Xuân giá từ 590tr/căn, full nội thất
","
640
Triệu ","
58
m2
","['Hà Nội', 'Quận Thanh Xuân', 'Mua bán Căn hộ chung cư tại Phố Khương Hạ']","
Chính chủ - bán chung cư CT3 Khương Hạ - Vũ Tông Phan - Thanh XuânLiên hệ Hưng chủ đầu tư để mua nhà : 0982882***Nhận bàn giao căn hộ luôn - căn hộ rất thoáng sáng.Ô tô đỗ trước cửa chung cư.Giá bán: 590tr - 755tr - 800tr - 900tr - hơn 1 tỷ.Diện tích: 45m² - 48m² - 50m² - 55m² - 58m² - 65m².Nội thất: Sàn gỗ, tủ bếp, trần thạch cao, thiết bị vệ sinh, bình nóng lạnh, đèn Led.Tòa nhà thiết kế tầng 1 để xe, có đầy đủ hệ thống phòng cháy chữa cháy tự động, an ninh tòa nhà bảo vệ chuyên nghiệp.Sổ hồng sở hữu vĩnh viễn - nhận nhà ở ngayChủ Đầu Tư : 0982882***Liên hệ trực tiếp chủ đầu tư để mua nhà giá gốc - Add Zalo để nhận video căn hộ.
",Căn hộ,Sổ hồng,,1.0,1.0,1.0,1.0,1.0,1.0,1.0,1.0,1.0,1.0,1.0,1.0,1.0,1.0, 29/09/2023,27/10/2023,Bán,2095662,,,,
"
cần bán liền kề SB11-17 gần hồ siêu đẹp Vinhomes ocean park Gia Lâm Hà Nội
","
12
Tỷ ","
90
m2
","['liền kề  Vinhomes Ocean Park', 'Mua bán Nhà biệt thự']","
Chính chủ cần bán căn liền kề SB11-17 siêu đẹp Vinhome Gia Lâm Diện tích 90m2Xây 3.5 tầng Hoàn thiện mặt ngoàiView vườn hoaDo đang vay vốn ngân hàng nên muốn bán gấp Ai thiện chí liên hệ Mr.Lành để trao đổi
","Nhà biệt thự, liền kề",,,,,,,,,,,,,,,,, 17/10/2023,14/11/2023,Bán,2320233,,,20m,7m
"
Sở hữu ngay căn 1PN + 1 phòng đa năng 1WC, 47m2 giá 1,3 tỷ tại Vinhomes Ocean Park
","
1,3
Tỷ ","
47
m2
",['Mua bán Căn hộ chung cư  Vinhomes Ocean Park'],"
Sở hữu ngay căn 1N + 1 phòng đa năng 1WC, 47m2 giá 1,27 tỷ  tại Vinhomes Ocean Park.+ Tổng diện tích: 47m2.+ Pháp lý: Sổ đỏ chính chủ.+ Giá bán: 1.tỷ 300tr .+ Thiết kế: 1 phòng ngủ, 1WC, phòng khách, bếp và phòng đa năng. Các phòng rất vuông vắn, rộng rãi;Đặc biệt là phòng đa năng( không gian cộng) , có thể làm phòng ngủ với giường tầng cho các bé hoặc làm phòng làm việc, phòng đọc sách thư giãn, không khác gì căn 2N.Liên hệ: *******  để được hỗ trợ tư vấn, xem nhà miễn phí.#muachungcu1phongngugialam #muacanho1phongngugialam #muacanhogialamgiare #bancanhogialam #muabanchungcugialam #muacanhocaocapgialam #muacanhohanoi
",Căn hộ,Sổ hồng,,,,,,,,,,,,,,,, 27/09/2023,25/10/2023,Bán,1980808,1,,,
"
Bán căn góc phân khu cao cấp TK2 phân khu Tonkin, view 2 mặt thoáng và nội khu vể bơi. giá 3.50 Tỷ
","
3,5
Tỷ ","
68
m2
",['Mua bán Căn hộ chung cư  Vinhomes Smart City'],"
- Căn hộ 2N2WC, diện tích 69m phủ bì.căn góc, tầng trung, view nội khu tòa TonKin, view thác nước, tháp đồng hồ.- Phân khu TK2 chỉ có 2 tòa, gần hồ trung tâm, mỗi tầng chỉ có 16 căn nên số lượng căn hộ rất ít, tiềm năng tăng giá cao- Khách nhận bàn giao nhà ngay sau khi ký hợp đồng mua bán, chiết khấu lên tới 20%- Thanh toán theo tiến độ làm 6 đợt- Chỉ cần 740tr ký HDMB, ngân hàng cho vay lên tới 70% GTCH, ân hạn nợ gốc và hỗ trợ lãi suất 0% đến tháng 9 năm 2025- CDT dành 25 xe VF5 cho khách hàng cuối cùng mua tòa TK2, tòa TK2 còn 50 căn hộ cuối cùng- Bàn giao thiết bị nội thất cao cấp, tủ bếp , bếp từ, điều hòa âm trần các phòng, cửa vân tay chống cháy 3 lớp, tủ quần áo, sàn gỗ, trần thạch cao, lan can bằng kính cường lực, máy lọc không khí tươi vào từng căn,...Liên hệ hotline pkd 03958864***em Nhung để được tư vấn và xem căn hộ thực tế.
",Căn hộ,Sổ hồng,Tây-Nam,1.0,1.0,1.0,1.0,,,,,1.0,1.0,1.0,1.0,1.0,, 22/10/2023,05/11/2023,Bán,2487593,,,,
"
Bán căn 2PN 2WC 66m2 SA5 phân khu SAKURA tầng cao view toàn thành phố Giá 2.80 Tỷ
","
2,8
Tỷ ","
67
m2
",['Mua bán Căn hộ chung cư  Vinhomes Smart City'],"
- Căn 2PN 2WC, 2 ban công, diện tích 66,6m² phủ bì, view toàn thành phố và khu biệt thự Thiên Đường Bảo Sơn.- Căn hộ tầng cao, view biệt thự và 3 mặt là trường học Vinschool thấp tầng nên không bị che tầm nhìn. nội khu đẹp nhất Vinhome smart city.- Thanh toán theo tiến độ làm 7 đợt, chiết khấu lên tới 8,8%, tặng thêm gói quà tặng trị giá 50tr, thanh toán sớm được chiết khấu thêm 8%/năm/số tiền thanh toán trước hạn.- Chỉ cần 440tr ký HĐMB, Ngân hàng cho vay lên tới 70% GTCH, ân hạn gốc, hỗ trợ lãi suất 0% đến hết T3/2025.- Bàn giao thiết bị vệ sinh đầy đủ của Toto, tủ bếp, cửa vân tay chống cháy, sàn gỗ, trần thạch cao.- Sử dụng các tiện ích nội ngoại khu như Vườn Nhật, hồ cảnh quan, bể bơi 4 mùa, vườn hoa Hokkaido,...- Tháng 10/2024 nhận nhà.- Liên hệ em Nhung pkd: 03958864***để được tư vấn và xem căn hộ thực tế.
",Căn hộ,Sổ hồng,,1.0,,,,,,,,,1.0,1.0,1.0,1.0,, 22/10/2023,05/11/2023,Bán,2505218,,,,
"
Cần bán căn hộ 54.1m2 2N1VS full nội thất căn đẹp - giá 1,8xx tỷ. CC Mipec Kiến Hưng Hà Đông
","
Thỏa thuận
","
54,1
m2
",['Mua bán Căn hộ chung cư  Mipec City View'],"
Chính chủ cần bán căn 2 ngủ tại Mipec Kiến Hưng, Hà Đông. - Diện tích 54.1m² căn góc 2 ngủ 1wc- Nội thất đầy đủ như mới và đồ chất lượng cao (tủ bếp nâng hạ, bếp từ bosch, máy lọc không khí ....) chỉ cần xách vali về ở. - Hướng đông nam đẹp nhất toà, gió thoáng mát- Sổ hồng sẵn sàng- Giá 1,8xx có thương lượng 
",Căn hộ,Sổ hồng,Đông-Nam,,,,,,,,,,,,,,, 22/10/2023,19/11/2023,Bán,2587440,,,,
