Title,Price,Area,Address,Gen_descrip,Loại hình,Bình nóng lạnh,Máy hút mùi,Tủ bếp,Bàn ăn,Kệ TV,Tủ trang trí,Giường ngủ,Bàn phấn,Tủ quần áo,Bồn tắm,Vòi hoa sen,Bồn cầu,Bồn rửa mặt,Bàn ghế P.khách,Ngày đăng,Ngày hết hạn,Loại tin,ID tin,Tình trạng pháp lý,Hướng nhà
"
Chính chủ cần bán gấp căn 3 ngủ diện tích 145 m2 view Hồ Tây giá chỉ 15 tỷ LH : 0902181***
","
15,6
Tỷ ","
145
m2
",['Mua bán Căn hộ chung cư  Heritage West Lake'],"
Chính chủ cần bán gấp căn 3 ngủ, ai cần liên hệ : 0382505***Chủ đầu tư Capitaland uy tín có 30 năm kinh nghiệm tại thị trường Việt NamDự án cao cấp nhất Hồ Tây, bàn giao full nội thất Đơn vị quản lý vận hành AsscotCó thang máy riêng từng căn hộDuy nhất căn giá tốt nhất thị trường
",Căn hộ,1.0,1.0,1.0,1.0,1.0,1.0,1.0,1.0,1.0,1.0,1.0,1.0,1.0,1.0, 18/11/2023,16/12/2023,Bán,2636852,,
"
Nhà Đẹp Hào Nam, Nhà Dân Xây cực Chắc Chắn, Tặng Full Nội Thất, 37m giá 5.5 Tỷ
","
5,5
Tỷ ","
35
m2
","['Hà Nội', 'Quận Đống Đa', 'Mua bán Nhà riêng tại Phố Hào Nam']","
Mô tả:+ Ngõ thoáng rộng thông sang Vũ Thạnh tiện ích ngập tràn.+ Vị trí nhà bán cách vài bước chân ra Bệnh viện Hà Thành, Học Viện Âm Nhạc....giao thông thuận tiện, hàng xóm thân thiện, khu dân trí cao.+ Nhà tự xây khung cột bê tông chắc chắn với thiết kế cơ bản như sau: - Tầng 1: Phòng khách, phòng bếp, wc.- Tầng 2,3: Mỗi tầng 2 phòng ngủ, wc giữa- Tầng 4: Phòng ngủ, sân phơi.+ Chủ nhà sắm toàn đồ tốt từ giường, tủ, tivi, điều hòa… cho cậu ấm lấy vợ. Nhưng cậu ấm lại quyết định đi du học nên muốn bán sớm+Sổ đỏ cất két đợi giao dịch.Mr Trung chuyên bđs Đống Đa hỗ trợ Quý khách xem nhà mp, tư vấn và tìm nhà chuẩn theo yêu cầu của Quý khách. Thông tin và ảnh bài đăng đều thật 100%
",Nhà riêng,1.0,1.0,1.0,1.0,1.0,1.0,1.0,1.0,1.0,1.0,1.0,1.0,1.0,1.0, 17/11/2023,15/12/2023,Bán,2636411,Sổ đỏ,
"
Bán căn hộ Quận Hoàng Mai - Hà Nội giá 1.60 Tỷ
","
1,6
Tỷ ","
70
m2
","['Hà Nội', 'Quận Hoàng Mai', 'Mua bán Căn hộ chung cư tại Phường Hoàng Liệt']","
Chung cư Ngọc Hồi – Hoàng Mai - Diện tích: 69,2m². Thiết kế 2PN - 2WC.- Nội thất để lại: Sàn gỗ nhập khẩu, tủ bếp kịch trần (kèm bếp từ, hút mùi, ), bàn ăn, giường tủ kệ, sofa, điều hoà, nóng lạnh... ), TV, tủ lạnh.Pháp lý (HĐ mua bán vĩnh viễn).Có hỗ trợ vay Ngân hàngLiên hệ: E Tuấn - 0979860***
",Căn hộ,1.0,1.0,1.0,1.0,1.0,1.0,1.0,1.0,1.0,1.0,1.0,1.0,1.0,1.0, 17/11/2023,15/12/2023,Bán,2636400,,Đông-Nam
"
Bán nhà 63m,hơn 11 tỉ,5 tầng,tam trinh hoang mai
","
11
Tỷ ","
63
m2
","['Hà Nội', 'Mua bán Nhà riêng tại Quận Hoàng Mai']","
B_Á_N NHÀ 63M,HƠN 11TỶ 5TẦNG TAM TRINH HOÀNG MAI, Ô TÔ ĐỖ CỬA.+ Vị trí cực đẹp,  , Xung quanh tiện ích vô vàn, gần trường học, nhà văn hoá, Uỷ ban...+ Nhà xây 5 tầng còn như mới, mỗi tầng 1 phòng và 1 vệ sinh. Nhà sử dụng nhiều cửa sổ cực thoáng và hứng trọn ánh sáng tự nhiên. mua về ở ngay.+ Sổ đỏ chính chủ vuông vắn đẹpLH: em việt:0984985138để được tư vấn và dẫn đi xem nhà miễn phí.
",Nhà riêng,,,,,,,,,,,,,,, 17/11/2023,15/12/2023,Bán,2636397,,
"
B_Á_N NHÀ 66M,hơn13 tỉ 5 tầng tam trinh hoang mai
","
13
Tỷ ","
66
m2
","['Hà Nội', 'Mua bán Nhà riêng tại Quận Hoàng Mai']","
B_Á_N NHÀ 66M,HƠN 13TỶ 5TẦNG TAM TRINH HOÀNG MAI, Ô TÔ ĐỖ CỬA.+ Vị trí cực đẹp,  , Xung quanh tiện ích vô vàn, gần trường học, nhà văn hoá, Uỷ ban...+ Nhà xây 5 tầng còn như mới, mỗi tầng 1 phòng và 1 vệ sinh. Nhà sử dụng nhiều cửa sổ cực thoáng và hứng trọn ánh sáng tự nhiên. mua về ở ngay.+ Sổ đỏ chính chủ vuông vắn đẹpLH: em việt:0984985138để được tư vấn và dẫn đi xem nhà miễn phí.
",Nhà riêng,,,,,,,,,,,,,,, 17/11/2023,15/12/2023,Bán,2636392,,
"
Bán nhà 55m,hơn 12tỉ 5 tầng tam trinh hoàng mai.
","
12
Tỷ ","
55
m2
","['Hà Nội', 'Mua bán Nhà riêng tại Quận Hoàng Mai']","
Bán nhà 55 m,hơn 12 tỉ 5 tầng tam trinh hoàng mai.+ Vị trí cực đẹp,  , Xung quanh tiện ích vô vàn, gần trường học, nhà văn hoá, Uỷ ban...+ Nhà xây 5 tầng còn như mới, mỗi tầng 1 phòng và 1 vệ sinh. Nhà sử dụng nhiều cửa sổ cực thoáng và hứng trọn ánh sáng tự nhiên. mua về ở ngay.+ Sổ đỏ chính chủ vuông vắn đẹpLH: em việt:0984985138để được tư vấn và dẫn đi xem nhà miễn phí.
",Nhà riêng,,,,,,,,,,,,,,, 17/11/2023,15/12/2023,Bán,2636374,,
"
Bán nhà 56 m,hơn 4 tỉ 5 tầng tam trinh hoàng mai.
","
4
Tỷ ","
56
m2
","['Hà Nội', 'Mua bán Nhà riêng tại Quận Hoàng Mai']","
Bán nhà 56 m,hơn 4 tỉ 5 tầng tam trinh hoàng mai.+ Vị trí cực đẹp,  , Xung quanh tiện ích vô vàn, gần trường học, nhà văn hoá, Uỷ ban...+ Nhà xây 5 tầng còn như mới, mỗi tầng 1 phòng và 1 vệ sinh. Nhà sử dụng nhiều cửa sổ cực thoáng và hứng trọn ánh sáng tự nhiên. mua về ở ngay.+ Sổ đỏ chính chủ vuông vắn đẹpLH: em việt:0984985138để được tư vấn và dẫn đi xem nhà miễn phí.
",Nhà riêng,,,,,,,,,,,,,,, 17/11/2023,15/12/2023,Bán,2636354,,
"
B_Á_N NHÀ 56m,hơn 4 tỉ nhà 5 tầng,tam trinh hoang mai
","
4
Tỷ ","
56
m2
","['Hà Nội', 'Mua bán Nhà riêng tại Quận Hoàng Mai']","
B_Á_N NHÀ 56M,HƠN 4TỶ 5TẦNG TAM TRINH HOÀNG MAI, Ô TÔ ĐỖ CỬA.+ Vị trí cực đẹp,  , Xung quanh tiện ích vô vàn, gần trường học, nhà văn hoá, Uỷ ban...+ Nhà xây 5 tầng còn như mới, mỗi tầng 2 phòng và 1 vệ sinh. Nhà sử dụng nhiều cửa sổ cực thoáng và hứng trọn ánh sáng tự nhiên. mua về ở ngay.+ Sổ đỏ chính chủ vuông vắn đẹpLH: em việt để được tư vấn và dẫn đi xem nhà miễn phí.
",Nhà riêng,,,,,,,,,,,,,,, 17/11/2023,15/12/2023,Bán,2636343,,
"
Bán đất Nam Hồng, Đông Anh, 56m2 sát đường Võ Văn Kiệt, kinh doanh, cần bán gấp.
","
2,8 - 2,9
Tỷ ","
56
m2
","['Hà Nội', 'Bán Đất tại Huyện Đông Anh']","
+ Chính chủ gửi bán gấp lô đất ở Nam Hồng, Đông Anh.+ Vị trí cực đẹp sát đường Võ Văn Kiệt, gần đường Tỉnh Lộ 23B đi thị trấn Đông Anh hay Tiền Phong Mê Linh đều thuận tiện.+ Khu vực kinh doanh nhiều mặt hàng như nhà nghỉ, khách sạn, cửa hàng, spa,+ Ngõ thông, rộng, thoáng mát, ô tô tránh, thông thương các ngả.+ Đất diện tích: 56m², mặt tiền 4m, phù hợp cho khách mua xây nhà vừa ở vừa kinh doanh hoặc đầu tư giữ tiền.+ Sổ đỏ chính chủ, sẵn sàng giao dịch.+ Giá: 2,9 tỷ. Có thương lượng.+ Liên hệ: 0974629*** - em Hân.Tư vấn tận tâm, nâng tầm giá trị.
",Đất,,,,,,,,,,,,,,, 17/11/2023,15/12/2023,Bán,2636186,,
"
Bán Nhà Kim Chung Đông Anh, Nhà đẹp ở ngay, lô góc, 2 tỷ.
","
1,9 - 2
Tỷ ","
65
m2
","['Hà Nội', 'Huyện Đông Anh', 'Bán Nhà riêng tại Xã Kim Chung']","
+ Chủ cần bán gấp nhà Kim Chung Đông Anh, giao dịch nhanh không qua trung gian.+ Diện tích: 65m², 2 phòng ngủ, đầy đủ công năng, tiện nghi.+ Ngõ to, thoàng mát, ba bước ra chợ, khu dân cư đông đúc, nhiều tiện ích xung quanh.+ Gần đường Võ Văn Kiệt, thông thương các ngả.+ Đông Anh dự kiến lên quận trong thời gian tới, giá trị tăng mạnh trong tương lai.+ Giá: 2 tỷ có thương lượng,+ Sổ đỏ chính chủ, sẵn sàng giao dịch.+ Liên hệ: 0974629*** - em Hân.
",Nhà riêng,,,,,,,,,,,,,,, 17/11/2023,15/12/2023,Bán,2636098,,
"
Chính chủ bán biệt thự Khu đô thị mới Cầu Bươu BT7 - 07
","
15
Tỷ ","
124,1
m2
","['Hà Nội', 'Huyện Thanh Trì', 'liền kề tại Đường Cầu Bươu', 'Bán Nhà biệt thự']","
Chính chủ bán biệt thự Cầu Bươu BT7 - 07 - Diện tích 124.1m².- Vị trí: Căn góc, 3 mặt thoáng- Diện tích xây dựng 65m2, diện tích xây dựng 295m2, đã xây thô- Hướng: Đông Bắc- Có sân rộng, 3 mặt đường, 1 mặt thoáng, biệt thự đơn lập, sát với dự án Golden Rose. - Thuận tiện làm văn phòng và kinh doanh.+ Căn góc 3 mặt thoáng đãng+ Sổ đỏ duy nhất trong dãy+ Tương lai mở đường thông với KĐT Eden Rose+ Giao thông thuận tiện, vành đai 4 + đại lộ Chu văn An. Khu vực đang phát triển mạnh+ Trước mặt đang xây dựng trường học. Giá bán: 15 tỷ (thương lượng chính chủ)
","Nhà biệt thự, liền kề",,,,,,,,,,,,,,, 17/11/2023,15/12/2023,Bán,2636055,,
"
Chính chủ bán căn hộ chung cư cao cấp - 30A Lý Thường Kiệt - Vị trí kim cương phố cổ
","
12
Tỷ ","
57,5
m2
",['Mua bán Căn hộ chung cư  T-Place 30A Lý Thường Kiệt'],"
Chính chủ bán căn hộ chung cư cao cấp - 30A Lý Thường Kiệt - Vị trí kim cương phố cổ- Diện tích 57.5m² gồm: 2 ngủ, 1 khách.- Đã có SỔ ĐỎ- Toà nhà có 3 tầng hầm để xe máy và ô tô của cư dân, 3 tầng văn phòng, tầng 4 -> 10 là tầng căn - hộ, tầng áp mái là bar, coffee, tập golf, phòng gym...- Cửa chính hướng Tây Nam, ban công Đông Bắc.- Siêu thị, spa, gym tại 2 tầng tầng hầm của tòa nhà.- Dịch vụ ngân hàng tài chính, trung tâm mua sắm, Café & Restaurant tại tầng 1 - 2.- Phòng sinh hoạt cộng đồng dành cho các cư dân hội họp, tổ chức sự kiện...- Hệ thống an ninh đồng bộ và các dịch vụ tiện ích đi kèm, hoạt động 24/7.- 05 thang máy tốc độ cao- Các dịch vụ khác có ngay bên trong căn hộ, như: Hệ thống đỗ xe thông minh, hệ thống kết nối internet wifi- Giá Bán: thương lượngLiên hệ: 0968870*** (thương lượng trực tiếp với chủ nhà)
",Căn hộ,,,,,,,,,,,,,,, 17/11/2023,15/12/2023,Bán,2636034,,Tây-Nam
"
Chính chủ cần bán gấp căn góc 84.6m2 dự án Kiến Hưng Luxury
","
12,9
Tỷ ","
84,6
m2
","['liền kề   Kiến Hưng Luxury', 'Mua bán Nhà biệt thự']","
Chính chủ cần bán gấp căn góc CTT2-01 diện tích  84.6m2 dự án Kiến Hưng Luxury- Hướng: Tây Bắc - Diện tích đất: 84,6m2, (Mặt Tiền XD 7m2, Mặt Tiền Đất là 8.4m ) - Thiết kế xây dựng: Xây dựng 5 tầng, hoàn thiện mặt ngoài, bên trong bàn giao thô, - Đường trước nhà 13,5m2, vỉa hè 2m mỗi bên, ngay lớp 2 từ trục đường chính đi vào, căn góc. - Pháp lý: đã có sổ đỏ lâu dàiLiên hệ: 0968870*** (thương lượng trực tiếp với chủ nhà)
","Nhà biệt thự, liền kề",,,,,,,,,,,,,,, 17/11/2023,15/12/2023,Bán,2636008,,
"
Bán căn hộ 3 ngủ King Palace chính chủ tầng trung siêu đẹp
","
7,25
Tỷ ","
126
m2
",['Mua bán Căn hộ chung cư  King Palace'],"
Bán căn hộ góc 3PN 126m đẹp nhất trong Chung cư cao cấp KING PALACE - 108 Nguyễn Trãi - HN- Diện tích 126m2. Tầng trung. Cửa vào ĐB, ban công TB -TN. Gồm 3 phòng ngủ, 2 phòng vệ, sinh 2 ban công thoáng mát (1 ban công nhìn ra Royal city, 1 ban công nhìn ra đường Nguyễn Trãi).- Căn góc thoáng mát ánh sáng tự nhiên, căn hộ không có cột, hệ thống kính Low E kịch sàn- Mật độ xây dựng thấp 13 căn/ sàn với 7 thang máy- Vị trí căn hộ tại trung tâm quận Thanh Xuân thuận tiện giao thông- Hưởng tiện ích sang trọng và các dịch vụ cao cấp!- Có slot đỗ xe ô tôGiá Bán: 7.25 tỷ (có thương lượng)Liên hệ: 096.887.0***
",Căn hộ,,,,,,,,,,,,,,, 17/11/2023,15/12/2023,Bán,2636005,Sổ hồng,Đông-Bắc
"
Quỹ căn chuyển nhượng căn hộ rẻ nhất thị trường từ căn Stu,1N,2N,3N đàm phán trực tiếp chủ nhà
","
Thỏa thuận
","
32 - 75
m2
",['Mua bán Căn hộ chung cư  Vinhomes Smart City'],"
- A/c liên hệ ngay TPKD Giang: 0343 138 ***- Em đang cần bán gấp quỹ căn hộ rẻ nhất thị trường.S1: 2 ngủ 1vs nguyên bản giá chỉ 1,9 tỷ nha mới tinh 2 căn.S1: 2 ngủ 1vs full đồ giá 2 tỷ bao phí chuyển nhượng 2 căn.S1: 2 ngủ 1vs full đồ 1.99 tỷ bao phí chuyển nhượng.S2: 2 ngủ 1vs full đồ 2.23 tỷ bao phí chuyển nhượng.S1: 1 ngủ full đồ giá 1.7 tỷ bao phí chuyển nhượng 3 căn.- The Miami GS1, GS2, GS3:* Studio: Giá chỉ từ 1tỷ09bp chuyển nhượng.* 1Pn: Giá chỉ từ 1tỷ7 bao phí chuyển nhượng.* 2PN: Giá chỉ từ 2tỷ1 bao phí.* 2PN + 1: Giá chỉ từ 2500 bao phí nhà mới tinh.* 3PN: Giá chỉ từ 3 tỷ.- The Sakura Sa2, Sa3:* Studio: Giá chỉ từ 1tỷ09bp chuyển nhượng.* 1Pn: Giá chỉ từ 1tỷ7 bao phí chuyển nhượng.* 2PN: Giá chỉ từ 2tỷ1 bao phí.* 2PN + 1: Giá chỉ từ 2500 bao phí nhà mới tinh.* 3PN: Giá chỉ từ 3 tỷ.- Imperia: 2 ngủ 1 vs 2tỷ150 bao phí tầng đẹp.- Imperia: 2 ngủ 1 vs nguyên bản 2tỷ2 bao phí tầng đẹp 5 căn.- Imperia 2 ngủ + 1 nguyên bản 2tỷ6 bao phí 4 căn.Cập nhật quỹ căn chào bán tháng 2/2022 từ nguyên bản đến full đồ (Diện tích dưới đây là diện tích sử dụng):- Căn Studio: 24 - 35m giá từ 1.1 tỷ đến 1.3 tỷ.- Căn 1PN + 1: 43 - 48m giá từ 1.6 tỷ đến 1.8 tỷ.- Căn 2PN: 55m giá từ 1tỷ9 đến 2.1 tỷ.- Căn 2PN + 1: Từ 64m giá từ 2.5 tỷ đến 2,7 tỷ.- Căn 3PN: 75m - 94m - 97m giá từ 2.8 tỷ - 3.2 tỷ - 3.6 tỷ.Em làm ở dự án được 4 năm từ khi mở bán đợt đầu tiên nên em nắm rõ hết thông tin giá cả, ưu nhược điểm và những tiện ích tòa nhà. Sau khi Anh Chị tìm được căn ưng ý em sẽ làm thủ tục từ A đến Z(làm thẻ, vân tay, thẻ gửi xe,. ).- Khách hàng mua căn hộ làm việc trực tiếp với chủ nhà.- Quý khách hàng mua sang tên trực tiếp không chịu bất kỳ khoản phí nào trong quá trình mua bán.- Hỗ trợ vay ngân hàng duyệt hồ sơ trong vòng 2 ngày.- Ngân hàng hỗ trợ cho vay lãi suất tốt.Anh Chị có nhu cầu LH TPKD Giang: 0343 138 8***xem nhà 24/24 và tư vấn thủ tục.
",Căn hộ,1.0,1.0,1.0,1.0,1.0,1.0,1.0,1.0,1.0,1.0,1.0,1.0,1.0,1.0, 17/11/2023,15/12/2023,Bán,2138413,Sổ đỏ,Đông-Nam
"
Bán căn hộ Hoàng Mai - Hà Nội giá 1.30 Tỷ, dự án chung cư Kim Văn Kim Lũ.
","
1,2 - 2,3
Tỷ ","
45 - 74
m2
",['Mua bán Căn hộ chung cư  Khu đô thị Kim Văn Kim Lũ'],"
Căn hộ chung cư dự án Kim Văn Kim Lũ, mặt đường Vành Đai 3, đi các kiểu Ngã Tư Sở, bến xe Nước Ngầm, các trung tâm lớn, các trường học, bệnh viện... Chỉ trong 1 nốt nhạc.Căn Góc, 2 ngủ, 2 WC, nội thất đầy đủ, view đẹp,Pháp lý sổ đỏ, hỗ trợ cho vay ngân hàng, hỗ trợ thủ tục sang tên miễn phí chỉ việc về ở. Giá rẻ hơn cho khách hàng đến sớm, gọi cho người đăng bài để xem nhà và có thể xe thêm 1 vài căn xung quanh đến khi khách vừa lòng ưng ý.
",Căn hộ,1.0,1.0,1.0,1.0,1.0,1.0,1.0,1.0,1.0,1.0,1.0,1.0,1.0,1.0, 17/11/2023,01/12/2023,Bán,2635888,,
"
🌹Hiếm! Nhà phân lô 51 m, MT5m- Ô TÔ - Gần Ngã Tư Vọng, Thanh Xuân .Giá chỉ 7.9 tỷ 🌹
","
7,9
Tỷ ","
51
m2
","['Hà Nội', 'Quận Thanh Xuân', 'Mua bán Nhà riêng tại Phường Phương Liệt']","
🌹🌹🌹Hiếm! Nhà phân lô 51 m, MT5m- Ô TÔ - Gần Ngã Tư Vọng, Thanh Xuân .Giá chỉ 7.9 tỷ 🌹🌹🌹Mô tả:+ Trước nhà Ô tô tránh, nhà mình hai mặt thoáng trước và sau vĩnh viễn. Khu vực hiếm nhà bán.+ Vị trí trung tâm quận thanh xuân gần ngã tư vọng giao thông thuận tiện. Gần học viện quản lý giáo dục ,  ĐH Bách kinh xây...+ Nhà chủ tự xây  cực kỳ chắc chắn.+ Thiết kế:- Tầng 1 : khách + bếp wc .- Tầng 2,3,4: 5 ngủ + 4 wc .- Tầng 5: sân phơi.  📕 Sổ đỏ chính chủ, sẵn sàng giao dịch.                                                                                                                                                           📲 Liên hệ ngay Mr Trung để sở hữu nhà đẹp tại Hà Nội.     
",Nhà riêng,,,,,,,,,,,,,,, 17/11/2023,15/12/2023,Bán,2635923,Sổ đỏ,
"
Bán nhà riêng Huyện Thanh Trì - Hà Nội giá 3.80 Tỷ
","
3,8
Tỷ ","
39 - 40
m2
","['Hà Nội', 'Huyện Thanh Trì', 'Mua bán Nhà riêng tại đường Tứ Hiệp']","
4 CHỖ VÀO NHÀ - TRƯỚC NHÀ RỘNG THOÁNGXóm Chùa, Tứ Hiệp dt 40m x 5 tầng Mt 4.1 m giá 3.8 tỷ Thanh Trì- Tầng 1: Phòng khách + bếp + vệ sinh- tổng 3 P ngủ + vệ sinh khép kín- Tầng 5: Phòng thờ + sân phơiCác tầng đều có ban công thoáng sáng+ Sổ đỏ chính chủ sang tên phút mốtLiên hệ sđt 0972604***
",Nhà riêng,,,,,,,,,,,,,,, 17/11/2023,15/12/2023,Bán,2635878,Sổ đỏ,
