Title,Price,Area,Address,Gen_descrip,Loại hình,Bình nóng lạnh,Tủ bếp,Bàn ăn,Kệ TV,Giường ngủ,Tủ quần áo,Bồn tắm,Vòi hoa sen,Bồn cầu,Bồn rửa mặt,Bàn ghế P.khách,Ngày đăng,Ngày hết hạn,Loại tin,ID tin,Máy hút mùi,Tủ trang trí,Bàn phấn,Tình trạng pháp lý,Hướng nhà
"
Nhà Đẹp quận Hoàng Mai, 30M, 6 Tầng, Nhỉnh 3 Tỷ. Ô Tô Tránh 10M. Tặng Toàn Bộ Nội Thất. Sổ Nở Hậu
","
2,9
Tỷ ","
30
m2
","['Hà Nội', 'Mua bán Nhà riêng tại Quận Hoàng Mai']","
Cần bán gấp nhà Phố Thịnh Liệt- Diện tích 30M- 6 tầng . Các phòng đều có cửa sổ thoáng sáng. - Giá nhỉnh 3 tỷ - Gần các trường: KTQD, BHXD, DDHBK, ĐHH Hà Nội... - Gần các BV lớn: Bạch Mai, Bưu Điện, ĐH Y... - 1 phút ra BX Nước Ngầm, bx Giáp Bát... - Ô tô đỗ tránh cách 10M. - Xung quanh có bãi đỗ xe ô tô - Gần khu quy hoạch mở rộng đường, thông thẳng sang Luis City rất đẹp. Sau quy hoạch giá trị tăng cao- Khu vực nhiều sinh viên, tiện cho thuê hoặc kinh doanh online - Chủ tặng lại toàn bộ nội thấtLIÊN HỆ: 032.678.3***
",Nhà riêng,1.0,1.0,1.0,1.0,1.0,1.0,1.0,1.0,1.0,1.0,1.0, 07/10/2023,04/11/2023,Bán,2558876,,,,,
"
Vị trí cực đẹp 9 bước ra hồ - CHDV Thái Hà, Tây Sơn - dòng tiền khủng 140tr/th 19 phòng, chuẩn PCCC
","
17,3
Tỷ ","
71
m2
","['Hà Nội', 'Quận Đống Đa', 'Mua bán Nhà riêng tại Phố Thái Hà']","
SIÊU PHẨM DÒNG TIỀN - KINH ĐÔ DÂN TRÍ CAO - NGÕ THÔNG - 8 TẦNG THANG MÁY - VỊ TRÍ ĐẸP - BÃI Ô TÔ - 19 PHÒNG KHÉP KÍN DOANH THU LÊN ĐẾN 140TR/THÁNG. FULL NỘI THẤT - HỆ THỐNG PCCC ĐẦY ĐỦ. #THÁI_HÀ #TÂY_SƠN #ĐỐNG_ĐA 71m, 8 tầng, MT 6.9M, giá nhỉnh 1x tỷ. ( Quá Hiếm). NHÀ MỚI KÍNH KOONG Mô tả: Tọa lạc tại vị trí siêu đắc địa đẹp nhất phố, phố thông tứ hướng.Nhà gần bãi gửi xe ô tô Thiết kế: - Tầng 1: Để xe.- Tầng 2: 2 phòng- Tầng 3, 4, 5, 6, 7: Mỗi tầng 3 phòng- Tầng 8: 2 phòng + Sân phơi, khu giặt. Sổ đỏ chính chủ sẵn sàng giao dịch Liên hệ: Ms Hương 097 313 4*** (zalo) xem nhà miễn phí
",Nhà riêng,1.0,1.0,1.0,1.0,1.0,1.0,,1.0,1.0,1.0,1.0, 20/10/2023,17/11/2023,Bán,2583626,1.0,1.0,1.0,,
"
nhà 3,6 tỷ, ô tô đỗ sát cửa, Hoàng Quốc Việt,Cầu Giấy,Hà Nội
","
3,6
Tỷ ","
30
m2
","['Hà Nội', 'Quận Cầu Giấy', 'Mua bán Nhà riêng tại Đường Hoàng Quốc Việt']","
+ Ngõ 87 Hoàng Quốc Việt thông sang Phùng Chí Kiên + Nhà đẹp, ở ngay, ô tô đỗ sát cửa nhà+ Chủ đang dọn dẹp đi nên hơi bừa Thiết kế: 4 Tầng T1: Khách - Bếp + WcT2,3: Mỗi Tầng 1 vệ sinh T4: Phòng thờ + Sân PhơiSổ đỏ nở hậu, chính chủLiên hệ em Huy Địa Ốc Vàng (zalo): 0941028***
",Nhà riêng,,,,,,,,,,,, 20/10/2023,17/11/2023,Bán,2583524,,,,Sổ đỏ,
"
Bán căn góc đẹp nhất tòa The Tonkin-Vinhomes Smart City 66,2m2 với 2PN
","
4,14
Tỷ ","
66,2
m2
","['Hà Nội', 'Quận Nam Từ Liêm', 'Mua bán Căn hộ chung cư tại Phường Tây Mỗ']","
""HÀNG HIẾM” NHẬN NHÀ NGAY - ĐÓN TẾT THẬT HAY✅   Căn hộ: 2PN - 2WC✅   Đặc điểm: Căn góc đẹp nhất tòa✅   Ban công Đông Nam - Tây Nam✅   View: Nội khu, cụm tiện ích phong cách Indochine chuẩn resort✅  Đặc biệt: bàn giao nội thất cơ bản, tiêu chuẩn cao cấp✔  Nước nóng trung tâm;✔ Smart home tiêu chuẩn premium;✔  Điều hòa âm trần;✔ Thiết bị thương hiệu hàng đầu từ Đức: chậu rửa - bếp từ - hút mùi Gorenje, khóa cửa 3 trong 1 Dessman; đầy đủ bàn tủ bếp MDF sơn phủ Acrylic; ✔ Sen tắm mua, hệ thống vòi công nghệ speed clean khử nước cứng; ✔ Full sàn gỗ, cửa chống cháy,trang bị tủ quần áo;✔ Cửa kính full trần - chạm sàn, lancan ban công kính an toàn✔ Full thiết bị nhà tăm, bồn cầuthông minh nắp xịt tự động…
",Căn hộ,,,,,,,,,,,, 20/10/2023,17/11/2023,Bán,2583551,,,,,Tây-Nam
"
Bán nhà gần Vinhomes Smart City 34m*5T, ngõ thoáng, ô tô trước cửa nhà giá 2.7 tỷ. LH: 0986 732 ***
","
2,7
Tỷ ","
34
m2
","['Hà Nội', 'Quận Nam Từ Liêm', 'Mua bán Nhà riêng tại Đường Miêu Nha']","
Bán nhà gần Vinhomes Smart City 34m²*5T, ngõ thoáng, ô tô đỗ trước cửa. Giá 2.7 tỷ. LH: 0986 732 ***- Nhà 34m, 5 tầng: 4 phòng ngủ, 4 nhà tắm, sân phơi, phòng thờ.- Mặt tiền 3,5 m.- Nhà xây mới nên mọi thiết bị trong nhà đều là loại mới và tốt nhất của các thương hiệu trong nước, có bảo hành như thiết bị cây vời tắm hoa sen, vòi lavabo, chậu rửa mặt đều là của Inlax...Cửa thông phòng, cửa nhà vệ sinh, tay lắm cầu thang đều được lắp đặt bằng gỗ Lim Nam Phi...- Tiện ích đầy đủ trung tâm mua sắm lớn của Vincom Mega Mall, chợ dân sinh Tây Mỗ, Đại Mỗ, khu vui chơi Công Viên Nhật Bản, bệnh viện Vinmec... Khi khách hàng mua về đây đều sẽ được hưởng mọi tiện ích của khu đô thị Vinhomes Smat City.- Đường lớn, ô tô đỗ ngay trước cửa.Gần các Trường đại học lớn như ĐH Vân Canh, ĐH Đông Á, FPT, Trường cấp 1 2 3 Tây Mỗ, Trường Nguyễn Quý Đức, Lý Nam Đế, đều đạt chuẩn Quốc Gia.- Đường lớn: Đại Lộ Thăng Long, Sa Đôi, Kaengnam, Mỹ Đình, Hà Đông.- Giá nhà 2 tỷ 700 triệu (bao chi phí chuyển nhượng).Liên hệ: E Tường 0986 732 *** (Zalo) Xem nhà 24/7Xin cảm ơn!
",Nhà riêng,1.0,1.0,1.0,1.0,1.0,1.0,1.0,1.0,1.0,1.0,, 20/10/2023,17/11/2023,Bán,2583390,1.0,1.0,1.0,Sổ đỏ,
"
Chính chủ bán gấp căn 34m2*5T gần chợ Phương Canh, ô tô đỗ trước cửa. Giá 2,95 tỷ. LH: 0986 732 ***
","
2,95
Tỷ ","
34
m2
","['Hà Nội', 'Quận Nam Từ Liêm', 'Mua bán Nhà riêng tại đường Phương Canh']","
Chính chủ bán gấp căn 34m²*5T. Gần chợ Phương Canh, ô tô đỗ trước cửa. Giá 2,95 tỷ. LH: 0986 732 ***- Diện tích: 34m².- Mặt tiền: 3.6m.- Nhà xây độc lập, thiết kế hiện đại, đầy đủ công năng.+ Tầng 1: Phòng khách, nhà bếp, wc.+ Tầng 2,3,4: Mỗi tầng 1 phòng ngủ rộng và wc.+ Tầng 5: Phòng thờ, sân phơi.- Có hệ thống chờ ống điều hòa âm tường, bếp từ, hút mùi.- Vị trí: Ngõ nhà rộng ô tô đậu cửa, nhiều tiện ích, đi bộ ra chợ Canh, siêu thị VinMart, xung quanh bán kính 500m là trường C1, C2, C3.- Cách trường ĐH FPT, ĐH Công Nghệ Đông Á, ĐH Công Nghiệp 1km, 4km ra SVĐ Mỹ Đình.- Cách Nhổn, Chợ đầu mối nông sản Minh Khai 1km- Thuận tiện giao thông qua các tuyến đường lớn: QL32, QL70, Xuân Phương, Trịnh Văn Bô, Hoè Thị...- Pháp lý: Sổ đỏ chính chủ, sang tên được ngay.- Giá 2,95 tỷ có thương lượng (bao mọi chi phí sang tên và sổ đỏ).Liên hệ: E Tường 0986 732 6***Xem nhà 24/7 (Miễn MG - TG)
",Nhà riêng,1.0,1.0,1.0,1.0,1.0,1.0,1.0,1.0,1.0,1.0,, 20/10/2023,17/11/2023,Bán,2583387,1.0,1.0,1.0,Sổ đỏ,
"
Chủ cần tiền Bán gấp 72m đất thổ cư Xuân Phương, gần trường FPT, ĐH Đông Á. LH 0986 732 ***
","
Thỏa thuận
","
72
m2
","['Hà Nội', 'Quận Nam Từ Liêm', 'Mua bán Đất tại Đường Xuân Phương']","
Chủ cần tiền Bán gấp 72m đất thổ cư thuộc Xuân Phương gần nhà thờ Ngọc Mạch, Nam Từ Liêm Hà Nội.- Diện tích 72m.- Mặt tiền 4,9m.Mảnh đất vuông vắn có thể chia lô xây bán hoặc chia lô xây chung cư mini cho thuê bất động sản dòng tiền.* Vị trí lô đất rất rộng thoáng gần đường lớn Xuân Phương, gần các trường học lớn như cao đẳng FPT, ĐH Đông Á, cao đẳng Việt Mỹ, ĐH Công Nghiệp, Liên cấp quốc tế Penika...- Gần chợ Nhổn, Phương Canh, Chợ đầu mối Minh Khai...Khu vực đông đúc sinh viên.- Di chuyển 5p đến sân vận động Mỹ Đình, rất thuận lợi cho người đi học và đi làm trong trung tâm, đường xá thông thoáng ko bao giờ tắc...- Giá: 49,5 tr/m (Có gia lộc và bao sang tên).---------------Anh chị chủ đầu tư có nhu cầu liên hệ.E Tường: 0986 732 6***xem đất 24/7.Trân trọng kính mời!
",Đất,,,,,,,,,,,, 20/10/2023,17/11/2023,Bán,2583378,,,,Sổ đỏ,
"
Bán nhà xây mới cuối đường Trịnh Văn Bô 33m2*4T. Khu đô thị HUD. Giá 2,4 tỷ. LH: 0986 732 ***
","
2,4
Tỷ ","
33
m2
","['Hà Nội', 'Huyện Hoài Đức', 'Mua bán Nhà riêng tại Đường Vân Canh']","
Bán nhà xây mới cuối đường Trịnh Văn Bô 33m2*4T. Khu đô thị HUD. Giá 2,4 tỷ. LH: 0986 732 ***- Diện tích: 33m².- Mặt tiền: 3,4m.- Nhà xây 4 tầng thiết kế hiện đại nội thất đầy đủ mới đẹp, khung cột bê tông chắc chắn.- Tầng 1 phòng bếp, cầu thang, phòng ăn.- Tầng 2 & 3 mỗi tầng 1 phòng ngủ + 1 WC.- Tầng 4: Phòng ngủ, Phòng thờ, sân phơi rộng rãi thoáng mát.* Nội thất: Cửa chính 2 lớp, tủ bếp gỗ Sồi Nga, thiết bị vệ sinh Inax, hệ thống đèn điện chiếu sáng, trần thạch cao, cửa thông phòng gỗ Lim, cửa sổ cách âm loại nhôm kính. Đầu chờ điều hòa, nóng lạnh, mạng, cáp...Vị trí: Nằm trong KĐT Vân Canh giáp ranh với Phường Xuân Phương, Phường Phương Canh, 200m ra khu đô thị mới HUD Vân Canh đường (3.5) Đường Lê Trọng Tấn Hà Đông kéo dài ra Quốc Lộ 32.- Gần ĐH Công Nghiệp, Trường Liên cấp Quốc tế Penika, FPT, ĐH Đông Á, Chợ đầu mối Minh Khai...- Cách dự án Hateco 0,5km, cách SVĐ Mỹ Đình 3km. Khu dân cư ổn định gần chợ Dân Sinh Vân Canh, trường học mầm non, tiểu học Vân Canh.- Giá 2,4 tỷ (Bao sang tên sổ đỏ). Hỗ trợ trả góp đến 80%.Liên hệ: A Tường 0986 732 *** (zalo) xem nhà 24/7
",Nhà riêng,1.0,1.0,1.0,1.0,1.0,1.0,1.0,1.0,1.0,1.0,, 20/10/2023,17/11/2023,Bán,2583357,1.0,1.0,1.0,Sổ đỏ,
"
🎊Chỉ 2,8 tỷ sở hữu ngay căn chung cư 2 phòng ngủ 72m2 Bắc Từ Liêm
","
2,8
Tỷ ","
72
m2
",['Mua bán Căn hộ chung cư  Khu đô thị Thành phố Giao Lưu'],"
-Chung cưCT1C- Thành Phố Giao Lưu-Diện tích 72m2, tầng 10-hướng Cửa Bắc, ban công hướng Đông Nam-Đầy đủ thiết bị tiện nghi cao cấp-Sổ đỏ lâu dàiLiên hệ: em Huy Địa Ốc Vàng (zalo): 0941028***
",Căn hộ,1.0,1.0,1.0,1.0,1.0,1.0,,1.0,1.0,1.0,1.0, 20/10/2023,17/11/2023,Bán,2583322,1.0,,,Sổ hồng,Bắc
"
Cần tiền bán gấp liền kề mặt phố Phương Canh, DT 33m2*4T. Giá 3,35 tỷ. LH: 0986 732 ***
","
3,35
Tỷ ","
33
m2
","['Hà Nội', 'Quận Nam Từ Liêm', 'Mua bán Căn hộ chung cư tại đường Phương Canh']","
Cần tiền bán gấp liền kề mặt phố Phương Canh, DT 33m2*4T. Giá 3,35 tỷ. LH: 0986 732 ***- Diện tích: 33m².- Mặt tiền: 3,5m.- Nhà xây 4 tầng thiết kế hiện đại nội thất đầy đủ mới đẹp, khung cột bê tông chắc chắn.- Tầng 1 phòng bếp, cầu thang, phòng ăn.- Tầng 2 & 3 mỗi tầng 1 phòng ngủ + 1 WC.- Tầng 4: Phòng ngủ, phòng thờ, sân phơi rộng rãi thoáng mát.* Nội thất: Cửa chính 2 lớp, tủ bếp gỗ Sồi Nga, thiết bị vệ sinh Inax, hệ thống đèn điện chiếu sáng, trần thạch cao, cửa thông phòng gỗ lim, cửa sổ cách âm loại nhôm kính. Đầu chờ điều hòa, nóng lạnh, mạng, cáp...Vị trí: Nằm ngay KĐT Vân Canh giáp ranh với phường Xuân Phương, phường Phương Canh, 200m ra khu đô thị mới HUD Vân Canh đường (3.5) Đường Lê Trọng Tấn Hà Đông kéo dài ra Quốc Lộ 32.- Gần ĐH Công Nghiệp, trường Liên cấp Quốc tế Penika, FPT, ĐH Đông Á, chợ đầu mối Minh Khai...- Cách dự án Hateco 0,5km, cách SVĐ Mỹ Đình 3km. Khu dân cư ổn định gần chợ dân sinh Vân Canh, trường học mầm non, tiểu học Vân Canh.- Giá 3,35 tỷ (bao sang tên sổ đỏ). Hỗ trợ trả góp đến 70%.Liên hệ: A. Tường 0986 732 *** (Zalo) xem nhà 24/7.
",Căn hộ,1.0,1.0,1.0,1.0,1.0,1.0,1.0,1.0,1.0,1.0,, 20/10/2023,17/11/2023,Bán,2583309,1.0,1.0,1.0,Sổ đỏ,
"
Bán mảnh đất 63m2 phố Hoa Lâm - Long Biên giá đầu tư chỉ 60tr/m2
","
3,8
Tỷ ","
63
m2
","['Hà Nội', 'Quận Long Biên', 'Mua bán Nhà riêng tại Phố Việt Hưng']","
Bán mảnh đất 63m2 phố Hoa Lâm - Long Biên  + Vị trí trung tâm,50m ra mặt phố oto tránh đỗ  + Gần ngay trường tiểu học Việt Hưng phố xá đông đúc  +Giá bán chỉ 3.8 tỷ  :0382.353.***
",Nhà riêng,,,,,,,,,,,, 20/10/2023,03/11/2023,Bán,2583007,,,,,
"
Cần Chuyển Nhượng căn nhà Vị Trí Đẹp, thiết kế hiện đại phố Trương Định quận Hoàng Mai, Hà Nội
","
3,5 - 3,65
Tỷ ","
32
m2
","['Hà Nội', 'Quận Hoàng Mai', 'Mua bán Nhà riêng tại Phường Thịnh Liệt']","
Cần Chuyển Nhượng căn nhà Vị Trí Đẹp, cách mặt phố có 40m,  thiết kế hiện đại phố Trương Định quận Hoàng Mai, Hà Nội + Diện tích trên sổ đỏ căn nhà là 32m2 nhà được thiết kế 4 tầng với 4 phòng ngủ đẹp, khách mua chỉ việc xách va ly về ở, ko cần sửa chữa gì thêm.+ Ngõ vào nhà đẹp vô cùng, ô tô đỗ cách nhà 10m, từ nhà ra mặt phố Trương Định chỉ khoảng 40m. Gia đình có công có việc đi lại thuận tiện.+ Nhà ở khu dân trí cao, hàng xóm sống chan hòa tình cảm, tình thương mến thương. Chợ, trường học các cấp ở gần, an sinh đỉnh cao. Kết nối giao thông đến các tuyến phố Lân Cận như GIÁP BÁT – TÂN MAI – GIẢI PHÓNG – KIM ĐỒNG thuận lợi. + Gía bán : 3.65 Tỷ ( vẫn còn thương lượng )+ LH : Mrs Diên Nguyễn 0973897*** ( Chỉ Bán Nhà Thật, Ảnh Thật )
",Nhà riêng,,,,,,,,,,,, 20/10/2023,17/11/2023,Bán,2582933,,,,,
"
Chính chủ cần bán căn hộ 2PN Moonlight 67m2 chỉ từ 1,1x tỷ Full nội thất, nhận nhà 2023
","
3,02
Tỷ ","
67
m2
",['Mua bán Căn hộ chung cư  Moonlight I'],"
Chỉ từ 1,1x tỷ (x tiểu học) sở hữu ngay căn hộ 2PN Moonlight An Lạc 67m, full nội thất nhập khẩu, hỗ trợ vay miễn lãi gốc 2 năm.Liên hệ ngay em Hương để nhận báo giá và bảng hàng mới nhất.--------------------------Thông tin căn hộ:- Căn hộ 2PN, 2WC 67m² Moonlight An Lạc, 2 lô gia thoáng, của hướng Tây Bắc, BC Đông Nam, view công viên thoáng mát.- Bàn giao Full nội thất nhập khẩu: Sàn gỗ, tủ bếp, bếp từ Hafele, thiết bị vệ sinh đầy đủ, điều hòa 2 chiều, của chống cháy 4 chức năng.----------------------------Chính sách ưu đãi cực lớn từ CĐT:- Miễn lãi gốc 2 năm - pháp lý rõ ràng, ký HĐMB trực tiếp CĐT.- Khách hàng thanh toán sớm được chiết khấu 11,5% giá bán căn hộ.- Chỉ cần 30% (1,1 tỷ) giá trị căn hộ ký ngay HĐMB, nhận nhà trước Tết 2024.- Nhận ngay thêm 3 chỉ vàng quà tặng tân gia cho căn hộ 2PN.-------------------------------Vị trí dự án:Sở hữu vị trí đắc địa trên các trục đường lớn đi vào thành phố như: Đường vành đai 3.5, Đại lộ Thăng Long.Chủ đầu tư uy tín: An Lạc Group với hơn 20 năm kinh nghiệm trong phát triển các dự án bất động sản.Tòa Moonlight 1 nằm trong quần thể khu đô thị rộng 75ha với mật độ xây dựng cực thấp chỉ 25,4% đảm bảo cư dân được sống trong một không gian xanh mát như resort.---------------------------Tiện ích dự án:Dự án có tiện ích điểm nhấn là hơn 40 tiện ích dịch vụ - vượt trội, cùng hơn 20 tiện nghi đặc quyền tích hợp trong tòa nhà: Vườn Ánh Trăng trên mái, Fitness ngoài trời, đài phun nước, trường liên cấp Đoàn Thị Điểm, Clubhouse, bể bơi ngoài trời, khu vui chơi và thừa hưởng tiện ích từ các KĐT lớn kề cận.- Được thiết kế bởi đơn vị thiết kế hàng đầu; Site Architecture (Pháp), MLA (Malaysia), Kume (Nhật Bản), CPG (Singapore).Liên hệ ngay em Hương để xem trực tiếp căn hộ.
",Căn hộ,,,,,,,,,,,, 20/10/2023,03/11/2023,Bán,2582913,,,,,
"
Gấp – Bán căn hộ 789 Mỹ Đình 110m, 3 ngủ, 2wc, 2 ban công cực thoáng, nhỉnh 3 tỷ xíu
","
3
Tỷ ","
110
m2
","['Hà Nội', 'Quận Nam Từ Liêm', 'Mua bán Căn hộ chung cư tại đường Mỹ Đình']","
Do chuyển công tác cần bán lại căn hộ siêu đẹp, anh chị cân nhắc xem sớm !Diện tích: 110m2 – Thiết kế đủ công năng sử dụng, 3 ngủ, 2 wc, 2 ban công Giá: 3,2 tỷNhà lô góc, tầng 16 đẹp – Đối diện Trường Học Viện Quân Sự vip nhất khu vực Nam Từ LiêmVị trí: Mỹ Đình, Nam Từ Liêm, Hà NộiXem nhà: 0983 169 *** 
",Căn hộ,,,,,,,,,,,, 20/10/2023,17/11/2023,Bán,2582891,,,,Sổ đỏ,Đông-Nam
"
Chính chủ cần bán căn góc 2 ngủ +1 tầng 9 chung cư B1 Hàm Nghi, KĐT Mỹ Đình 1,Cầu Diễn, Nam Từ Liêm
","
2,8
Tỷ ","
80
m2
","['Hà Nội', 'Quận Nam Từ Liêm', 'Mua bán Căn hộ chung cư tại Đường Hàm Nghi']","
Gia đình em cần bán gấp căn hộ chung căn góc 2 mặt thoáng bên B1 mặt đường Hàm Nghi, diện tích 76.8m² 2N + 1 + 1WC, full đồ (không bao gồm thiết bị điện tử) chỉ xách vali đến ở.- Ban công ĐN - TN rất mát, do căn góc nên các phòng đều có view thoáng cửa sổ ánh sáng đẹp, ngắm pháo hoa sân Vận động Mỹ Đình.- Toàn bộ sàn nhà, tủ bếp là gỗ tự nhiên và nội thất gỗ An cường đóng theo thiết kế.- Hành lang tòa nhà mới được đầu tư sửa chữa mới cao cấp.- Đặc biệt nhà có thêm 1 phòng nhỏ để làm kho hoặc cho giúp việc ở lại ạ.- Nhà cực kỳ có lộc ạ, sổ đỏ chính chủ.- Vị trí mặt đường Hàm Nghi, thuận tiện đi lại, giáp Vinhome Gardenia, chợ Nguyễn Đổng Chi, và cách sân vận động Mỹ Đình hơn 1km, các trường học công và tư nhân xung quanh tòa nhà: Tiểu học, trung học Cầu Diễn, liên cấp Lê Quý Đôn, Lomonoxop, Đoàn Thị Điểm, Vinshool,...Chính chủ c Hương: 0904920***
",Căn hộ,,,,,,,,,,,, 20/10/2023,03/11/2023,Bán,2556628,,,,,
"
Siêu Hot!! Chính chủ bán Căn hộ 60m, 3 ngủ, 2 wc, mới Đối diện Học Viện Ngân Hàng
","
1,65
Tỷ ","
60
m2
","['Hà Nội', 'Quận Đống Đa', 'Mua bán Căn hộ chung cư tại Phố Thái Hà']","
Hiện tại căn hộ đã hoàn thiện chỉ việc xách vali đến ở ngay+ Phố Trung tâm Đống Đa: Thái Hà, Trung Liệt, Đống Đa. Khu phố sầm uất nhất Đống Đa , tiện ích không thiếu một cái gì từ ăn uống, mua sắm, trường học….+ Diện tích: 60m2 – Thiết kế 3 ngủ, 2 wc đẹp lung linhCăn hộ 2 mặt ngõ thoáng, sáng, ban công rộng, có lối thoát hiểm an toànCăn hộ tầng trung đẹp+ Giá 1,7xx( X siêu nhỏ), thương lượng nếu thiện trí+ Căn hộ xây mới+ Có bảo vệ, thang máy siêu tốc+ Ô tô đỗ chân tòa nhà, ngõ vào rộngLiên hệ: 0983 169 ***( miễn phí xem, tư vấn ) 
",Căn hộ,,,,,,,,,,,, 20/10/2023,17/11/2023,Bán,2582789,,,,Sổ đỏ,Đông-Bắc
"
Bán nhà mặt tiền vị trí vàng kinh doanh ô tô tránh nhau
","
11
Tỷ ","
55
m2
","['Hà Nội', 'Quận Hà Đông', 'Mua bán Nhà mặt phố tại Đường Trung Kiên']","
MẶT TIỀN  VỊ TRÍ VÀNG KINH DOANH KHU HÀ ĐÔNGChủ nhà tâm huyết xây dựng ,do ra nước ngoài sinh sống với con cần bán- Diện tích  55m- 5 phòng ngủ ,3 wc_ Ô tô tránh nhau , kinh doanh đỉnh cao_ Sổ đỏ chính chủ_ Khu dân cư đông đúc , hàng xóm thân thiện- Giá 11tỷ có thương lượng_ Liên hệ : 0865586***( Nguyễn Hà )
",Nhà mặt phố,,,,,,,,,,,, 20/10/2023,17/11/2023,Bán,2582771,,,,Sổ hồng,Đông
"
Bán nhà phố Cầu Giấy-52mx4T-MT4m- KD-Gara- nhỉnh 11 tỷ
","
11,3
Tỷ ","
52
m2
","['Hà Nội', 'Quận Cầu Giấy', 'Mua bán Nhà riêng tại Đường Cầu Giấy']","
VÀI BƯỚC RA MẶT PHỐ- NGÕ THÔNG- KINH DOANH ĐỈNH- Ô TÔ QUA, VÀO NHÀ- NHÀ CỰC ĐẸP- SỔ VUÔNG VẮN, NỞ HẬU- GIÁ CHÀO 11.3 TỶ. Nhà mặt ngõ chỉ cách phố Cầu giấy gần 30m, đoạn đẹp nhất ngõ, ô tô 5 tạ đỗ cửa, kinh doanh sầm uất ngày đêm. Vị trí trung tâm chỉ vài phút là kết nối các tuyến phố lớn như Dương Quảng Hàm, Nguyễn Khánh Toàn, Nguyễn Văn Huyên, Hoàng Quốc Việt, Quan Hoa, Chùa Hà..giao thông thuận tiện. Khu vực gần chợ, bệnh viên, trường học các cấp, xung quanh nhiều khu vui chơi ăn uống, tiện ích vô vàn, an sinh cực đỉnh.Nhà thiết kế hiện đại, tối ưu công năng, tầng 1 thông sàn kinh doanh, từ tầng 2 chia mỗi sàn 2 ngủ rộng, cầu thang giữa, ban công lớn, vừa ở vừa hưởng thụ. Chủ tự kinh doanh rất lộc, có nhu cầu chuyển đổi nên thiện chí bán, giá 11.3 tỷ ( có thương lượng). GỌI NGAY Ms Vân 09620164***để đi xem  và gặp trực tiếp chủ nhà. 
",Nhà riêng,,,,,,,,,,,, 20/10/2023,17/11/2023,Bán,2582756,,,,,
