Title,Price,Area,Address,Gen_descrip,Loại hình,Ngày đăng,Ngày hết hạn,Loại tin,ID tin,Tình trạng pháp lý,Bình nóng lạnh,Máy hút mùi,Tủ bếp,Bàn ăn,Kệ TV,Tủ trang trí,Giường ngủ,Bàn phấn,Tủ quần áo,Bồn tắm,Vòi hoa sen,Bồn cầu,Bồn rửa mặt,Bàn ghế P.khách,Hướng nhà
"
Tháng Vu Lan, Ưu đãi cao tại HC golden - căn 102m2 full NT, BC Đông Bắc tầng cao. giá 5.080tr
","
5,08
Tỷ ","
102
m2
",['Mua bán Căn hộ chung cư  HC Golden City'],"
Ngoại giao trực tiếp CĐT căn 3 PN 102m2 tầng cao, view Sông Hồng, cầu Chương Dương giá tốt nhất dự án Hc Golden City.* Chính sách cực ưu đãi trong tháng này:+ Tặng gói nội thất trị giá 280 triệu+ Tặng ngay quà tân gia trị giá 50tr trong tháng này..+ Miễn phí 2 năm phí dịch vụ.* Thông tin căn hộ:+ Căn hộ hướng cửa chính Tây Nam, ban công Đông Nam Đông Bắc thoáng mát.+ Căn hộ diện tích 120 m thiết kế 3 phòng ngủ, 2 vệ sinh, 2 logia. Phòng khách có ban công rộng thoáng với tầm view đắt giá, các phòng đều có cửa sổ to, đón nắng đón gió trực tiếp vào căn hộ.+ Giá căn hộ 5. 080 tr.* Nhận nhà ở ngay.* Bàn giao full nội thất liền tường cao cấp.+ Tủ bếp trên dưới gỗ Gõ Đỏ, thiết bị bếp Hafele, máy lọc nước Kangaroo.+ Tủ âm tường, tủ giày gỗ Gõ đỏ tự nhiên.+ Thiết bị vệ sinh, bồn rửa mặt, vách kính tắm. Vòi sen, nóng lạnh Kohler.+ Sàn gỗ Lim Nam Phi nhập khẩu, cửa chính gỗ chống cháy khóa từ Hafele, cửa phòng gỗ Lim Nam Phi, khóa vân tay.+ Điều hòa âm trần VRV hai chiều lấy gió tươi tự nhiên của Nhật Bản.+ Giàn phơi thông minh, cửa kính chống tia cực tím 3 lớp, giấy dán tường.* Dự án Hc Golden City sở hữu vị trí đắc địa trên tuyến đường dát vàng Hồng Tiến chỉ cách trung tâm phố cổ 1,5 km, Kết nối giao thông cực kỳ thuận tiện.Dự án gồm 2 tòa chung cư cao 25 tầng trong đó có 2 tầng hầm, 2 tầng thương mại với đầy đủ các tiện ích phục vụ cư dân như: Siêu thị, ngân hàng, phòng tập gym, cafe, ăn sáng.Hotline phòng kinh doanh chủ đầu tư: 0912293262***Ms Hằng  (call, zalo, sms) hỗ trợ xem nhà tất cả các ngày trong tuần.
",Căn hộ, 15/08/2023,07/11/2023,Bán,2459939,,,,,,,,,,,,,,,,
"
20m Ra Đường Trần Khát Chân-Ngõ Thông-32m2 x 5Tầng-Giá 4 Tỷ 350
","
4,35
Tỷ ","
32
m2
","['Hà Nội', 'Quận Hai Bà Trưng', 'Mua bán Nhà riêng tại Đường Trần Khát Chân']","
+ Vị trí đẹp, cách mặt đường Trần Khát Chân chỉ 20m, ngay ngã tư Lò Đúc, ngõ thông 2 đầu, trước nhà SH quay đầu thoải mái.+ Xây 5 tầng Khung Cột Bê Tông kiên cố, đầy đủ công năng sử dụng với: 3 phòng ngủ + 4 WC + phòng khách + phòng thờ + sân phơi.+ Sổ đỏ phân lô sẵn sàng giao dịch.+ Liên hệ ngay 036-587-22***để giao dịch chính chủ (miễn trung gian)
",Nhà riêng, 29/09/2023,27/10/2023,Bán,2545994,Sổ đỏ,1.0,1.0,1.0,1.0,1.0,1.0,1.0,1.0,1.0,1.0,1.0,1.0,1.0,1.0,
"
Nhỉnh 2Tỷ_Khu Phân Lô Quận Hai Bà Trưng_4Tầng Mới Đẹp Full Nội Thất_3 Bước Ra ÔTÔ_Ở Sướng
","
2,35
Tỷ ","
18
m2
","['Hà Nội', 'Quận Hai Bà Trưng', 'Mua bán Nhà riêng tại Phố 8/3']","
2Tỷ Hơn Xíu-Lõi Hai Bà Trưng-Phân Lô-10m Ra ÔTÔ-18m2 Sổ Riêng-4Tầng Full Nội Thất Đẹp+ Nhà thuộc khu phân lô Phố 8/3 - Quận Hai Bà Trưng, ÔTÔ dừng đỗ cách nhà 10m, trước nhà SH quoay đầu thoải mái, giao thông đi lại vô cùng thuận tiện, trường học các cấp, chợ dân sinh quanh nhà.+ Nhà mới xây vài năm, hiện đại, Khung Cột Bê Tông kiên cố, đầy đủ công năng sử dụng với Phòng Khách + 2 Ngủ + Phòng Thờ + Sân Phơi, Full nội thất đẹp xinh, xách Vali vào ở luôn.+ Sổ riêng chính chủ, vuông như tờ A4, nở hậu nhẹ, chờ chủ mới.Liên hệ ngay 036-587-22***để giao dịch chính chủ (miễn trung gian)
",Nhà riêng, 08/10/2023,05/11/2023,Bán,2508846,Sổ đỏ,1.0,1.0,1.0,1.0,1.0,1.0,1.0,1.0,1.0,1.0,1.0,1.0,1.0,1.0,
"
Căn Nhà Đẹp Và Yên Bình Trong Lòng Phố Thị-Lô Góc Kiến Trúc Biệt Thự-3 Bước Ra ÔTÔ-Ở Sướng
","
10,5
Tỷ ","
74
m2
","['Hà Nội', 'Quận Hai Bà Trưng', 'Mua bán Nhà riêng tại Đường Trần Khát Chân']","
+ Bán Nhà Phố Trần Khát Chân: DT 74m / 4 Tầng / 6m MT - Giá 10 Tỷ 500 (có thương lượng)+ Cách mặt phố Trần Khát Chân có 40m, Ô TÔ dừng đỗ thoải mái, ngõ thông và rộng (trước nhà rộng 3m), khu vực dân trí cao, sạch đẹp và yên tĩnh, an sinh tuyệt vời.+ Nhà lô góc, xây 4 tầng theo phong cách Biệt Thự Pháp Tân Cổ Điển, có sân vườn, ban công các tầng và nhiều cửa sổ, với 3 phòng ngủ đầy đủ công năng sử dụng, tạo không gian sống lý tưởng, không khí lưu thông, ánh sáng tran hòa.+ Sổ đỏ chính chủ, pháp lý chuẩn, sẵn sàng giao dịch.Gọi ngay 036-587-22***để xem nhà và giao dịch chính chủ (miễn trung gian).
",Nhà riêng, 08/10/2023,05/11/2023,Bán,2562327,Sổ đỏ,1.0,1.0,1.0,1.0,1.0,1.0,1.0,1.0,1.0,1.0,1.0,1.0,1.0,1.0,
"
Tạ Quang Bửu+Đại Cồ Việt_Lô Góc 2Mặt Ngõ ÔTÔ Thông_Mặt Tiền Bề Thế_4Mặt Thoáng_Kinh Doanh_Văn
","
13,5
Tỷ ","
63
m2
","['Hà Nội', 'Quận Hai Bà Trưng', 'Mua bán Nhà riêng tại Phố Tạ Quang Bửu']","
Bán Nhà Đầu Phố TẠ QUANG BỬU: 63m / 3 Tầng / 8m Mặt Tiền - Giá 13 Tỷ 500. (Thương Lượng)+ Vị trí rất đẹp, ngay sau Bộ Giáo Dục Đào Tạo - Đại Học Bách Khoa, ngõ ô tô 7 chỗ thông với Đại Cồ Việt và Bạch Mai, thuận tiện Kinh Doanh hoặc mở Văn Phòng.+ Nhà lô góc 4 mặt thoáng, mặt tiền bề thế, xây 3 tầng rất đẹp, thiết kế 2 khu riêng biệt để vừa ở vừa cho thuê.+ Sổ đỏ cất két sẵn sàng giao dịch.+ Liên hệ ngay 036-587-22***để giao dịch chính chủ (miễn trung gian).
",Nhà riêng, 23/09/2023,21/10/2023,Bán,2534843,Sổ đỏ,1.0,1.0,1.0,1.0,1.0,1.0,1.0,1.0,1.0,1.0,1.0,1.0,1.0,1.0,
"
Nhỉnh 2Tỷ-Nhà 5Tầng Mặt Ngõ Rộng Thông Phố Trần Khát Chân-View Trường Học-Thoáng-Đẹp-Gần Đường
","
2,5
Tỷ ","
20
m2
","['Hà Nội', 'Quận Hai Bà Trưng', 'Mua bán Nhà riêng tại Đường Trần Khát Chân']","
Bán Nhà Mặt Ngõ To, Thẳng 50m Ra Phố Trần Khát Chân: DT20m2 / 5Tầng Giá 2Tỷ5 _ Sổ Riêng Phân Lô _ LH 036-587-2***.* Vị trí rất đẹp, mặt ngõ rộng và thông, cách mặt phố Trần Khát Chân 50m, View Trường Học vô cùng thoáng đẹp, chỉ mất 5~10 phút xe chạy là tới: Phố Cổ, Hồ Hoàn Kiếm, Công Viên LeNin, ĐH Bách_Kinh_Xây, BV Bạch Mai_108_Việt Xô... Tiện ích ngập tràn.* Nhà xây 5 tầng KCBT chắc chắn, mỗi tầng 1 phòng riêng biệt:+ Tầng 1 : Phòng khách + Wc+ Tầng 2: phòng ngủ + wc+ Tầng 3: phòng ngủ + wc+ Tầng 4: phòng ăn + Bếp+ Tầng 5: phòng thờ + sân phơi* Sổ riêng nét căng, pháp lý chuẩn, sẵn sàng giao dịch.* Liên hệ ngay 036-587-22***để giao dịch chính chủ (miễn trung gian).
",Nhà riêng, 12/10/2023,09/11/2023,Bán,2568768,Sổ đỏ,1.0,1.0,1.0,1.0,1.0,1.0,1.0,1.0,1.0,1.0,1.0,1.0,1.0,1.0,
"
Chỉ 6.1Tỷ-Nhà Mới-Lô Góc-Thang Máy-ÔTÔ Đỗ Cửa-20m Ra Mặt Phố-Kinh Doanh
","
6,1
Tỷ ","
40
m2
","['Hà Nội', 'Quận Hoàng Mai', 'Mua bán Nhà riêng tại Đường Tam Trinh']","
BÁN NHÀ PHỐ TAM TRINH (GẦN CHỢ MAI ĐỘNG) DT 40m / 5 TẦNG / MT 4.5m GIÁ 6.1 TỶ* Vị trí đẹp, cách 20m ra mặt đường, gần chợ Mai Động, ô tô đỗ cửa, nhà mới - lô góc - thang máy - nội thất đẹp, ở hay kinh doanh đều tốt.* Thiết kế 5 tầng hiện đại, mỗi tầng một phòng rộng rãi, tổng 3 ngủ đầy đủ công năng.* Sổ đẹp nét căng sẵn sàng giao dịch.Lh 036-587-2*** (miễn trung gian)
",Nhà riêng, 16/10/2023,30/10/2023,Bán,2576697,Sổ đỏ,1.0,1.0,1.0,1.0,1.0,1.0,1.0,1.0,1.0,1.0,1.0,1.0,1.0,1.0,
"
Bán nhà Dòng tiền Chùa Láng-70m2 x 7 Tầng-24 Phòng cho thuê!
","
12,5
Tỷ ","
70
m2
","['Hà Nội', 'Quận Đống Đa', 'Mua bán Nhà riêng tại Phố Chùa Láng']","
GÀ ĐẺ TRỨNG VÀNG- NHÀ XÂY MỚI- 24 PHÒNG CHO THUÊ- 100 TRIỆU/THÁNG! KHU VỰC SIÊU HOT- KHỎI BÀN VỀ ĐỘ HIẾM!  - Xung quanh toàn các trường Đại HỌc danh tiếng- là thiên đường cho thuê,không bao giờ trống phòng. SINH VIÊN CỦA ĐH NGOẠI GIAO-NGOẠI THƯƠNG-LUẬT- HỌC VIỆN THANH THIẾU NIÊN... - Tiện ích không thiếu thứ gì,chợ,siêu thị,nhà hàng... - Nhà xây mới- CÓ THANG MÁY,thiết kế Full đồ...Khách mua chỉ việc vận hành cho thuê lại.. Đầy đủ hệ thống Phòng chữa cháy,giấyp phép xây dựng.. THIẾT KẾ: Tầng 1: Để xe Tầng 2-7: Mỗi tầng 4 Phòng. SỔ ĐỎ CHÍNH CHỦ-PHÁP LÝ CHUẨN. LIÊN HỆ XEM NHÀ VÀ TƯ VẤN: Em Cường 0987970***
",Nhà riêng, 18/10/2023,15/11/2023,Bán,2580428,Sổ đỏ,1.0,1.0,1.0,1.0,1.0,1.0,1.0,1.0,1.0,1.0,1.0,1.0,1.0,1.0,
"
Bán nhà riêng Quận Hà Đông - Hà Nội giá 7.90 Tỷ
","
7,9
Tỷ ","
60
m2
","['Hà Nội', 'Quận Hà Đông', 'Mua bán Nhà riêng tại Đường Kiến Hưng']","
Chính chủ bán nhà 5 tầng trung tâm văn Phú  – Diện tích: 60 m² – Đường trước nhà 5m ,vỉa hè rộng – Hướng tây tứ trạch – Khu vực dân trí cao ,an ninh tốt ,phù hợp vừa ở vửa kinh doanh – Giao thông thuận tiện ,ngõ thông tứ tung, Ví trị thuận lợi di chuyển ra mọi hướng, không kẹt xe, đường thoáng…– tầng 2,3,,4 có 2 phòng ngủ ,WC khép kín , tương lai kinh doanh sầm uất – Giá: 7,9 tỷ có thương lượng – Sổ đỏ chính chủ – Liên hệ: ( Nguyễn Hà )
",Nhà riêng, 18/10/2023,15/11/2023,Bán,2580316,,,,,,,,,,,,,,,,
"
[ Bán Gấp] - Penthouse Iris Garden Mỹ Đình Full nội thất cao cấp thiết kế Duplex Lh 0987106***
","
Thỏa thuận
","
185
m2
",['Mua bán Căn hộ chung cư  Iris Garden'],"
PENTHOUSE - IRIS GARDEN MỸ ĐÌNH  Do chuyển về  Hàn ở, chủ nhà gửi bán căn Penthouse 185m2 Full nội thất làm rất cẩn thận .* Vị trí: Chung cư Iris Garden 30 Trần Hữu Dực Mỹ Đình.*  Căn Góc toà CT3 tầng 24 - 25* Tổng diện tích sàn 185m2: Tầng 1 rộng 103m2, tầng 2 rộng 82 m2.* Căn Penthouse được thiết kế cực đẹp, các phòng đều có ánh sáng và gió tự nhiên có khoảng sân vườn tầng 25. View thoáng..* Tầng 1: Có 2 phòng ngủ, 1 phòng khách, 1 phòng ăn, 2 WC, 3 logia.* Tầng 2: Có 2 phòng ngủ, 2WC + 1 sân vườn rộng.* Nội thất làm rất cẩn thận - tỉ mỹ từng chi tiết ,làm để ở nên  rất đầu tư rất nhiều.* Khu dân cư xanh - sạch - đẹp, an ninh 24/24, mát mẻ, có bể bơi ngoài trời và nhiều cây xanh có đường kính lớn. * Là nơi có vị trí giao thông thuận lợi, cùng nhiều các nhà trường mẫu giáo Trung học uy tín hàng đầu Lê Quý Đôn, Đoàn Thị Điểm...* Có ban công, lô gia, hồ bơi, shophouse, sân vườn, nhà trẻ, Phòng khám ngay chân tòa nhà...* Đặc biệt cam kết cho 1 slot oto cho chủ nhà.- HDMB ký chuyển nhượng - Giá tốt thiện chí cho khách mua nhà. Liên hệ tôi để xem nhà. 0987 106 *** Trân trọng !!!!!!!!!
",Căn hộ, 06/10/2023,03/11/2023,Bán,2468719,Sổ hồng,1.0,1.0,1.0,1.0,1.0,1.0,1.0,1.0,1.0,1.0,1.0,1.0,1.0,1.0,Tây-Bắc
"
Bán nhà mặt phố Phạm Văn Đồng - Hà Nội giá 7.90 Tỷ
","
7,9
Tỷ ","
32
m2
","['Hà Nội', 'Mua bán Nhà mặt phố tại Quận Bắc Từ Liêm']","
SIÊU PHẨM CHƯA TỚI 8 TỶ MPÔ TÔ VÀO NHÀ , VỈA HÈ 6M MẶT PHỐ , HÀNG HIẾM CÓ KHÓ TÌM KINH DOANHDT: 32m2 x 5 tầng. Mặt tiền: 6,3m+ Nhà 5 tầng dân xây cực kỳ chắc chắn chắn , tâm huyết+ Khu vực an ninh cực tốt ,hàng hiếm ít nhà bán +KINH DOANH sầm uất ngày đêm , sát Bộ Công an và Trần Cung+ Sổ 32m nhưng xây tầng 2 là 36m , cực kỳ rộng Thiết kế + tầng 1 ,2 3 4: thông sàn kinh doanh+ Tầng 5 : Bếp sân phơi Sổ vuông , chính chủSổ đỏ chính chủGiá: 7,9 tỷLH Ms Thu: 0986.629.***
",Nhà mặt phố, 18/10/2023,15/11/2023,Bán,2580002,Sổ đỏ,1.0,1.0,1.0,1.0,,,,,,1.0,1.0,1.0,1.0,,
"
Cần bán gấp nhà Tôn Đức Thắng 34m2, 4 tầng, mặt tiền rộng, gần phố, giá nhỉnh 3 tỷ
","
3,4 - 3,5
Tỷ ","
34
m2
","['Hà Nội', 'Mua bán Nhà riêng tại Quận Đống Đa']","
- Nhà rất gần phố, 10m ra đường ô tô, tiện ích ngập tràn không thiếu thứ gì- Thiết kế: 34m2 x 4 tầng, tổng 5 phòng ngủ, nhà xây khung cột chắc chắn, hiện đang cho sinh viên thuê- Sổ đỏ cất két, sẵn sàng giao dịch ngay- Giá: Nhỉnh 3 tỷ có thương lượng (Miễn trung gian) Liên hệ Ms.Hương: 096.146.7***
",Nhà riêng, 18/10/2023,15/11/2023,Bán,2579891,Sổ đỏ,,,,,,,,,,,,,,,
"
Cần bán căn 85,5m2 giá 4,2 tỷ CC cao cấp vị trí đường Lê Văn Thiêm trung tâm quận Thanh Xuân.
","
4,2
Tỷ ","
85,5
m2
",['Mua bán Căn hộ chung cư  Thanh Xuân Complex - Hapulico 24T3'],"
Tôi cần bán căn 2 ngủ, 2 vệ sinh 85,5m2 chung cư cao cấp vị trí đường Lê Văn Thiêm trung tâm quận Thanh Xuân giao thông thuận tiện di chuyển.-Căn hộ hướng tây tứ trạch-Nội thất đầy đủ, ban công thoáng mát.-Sổ đỏ chính chủ, sẵn sang giao dich.Giá: 4,2 tỷ (có thương lượng).Liên hệ: 0986555*** (xem nhà).
",Căn hộ, 18/10/2023,15/11/2023,Bán,2579717,Sổ đỏ,,,,,,,,,,,,,,,
"
Qũy căn bán cắt lỗ từ 200 đến 600 triệu tại Vinhomes Ocean Park mới nhất tháng 10/2023
","
990
Triệu ","
31,2
m2
",['Mua bán Căn hộ chung cư  Vinhomes Ocean Park'],"
Quỹ căn hộ 1 - 3 ngủ giá cắt lỗ Vinhomes Ocean Park Gia Lâm. - Studio DT: 28m thông thủy - 31m tim tường - Nguyên bản CĐT - Giá 990 triệu- Studio DT: 36m thông thủy - 39m tim tường - Nguyên bản CĐT - Giá 1.05 tỷ - 1 ngủ + DT: 43m thông thủy - 46m tim tường - Nhà nguyên bản có điều hòa - Giá 1,4 tỷ.- 1 ngủ + DT: 43m thông thủy - 46m tim tường - Full nội thất - Giá 1,4x tỷ. - 2 ngủ 1wc DT: 55m thông thủy - 60m tim tường - Nhà nguyên bản có điều hòa - Giá 1,6x tỷ.- 2 ngủ 1WC DT: 55m thông thủy - 60m tim tường Nhà full nội thất 150 triệu - Giá 1,7x tỷ. - 2 ngủ 2WC DT: 63m thông thủy - 69m tim tường - Đồ cơ bản - Giá 1.8x tỷ.- 2 ngủ 2WC + 1 góc DT: 64m thông thủy - 70m tim tường - Ban công ĐN - Giá 2.x tỷ.(căn góc) - 3 ngủ 2WC DT: 75m thông thủy - 80m tim tường  - Full đồ - Giá 2.xx tỷ. (căn góc)- 3 ngủ 2WC + DT: 98m thông thủy - 107m tim tường - Nhà nguyên bản - Giá 3,xx tỷ. (căn góc)  - Chia sẻ chính xác mọi thông tin về sản phẩm (pháp lý rõ ràng, minh bạch).- Làm việc trực tiếp với chủ nhà, xem nhà 24/7 miễn phí.- Hỗ trợ khách hàng tư vấn thủ tục chuyển nhượng, kết hợp với đơn vị ngân hàng với lãi suất ưu đãi đối với khách hàng mua trả góp, hỗ trợ vay tối đa 70% giá trị căn hộ- Liên hệ em: Phương Nhung 09663303***ĐỂ DC TƯ VẤN VÀ HỖ TRỢ.
",Căn hộ, 18/10/2023,01/11/2023,Bán,2579672,Sổ đỏ,1.0,1.0,1.0,1.0,1.0,1.0,1.0,1.0,1.0,1.0,1.0,1.0,1.0,1.0,Đông-Bắc
"
Chính Chủ Cần Bán Gấp Căn 2PN Toà Bea Sky Nguyễn Xiển
","
3,45 - 3,5
Tỷ ","
79
m2
",['Mua bán Căn hộ chung cư  Bea Sky'],"
Chính Chủ Cần Bán Gấp Căn 2PN Toà Bea Sky Nguyễn Xiển ✔Diện tích: 78,23 m2 - Căn góc✔Hướng BC: TB-TN✔Tầng trung ✔View: khu đô thị ✔Căn hộ 2PN, 2VS, 1 Khách, 1 Bếp ✔Nội thất bàn giao: Liền tường✔HĐMB✔Giá: 3,5 tỷ (bao sang tên )Liên hệ xem nhà : 𝟎𝟗𝟔𝟒𝟑𝟔𝟖𝟐𝟗𝟔 
",Căn hộ, 18/10/2023,15/11/2023,Bán,2579670,Sổ hồng,1.0,1.0,1.0,1.0,1.0,1.0,1.0,1.0,1.0,1.0,1.0,1.0,1.0,1.0,Đông-Bắc
"
Căn hoa hậu 3PN, 4 ban công view hồ Sài Đồng và bể bơi ngoài trời ở Le Grand Jardin, giá 42tr/m2
","
4,4
Tỷ ","
106
m2
",['Mua bán Căn hộ chung cư  Le Grand Jardin Sài Đồng'],"
Căn góc 3PN, diện tích sử dụng 106m2Thiết kế căn góc 2 mặt thoáng, 4 ban công với tầm view rộngView Hồ Sài đồng, view bể bơi resort ngoài trời Bàn giao có nội thấtThuộc tòa L2- tòa vip nhất của dự án đối diện ngay hồ Sài Đồng thoáng mát *Chính sách ưu đãi khi mua căn hộ - Miễn phí dịch vụ 15 tháng- Tặng voucher nội thất 100trđ( trừ vào giá bán căn hộ- Chiết khấu lên tới 8.5%GTCH- Tặng 2 chỉ vàng( dành cho khách hàng đặt mua trong sự kiện mở bán)- Giá từ 42tr/m2 * Tiện ích nổi bật.- Hưởng trọn tiện ích đẳng cấp của Vinhomes Riverside kế bên.- Cận kề Vinschool, The Harmony, Hệ thống trường liên cấp quốc tế Wellspring, trường chuẩn chất lượng cao, Bệnh viện quốc tế Tâm Anh, Khu liên hiệp thể thao, sân Golf Long Biên.- Chỉ 5 phút đến Aeon Mall Long Biên, Vincom Long Biên, Times City Savico Megamall.- Chỉ 15 phút di chuyển vào trung tâm thành phố, Hồ Hoàn Kiếm, Phố Cổ.- Sảnh, trung tâm thương mại với đầy đủ tiện ích: Siêu thị, coffee, văn phòng.- Phòng tập gym, spa, yoga cao cấp, bể bơi thiết kế thao phong cách resort đẳng cấp. *Liên hệ xem căn hộ thực tế và tham quan dự án: Mrs Nga- 0865831***
",Căn hộ, 18/10/2023,01/11/2023,Bán,2579642,Sổ hồng,,,,,,,,,,,,,,,Đông-Bắc
"
Bán nhà Bùi Xương Trạch. 45m, 4 tầng, 4 ngủ, ngõ ô tô, 4.2 tỷ
","
4,2
Tỷ ","
45
m2
","['Hà Nội', 'Quận Thanh Xuân', 'Mua bán Nhà riêng tại Đường Bùi Xương Trạch']","
 THANH XUÂN – NHÀ MỚI 45M, 5 TẦNG – Ô TÔ ĐỖ CỬA –  CHỈ 4.2 TỶ+ Vị trí cực đẹp ngõ ô tô 5 tạ vào đến cửa, thông thoáng, + Nhà 4 tầng đẹp long lanh, nội thất xịn, tổng 4 phòng ngủ thoáng trước sau phòng nào cũng có cửa sổ tràn ngập ánh sánh.  + Sổ chính chủ. 
",Nhà riêng, 18/10/2023,15/11/2023,Bán,2579690,Sổ đỏ,1.0,1.0,1.0,1.0,1.0,1.0,1.0,1.0,1.0,1.0,1.0,1.0,1.0,1.0,
"
Chính chủ rao bán căn hộ Vinhomes Metropolis Liễu Gia M2 Tầng 23 view đẹp
","
7,2
Tỷ ","
69,04
m2
",['Mua bán Căn hộ chung cư  Vinhomes Metropolis'],"
Diện tích tim tường: 76,41 m2Diện tích thông thủy: 69,04 m2Giá 7,2 tỷ Chính chủ rao bánGia đình chuyển nhà nên cần bán gấp.Đã cải tạo còn 1 Phòng ngủ, 1 Phòng vệ sinh, 1 Khách bếp. Có thể sửa lại thành 2 phòng ngủ nếu có nhu cầu.Có slot ô tô.Gia đình làm thiết kế và thi công nội thất và cải tạo lại để ở nên sử dụng vật liệu và thiết bị cao cấp: Sàn gỗ thịt, gạch ốp, thiết bị đèn, vệ sinh cao cấp. Có thể để lại nội thất liền tường và 1 số đồ nội thất cơ bản.
",Căn hộ, 18/10/2023,15/11/2023,Bán,2579597,,,,,,,,,,,,,,,,
