Title,Price,Area,Address,Gen_descrip,Loại hình,Ngày đăng,Ngày hết hạn,Loại tin,ID tin,Tình trạng pháp lý,Hướng nhà
"
Nhà liền kề Đa Sỹ- Kiến Hưng, giáp Văn Phú, 10, 2 tỷ / 60m/thang máy, ở/ kinh doanh
","
10,2
Tỷ ","
60
m2
","['Hà Nội', 'Quận Hà Đông', 'Mua bán Nhà riêng tại Đường Đa Sỹ']","
cần bán nhanh căn nhà liền kề tại Đa Sỹ - Phường Kiến Hưng quận Hà ĐÔng, giáp Văn Phú - Nhà đẹp - Giao thông thuận tiện liên kết các trục giao thông Hà Trì- Cầu Đơ, Quang Trung, Trục đường xenco 5, metro Hà Đông, trường học các cấp đầy đủ cả, CHợ Hà Đông 3 phút - Diện tích 60m2 sổ đỏ vuông đẹp - Giá bán 10,2 tỷ có giảm cho khách thiện chí nhiệt tình mua - thiết kế: 6 tầng 1 hầm có thang máy đi lại rất thuận tiện cho tất cả các thành viên trong gia đình - Nhà được chủ xây dựng tâm huyết, cẩn thận - sổ trong két sẵn sàng giao dịch Liên hệ để được tư vấn và xem nhà trực tiếp. em Liễu 0399 770 ***
",Nhà riêng, 18/10/2023,01/11/2023,Bán,2579616,,
"
Bán nhà 120m2 Đức giang, 4 tầng, ngõ oto, giá 3,4 tỷ
","
3,4
Tỷ ","
120
m2
","['Hà Nội', 'Quận Long Biên', 'Mua bán Nhà riêng tại Đường Đức Giang']","
Chính chủ cần bán nhà 40m2, 4 tầng, 4 phòng ngủ, 2 vệ sinh, 1 phòng khách, 1 phòng bếp, 1 khoảng sân phơi. ngõ oto 7 chổ, ngõ đối diện chung cư cao cấp, cách phố đức giang 50m. Đầy đủ tiện ích. 
",Nhà riêng, 18/10/2023,15/11/2023,Bán,2579393,,
"
Bán 85m2 đất đặng xá, đường oto tránh giá 39tr/m2
","
39
Triệu ","
85
m2
","['Hà Nội', 'Huyện Gia Lâm', 'Mua bán Đất tại Xã Đặng Xá']","
Chính chủ cần bán 85 m2 đất thôn Kim âu xã đặng xá. ngõ oto tránh nhau. giá 39tr/m2. bên cạnh chợ kim âu, cách 200m ra khu đô thị đặng xá, đầy đủ tiện ích. Lh; 0984461***
",Đất, 18/10/2023,15/11/2023,Bán,2579380,,
"
Tặng ngay quà Nội thất lên đến 100 triệu khi mua căn hộ Le Grand Jardin Sài Đồng trong T10
","
3,51
Tỷ ","
77
m2
",['Mua bán Căn hộ chung cư  Le Grand Jardin Sài Đồng'],"
Trực tiếp chủ đầu mở bán căn 2PN  - 3N  dự án Le Grand Jardin.+ Diện tích từ 76m².+ Hướng ban công Đông Nam view trung tâm thương mại.+ Giá bán căn chưa chiết khấu: 3.5 tỷ (đã bao gồm VAT + Kinh phí bảo trì).+ Được hỗ trợ vay 70% giá trị căn hộ lãi suất 0% trong 12 tháng, miễn trả nợ gốc 12 tháng.+ Miễn phí dịch vụ 18 tháng.+ Hỗ trợ 0% lãi suất 15 tháng cho 70% GTCH.+ Chiết khấu 8.5% + Khách hàng mua từ 2 căn trở lên chiết khấu thêm 1% GTCH.+ Miễn phí dịch vụ 15 tháng.+ Tặng voucher nội thất nâng cấp trị giá lên đến 100tr (có thể quy ra tiền trừ vào giá bán căn hộ).
",Căn hộ, 18/10/2023,15/11/2023,Bán,2579285,Sổ hồng,Đông-Nam
