Title,Price,Area,Address,Gen_descrip,Loại hình,Ngày đăng,Ngày hết hạn,Loại tin,ID tin,Tình trạng pháp lý,Bình nóng lạnh,Máy hút mùi,Tủ bếp,Bàn ăn,Kệ TV,Tủ trang trí,Giường ngủ,Bàn phấn,Tủ quần áo,Bồn tắm,Vòi hoa sen,Bồn cầu,Bồn rửa mặt,Bàn ghế P.khách,Hướng nhà,Số phòng ngủ,Hướng ban công,Số tầng,Căn góc
"
Bán Gấp Trong Tuần Văn Phòng 5 Tầng – Thang Máy - Có Hầm - Rẻ Nhất - Mặt Tiền 11m Lh:0922630***
","
19,9
Tỷ ","
101
m2
",['Bán Nhà phố thương mại Shophouse  Khu đô thị mới Văn Phú'],"
BÁN GẤP TRONG TUẦN VĂN PHÒNG 5 TẦNG – THANG MÁY - CÓ HẦM - RẺ NHẤT - MẶT TIỀN 11M LH:0922630***Thông số chi tiết nhà:Tòa văn phòng VIP nhất khu đô thị.Diện tích: 100.5m2Mặt tiền: 10.8mSố tầng: 4 tầng nổi + 1 tầng hầm.Chủ nhà bán giá chỉ nhỉnh 19 tỷ có thương lượng rẻ nhất khu vực!Mô tả:NHÀ MẶT PHỐ LỚN TRUNG TÂM KHU ĐÔ THỊ MẶT ĐƯỜNG TO 5 Ô TÔ TRÁNH.- Vị trí nhà đẹp nhất khu đô thị, Cạnh ngay nhà ga tàu điện trên cao, Ngay ngã tư Quang Trung – Lê Trọng Tấn.Vỉa hề cây xanh, thuận tiện làm văn phòng, kinh doanh đa dạng các loại mặt hàng.+ Pháp lý: SỔ ĐỎ NÉT CĂNG chính chủ sẵn sàng giao dịch.Liên hệ: Em Giang 09226306***để xem và gặp trực tiếp chủ nhà.Liên hệ Em Giang – Chuyên bán Nhà Phố Hà Nội để lựa chọn căn nhà đẹp nhất với giá tốt nhất thị trường.( Có nhận ký gửi của khách hàng có nhu cầu chuyển nhượng)Cảm ơn quý khách đã đọc tin!
",Nhà phố thương mại Shophouse, 17/11/2023,15/12/2023,Bán,2635832,,,,,,,,,,,,,,,,,,,,
"
5,x Tỷ sở hữu căn 3PN – 141M2 Góc đẹp nhất dự án Goldmark City LH:0922630***
","
5,55
Tỷ ","
141
m2
",['Mua bán Căn hộ chung cư  Goldmark City'],"
5,x Tỷ sở hữu căn 3PN – 141M2 Góc đẹp nhất dự án Goldmark City LH:0922630***Với giá 5,X tỷ bạn sẽ sở hữu căn hộ 4PN tại Goldmark city.- Gần ngay công viên, sân vận động Mỹ Đình và có 2 hầm để xe không lo chỗ để ô tô.- Xung quanh đầy đủ các trường mầm non, tiểu học, THCS, THPT.Thông số chi tiết:- Diện tích tim tường 141m²; Diện tích thông thủy 135m2!- Thiết kê 3PN + 2WC + 1 phòng khách + 1 phòng bếp + 2 Logia- Ban công thoáng mát, view thoáng đẹp.- Nhà thiết kế Full nội thất cao cấp khách hàng sẵn sách villa vào ở.Với vị trí đắc địa, không gian sống thoáng mát và tiện ích đầy đủ, có cả bể bơi và khuôn viên nội khu, đây là cơ hội tuyệt vời để bạn sở hữu một ngôi nhà ấm cúng, tiện nghi và đầy đủ tiện ích.Liên hệ Em Đức Giang 0922 630 6***để lựa chọn căn nhà đẹp nhất với giá tốt nhất thị trường. (Có nhận ký gửi của khách hàng có nhu cầu chuyển nhượng).Cảm ơn khách hàng đã đọc tin!
",Căn hộ, 17/11/2023,15/12/2023,Bán,2635740,,,,,,,,,,,,,,,,,,,,
"
6,x Tỷ sở hữu căn 4PN – 161M2 Góc đẹp nhất dự án Goldmark City LH:0922630***
","
6,15
Tỷ ","
168
m2
",['Mua bán Căn hộ chung cư  Goldmark City'],"
6,x Tỷ sở hữu căn 4PN – 161M2 Góc đẹp nhất dự án Goldmark City LH:0922630***Với giá 6,X tỷ bạn sẽ sở hữu căn hộ 4PN tại Goldmark city.- Gần ngay công viên, sân vận động Mỹ Đình và có 2 hầm để xe không lo chỗ để ô tô.- Xung quanh đầy đủ các trường mầm non, tiểu học, THCS, THPT.Thông số chi tiết:- Diện tích tim tường 169m²; Diện tích thông thủy 161m2!- Thiết kê 4PN + 3WC + 1 phòng khách + 1 phòng bếp + 2 Logia- Ban công thoáng mát, view thoáng đẹp.- Nhà thiết kế Full nội thất cao cấp khách hàng sẵn sách villa vào ở.Với vị trí đắc địa, không gian sống thoáng mát và tiện ích đầy đủ, có cả bể bơi và khuôn viên nội khu, đây là cơ hội tuyệt vời để bạn sở hữu một ngôi nhà ấm cúng, tiện nghi và đầy đủ tiện ích.Liên hệ Em Đức Giang 0922 630 6***để lựa chọn căn nhà đẹp nhất với giá tốt nhất thị trường. (Có nhận ký gửi của khách hàng có nhu cầu chuyển nhượng).Cảm ơn khách hàng đã đọc tin!
",Căn hộ, 17/11/2023,15/12/2023,Bán,2635727,,,,,,,,,,,,,,,,,,,,
"
5,x Tỷ sở hữu căn 4PN – 161M2 Góc đẹp nhất dự án Goldmark City LH:0922630***
","
5,9
Tỷ ","
161
m2
",['Mua bán Căn hộ chung cư  Goldmark City'],"
5,x Tỷ sở hữu căn 4PN – 161M2 Góc đẹp nhất dự án Goldmark City LH:0922630***Với giá 5,X tỷ bạn sẽ sở hữu căn hộ 4PN tại Goldmark city.- Gần ngay công viên, sân vận động Mỹ Đình và có 2 hầm để xe không lo chỗ để ô tô.- Xung quanh đầy đủ các trường mầm non, tiểu học, THCS, THPT.Thông số chi tiết:- Diện tích tim tường 161m²; Diện tích thông thủy 152m2!- Thiết kê 4PN + 3WC + 1 phòng khách + 1 phòng bếp- Ban công thoáng mát, view thoáng đẹp.- Nhà thiết kế Full nội thất cao cấp khách hàng sẵn sách villa vào ở.Với vị trí đắc địa, không gian sống thoáng mát và tiện ích đầy đủ, có cả bể bơi và khuôn viên nội khu, đây là cơ hội tuyệt vời để bạn sở hữu một ngôi nhà ấm cúng, tiện nghi và đầy đủ tiện ích.Liên hệ Em Đức Giang 0922 630 6***để lựa chọn căn nhà đẹp nhất với giá tốt nhất thị trường. (Có nhận ký gửi của khách hàng có nhu cầu chuyển nhượng).Cảm ơn khách hàng đã đọc tin!
",Căn hộ, 17/11/2023,15/12/2023,Bán,2635724,,,,,,,,,,,,,,,,,,,,
"
Nhà Đẹp Như KS 5 Sao, Quận Thanh Xuân, 1 Nhà Ra Phố, Tặng Full Nội Thất, Giá 4.86 Tỷ
","
4,86
Tỷ ","
40
m2
","['Hà Nội', 'Quận Thanh Xuân', 'Bán Nhà riêng tại Đường Khương Trung']","
Diện tích 36/40, mặt tiền 12m, xây dựng 4 tầng giá 4.86 tỷ (có thương lượng)+ Vị trí: -Trung tâm Quận Thanh Xuân vài mét ra Hồ Đầm Hồng.-Nhà cách mặt phố ô tô đỗ ngày đêm 5M. -Xung quanh ngập tràn tiện ích, bán kính 100M đầy đủ tiện ích Hồ Điều Hoà, trường học cấp 1 cấp 2 mầm non chợ lớn....+ Thiết kế:Tầng 1: Phòng khách + bếp.Tầng 2+3: 02 phòng ngủ + wc.Tầng 4: phòng thờ + khu giặt + sân phơi.Sổ đỏ chính chủ đẹp.Liên hệ hỗ trợ: Thành Trung – Chuyên nhà đẹp quận Thanh Xuân, Đống Đa
",Nhà riêng, 17/11/2023,15/12/2023,Bán,2635720,Sổ đỏ,1.0,1.0,1.0,1.0,1.0,1.0,1.0,1.0,1.0,1.0,1.0,1.0,1.0,1.0,,,,,
"
(Giá yêu thương) Căn 3 ngủ 130m2, chỉ 28tr/m2 nội thất 1,2 tỷ (30%) bàn giao nhà ngay
","
3,5
Triệu ","
130
m2
",['Mua bán Căn hộ chung cư  Hồ Gươm Plaza'],"
Cần bán nhanh căn 3PN Hồ Gươm Plaza trung tâm Hà Đông, ngã tư Trần Phú - Vũ Trọng Khánh.Diện tích 130m² (3PN - 2WC - 2 ban công).Trung tâm hành chính của Hà Đông, thuận tiện đi lại giữa các vành đai và di chuyển thuận tiện trong lòng Hà Nội. Ga đường sắt trên cao cách 100m. Bể bơi nước mặn bốn mùa được chăm sóc tỉ mỉ, khu tập gym tiêu chuẩn 5 sao nằm tại tầng 5 tòa nhà, full tiện ích và đầy đủ công năng.Chỉ 28 triệu/m² tặng điều hòa, tủ bếp, bình nước nóng, chậu rửa bát, thiết bị vs, sen tắm, cửa gỗ,...Đóng chỉ 1,2 tỷ (30%) nhận nhà ở ngay.Miễn lãi trong 3 năm, Cam kết có slot để Ô Tô.Bank hỗ trợ. LS 0% trong 18 tháng nếu cần ạ.Liên hệ em xem thực tế 0923449***Miễn TG.
",Căn hộ, 17/11/2023,15/12/2023,Bán,2635716,Sổ đỏ,1.0,,,,,1.0,,,1.0,1.0,1.0,1.0,1.0,,Tây-Nam,,,,
"
Cập nhật: Bán căn 1PN, 2PN và 3PN Giá tốt tại Vinhomes Ocean Park Gia lâm
","
1,68
Tỷ ","
69
m2
",['Mua bán Căn hộ chung cư  Vinhomes Ocean Park'],"
CẬP NHẬT QUỸ CĂN CHUNG CƯ: TẦNG ĐẸP, VIEW ĐẸP, GIÁ TỐT TẠI VINHOMES OCEAN PARK GIA LÂMQuý khách hàng quan tâm, Xin liên hệ:Hotline: 0392.688.***--------------------------------+ Căn Studio tầng cao, tòa S2.11, ban công Đông Nam, View đẹp, Full đồ nội thất. Giá 980 triệu.....+ Căn 1 Phòng ngủ đa năng, tòa S1.05, ban công Đông bắc, View nhìn nội khu rất đẹp, đầy đủ tiện nghi, nội thất, còn mới nguyên, vào ở ngay. Giá 1,4 tỷ.....+ Căn 2 Phòng ngủ 1 vệ sinh tòa S1.12, ban công Đông Nam, View nhìn hồ Hoa súng, nội thất đầy đủ tiện nghi. Giá bán 1,680 tỷ.....+ Căn 2 Phòng ngủ 2 vệ sinh tòa S2.02, tầng đẹp, ban công Tây Nam, View rộng thoáng, có nội thất, còn mới nguyên, chưa ở. Giá 1,95 tỷ.....+ Căn 3 Phòng ngủ 2 vệ sinh tòa S1.06, ban công Đông Nam, view nhìn thoáng, có nội thất cơ bản, bàn giao nhà ngay. Giá 2,45 tỷ
",Căn hộ, 17/11/2023,15/12/2023,Bán,1912208,Sổ đỏ,1.0,1.0,1.0,1.0,1.0,1.0,1.0,1.0,1.0,1.0,1.0,1.0,1.0,1.0,Đông-Nam,2,Đông-Nam,5,Không
"
Cần bán 2PN 2WC diện tích 72m2 tại Phương Đông Greenhomes. Giá chỉ 2,55 tỷ. Nhận nhà ở ngay.
","
2,55
Tỷ ","
72
m2
",['Mua bán Căn hộ chung cư  Phương Đông Green Home (CT8C Việt Hưng)'],"
Quỹ căn chuyển nhượng Phương đông Green homes, bao toàn bộ phí sang tên, giá tốt nhất thị trường, chỉ từ 32tr/m2+ Căn hộ 2PN 2WC diện tích 72m2, bc đông bắc, giá 2,550tr+ Căn góc 3PN view hồ kim quan, diện tích 75.6m2, giá 2.750tr+ Căn góc 3PN, bc đông nam view hồ, diện tích 90m2, giá 3.4tr- Thiết kế phong cách Bắc Âu hiện đại, rất khoa học, tận dụng tối ưu không gian từng m cho gia chủ.- Ban công phong cách panorama toàn cảnh, kéo dài từ phòng khách sang phòng ngủ, đón ánh sáng và không khí trong lành cho toàn bộ ngôi nhà, đón tài lộc cho gia chủ.- Phòng bếp được thiết kế ngay vị trí cửa vào, thuận tiện cho việc đi lại và nấu ăn, giúp tăng thời gian tương tác giữa các thành viên trong gia đình.- Các phòng VS được thiết kế riêng biệt, phù hợp với cả gia đình có đông thành viên.- Là căn ngoại giao được giữ lại từ đầu, tầng trung rất đẹp, giá đang cực hấp dẫn 2,76 tỷ đồng (đã gồm VAT).Liên hệ  0912293262***Mrs Hằng-------------------------------------------* Thông tin thêm về dự án và tiện ích.- Thời gian khởi công: Tháng 6 2021.- Thời gian bàn : Tháng 11- 2023.- Dự án bao gồm nhiều căn hộ có diện tích đa dạng từ 45m, 66m, 71m, 75m, 80m và 105m, thiết kế từ 1 ngủ + 1, 2 ngủ, 2 ngủ + 1 đến 3 phòng ngủ.- Tổng dự án cao 15 tầng nổi + 2 tầng hầm để xe, đáp ứng nhu cầu gửi xe của toàn bộ cư dân. Trong đó có 2 tầng thương mại shophouse chân đế và 13 tầng để ở x 14 căn hộ chung cư cao cấp/ tầng.- Số lượng thang máy: 4 thang máy tiêu chuẩn châu Âu.- Bàn giao full nội thất cao cấp liền tường: Sàn gỗ nhập khẩu, trần thạch cao, thiết bị chiếu sáng, thiết bị vệ sinh cao cấp, hệ thống cửa ra vào chống cháy...- 100% căn hộ có ban công thông thoáng, phong cách panorama toàn cảnh, giúp không khí lưu thông trong lành, đón ánh sáng tự nhiên tối đa cho Liên hệ xem thực tế: 0912293262***Mrs Hằng
",Căn hộ, 17/10/2023,12/12/2023,Bán,2370925,,,,,,,,,,,,,,,,,,,,
"
Bán nhanh căn studio tầng trung full đồ tại Vinhomes Ocean park 1,09 tỷ bp
","
1,09
Tỷ ","
31,2
m2
",['Mua bán Căn hộ chung cư  Vinhomes Ocean Park'],"
Bán nhanh căn studio  tầng trung full đồ dự án Vinhomes Ocean Park,Gia Lâm,HN- DT 31,2/28m2  - Full đồ xịn xò như ảnh- Hướng Đông Bắc cực mát,view thoáng- Giá bán chỉ 1,09 tỷ bao phí- Liên hệ e Phương Nhung 09663303***để dc tư vấn và dẫn đi xem căn hộ trực tiếp.
",Căn hộ, 17/11/2023,01/12/2023,Bán,2635709,Sổ hồng,1.0,1.0,1.0,1.0,1.0,1.0,1.0,1.0,1.0,1.0,1.0,1.0,1.0,1.0,Đông-Bắc,,,,
"
Cần tiền, bán gấp Biệt thự San Hô, Cạnh hồ 24,5ha. Giá 20,9 tỷ
","
20,9
Tỷ ","
150
m2
","['liền kề  Vinhomes Ocean Park', 'Mua bán Nhà biệt thự']","
Chính chủ, cần tiền, Chấp nhận bán nhanh căn Biệt thự song lập Phân khu San hô dự án Vinhomes Ocean Park Gia lâm+ Diện tích đất: 150m2 xây dựng 4 tầng, Mặt tiền: 10m, với 3 mặt sân vườn thoáng mát+ Diện tích xây dựng dưới tầng 1 là: 79m2 và tổng diện tích sàn xây dựng rất lớn, lên tới 291m2+ Đường trước nhà rộng, thông, nhà chỉ cách Hồ lớn trung tâm 24,5ha chỉ vài bước chân+ Cạnh nhà là bể bơi, công viên, sân chơi thể thao, TTTM Vincom, vị trí đẹp, đi lại rất thuận tiện+ Cư dân hiện tại đã về ở nhiều và đông vui. Sổ đỏ sở hữu lâu dài vĩnh viễn. Giá bán 20,9 tỷ+ Quý khách hàng quan tâm, cần đi xem nhà và làm việc giá trực tiếp với chủ nhà. Xin liên hệ: 0392.688.***
","Nhà biệt thự, liền kề", 17/11/2023,15/12/2023,Bán,2635664,Sổ đỏ,,,,,,,,,,,,,,,Tây-Nam,,,,
"
Bán căn hộ 2 ngủ dự án Heritage Westlake Tây Hồ - Hà Nội giá 8.50 Tỷ
","
8,5 - 12
Tỷ ","
92
m2
",['Mua bán Căn hộ chung cư  Heritage West Lake'],"
Căn 2 ngủ 92 m2 Bàn giao đầy đủ nội thấtCó thang máy riêng Thương hiệu Asscot vận hành
",Căn hộ, 16/11/2023,30/11/2023,Bán,2634341,Sổ đỏ,1.0,1.0,1.0,,,,,,1.0,1.0,1.0,1.0,1.0,,Tây-Nam,,,,
"
Bán căn hộ Quận Thanh Xuân - Hà Nội giá 8.50 Tỷ
","
8,5
Tỷ ","
160
m2
","['Hà Nội', 'Quận Thanh Xuân', 'Mua bán Căn hộ chung cư tại Đường Lê Văn Lương']","
Căn 4 phòng ngủ 160m2 thiết kế đến 2 phòng ngủ master sở hữu phòng tắm rộng có thể đặt bồn tắm, 2 phòng ngủ nhỏ view sáng, thoángKhu vực phòng khách – bếp rộng đến 40m2 cực phù hợp cho gia đình lớn trong những dịp sum họpCăn hộ thuộc chung cư cao cấp BRG Diamond Residence vừa xây xong sẵn sàng nhận nhà ngay, vị trí trung tâm ngã tư Lê Văn Lương – Hoàng Đạo Thúy, sở hữu 5 tầng hầm và 5 tầng trung tâm thương mại thuận tiện đậu xe và sử dụng dịch vụ thiết yếu cũng như vui chơi giải trí hàng ngàyChủ đầu tư BRG hỗ trợ chính sách vay cực ưu đãi với chương trình vay tối đa 65%, lãi suất 0% và ân hạn nợ gốc tối đa đến 1/7/2024Giá bán: 9.9 tỷ kí hợp đồng trực tiếp chủ đầu tưLiên hệ xem nhà: 0366765*** (em Đạt)
",Căn hộ, 17/11/2023,15/12/2023,Bán,2635776,Sổ đỏ,1.0,1.0,1.0,1.0,1.0,1.0,1.0,,1.0,1.0,1.0,1.0,1.0,,,,,,
"
💕 LÔ GÓC 45m2, MT9.3m, 2 MẶT Ô TÔ, Khu Giải Phóng,Ngã Tư Vọng. Giá chỉ 6.5 tỷ 💕
","
6,5
Tỷ ","
45
m2
","['Hà Nội', 'Quận Thanh Xuân', 'Bán Nhà riêng tại Đường Giải Phóng']","
💕 LÔ GÓC 45m2 x 9m MT, 2 MẶT Ô TÔ, Khu Giải Phóng,NGÃ TƯ VỌNG. Giá chỉ 6.5 tỷ 💕👉 Mô tả:+ Nhà lô góc rất bề thế, 2 mặt đường cực thoáng, ô tô tránh nhau thoải mái, giao thông thuận lợi.+ Diện tích sử dụng 45m2.+ Khu vực lõi Thanh Xuân, sát Ngã Tư Vọng, đầy đủ tiện ích, trường học cấp 1 cấp 2 cấp 3.+ Gần trường đại học Bách Khoa, Kinh Tế, Xây Dựng.+ Nhà 4T diện tích sử dụng 45m2/sàn, nhà xây còn rất mới, thiết kế hợp lý, chủ nhà mới làm lại nội thất năm ngoái.- Tầng 1: Phòng khách + Bếp + WC.- Tầng 2: Phòng sinh hoạt chung + Phòng ngủ + WC.- Tầng 3: 2 Phòng ngủ + WC.- Tầng 4: Phòng thờ + sân phơi📕 Sổ đỏ chính chủ, sẵn sàng giao dịch.                                                                                                                                                           📲 Liên hệ ngay Mr Trung để sở hữu nhà đẹp tại Hà Nội. 
",Nhà riêng, 17/11/2023,15/12/2023,Bán,2635621,Sổ đỏ,,,,,,,,,,,,,,,,,,,
"
Bán suất ngoại giao căn góc 3 ngủ 81,4m2 Đông Nam, view hồ Quận Ủy, Long Biên chỉ 2.9 tỷ
","
2,9
Tỷ ","
81,4
m2
","['Hà Nội', 'Quận Long Biên', 'Mua bán Căn hộ chung cư tại Phường Long Biên']","
* Chính chủ bán lại suất ngoại giao 3 ngủ đẹp nhất Phương Đông Green Home - trung tâm hành chính Long Biên.- Diện tích căn hộ: 81,4 m².- Thiết kế căn hộ 3 phòng ngủ, 2 vệ sinh, 1 ban công, 1 loggia, các đều thông thoáng đón ánh sáng, gió tự nhiên vào căn hộ cho gia chủ.- Phòng bếp được thiết kế ngay vị trí cửa vào, thuận tiện cho việc đi lại và nấu ăn, giúp tăng thời gian tương tác giữa các thành viên trong gia đình.- View tầm nhìn rộng ra hồ Kim Quan, Công viên điều hòa bậc nhất Long Biên.- Bàn giao full nội thất cao cấp liền tường: Sàn gỗ nhập khẩu, trần thạch cao, thiết bị chiếu sáng, thiết bị vệ sinh cao cấp, hệ thống cửa ra vào chống cháy...- Hình thức sở hữu: Số đỏ lâu dài.- Giá: 2,9 tỷ.- Nhận nhà: Tháng 10/2023.-------------------------------------------* Vị trí đắc địa Phương Đông Green Home:- Vị trí đắt giá: Cạnh hồ Kim Quan, UBNB Quận, Bệnh Viện Đức Giang, khu đô thị Việt Hưng, khu đô thị VinHomes. Cách trục đường lớn Ngô Gia Tự - Nguyễn Văn Cừ chỉ 100m.- Không gian xanh, mất độ cư dân thoáng.- Thiết kế linh hoạt từ 2 - 3 phòng ngủ tối ưu công năng phù hợp cho mọi nhu cầu an cư.- Quy hoạch khu đô thị đồng bộ, đang trong quá trình hoàn thiện.- Ngay cạnh trung tâm Aeon Mall Long Biên, Big C. Vui lòng liên hệ hotline: 0378 166 *** (nhận thông tin chi tiết).
",Căn hộ, 15/11/2023,29/11/2023,Bán,2551409,Sổ đỏ,,,,,,,,,,,,,,,Đông-Nam,,,,
"
Nhỉnh 2 tỷ sở hữu căn hộ 2 ngủ full nội thất cao cấp, nhận nhà ở ngay, sổ đỏ
","
2,1
Tỷ ","
64
m2
","['Hà Nội', 'Quận Long Biên', 'Mua bán Căn hộ chung cư tại Đường Long Biên']","
* Thông tin căn hộ:- Căn hộ diện tích 64m², thiết kế 2 phòng ngủ, 2 vệ sinh, 2 ban công, bếp. Thiết kế độc đáo, phá cách tạo cho không gian căn hộ thêm rộng rãi, thoáng đãng.- View nhìn ra bể bơi nội khu dự án, vườn hoa, khu vui chơi trẻ nhỏ rất thoáng và đẹp.- Căn hộ được trang bị đầy đủ nội thất cao cấp nhập khẩu, quý khách hàng chỉ việc mang đồ rời về ở ngay.- Nội thất đã có: Sàn gỗ, trần thạch cao, thiết bị đèn điện, thiết bị vệ sinh, 3 điều hòa, nóng lạnh, tủ bếp trên + dưới, bếp từ, hút mùi.- Dự án đã bàn giao và có cư dân về ở, quý khách hàng mua nhận nhà ở luôn.- Sổ hồng trao tay- Giá 2,1 tỷ * Hotline thăm quan căn hộ thực tế 24/7: Ms Nhung 0378 166 ***(Call, Zalo, SMS). 
",Căn hộ, 14/11/2023,12/12/2023,Bán,2563207,Sổ đỏ,,,,,,,,,,,,,,,Đông-Nam,,,,
"
Vip! Sở hữu biệt thự trên không 120m2 HC Golden City full nội thất cao cấp, chỉ 6,4 tỷ
","
6,5
Tỷ ","
120
m2
",['Mua bán Căn hộ chung cư  HC Golden City'],"
* Thông tin căn hộ:- Thiết kế 3 phòng ngủ các phòng hướng ánh sáng, thoáng mát, view tầng cao với.- Căn góc, 2 ban công, 1 logia, 3 mặt thoáng, ngắm trọn Sông Hồng với 5 cây cầu lớn: Nhật Tân, Thăng Long, Long Biên, Chương Dương, Vĩnh Tuy.- Ban công và Logia thoáng mát, hút lộc khí từ sông Hồng rộng lớn.- Phòng khách lớn, ban công view sông Hồng, thoáng, rộng cho gia chủ cảm giác thật thư thái mỗi khi về nhà.- Phòng ngủ Master sang chảnh với ban công riêng view sông Hồng và phòng tắm cửa kính tràn chân tường, bồn tắm thượng lưu.- Phòng bếp thiết kế sang trọng, góc riêng view toàn sông Hồng.============================* Nội thất bàn giao cao cấp; nhập khẩu:- Điều hòa âm trần Daikin + Hệ thống hút - đẩy gió tươi.- Hệ thống trần âm cách điệu phào Hàn và tường dán, thiết Kế theo phong cách tân cổ điển.- Hệ thống sàn, cửa chính + khóa từ, cửa thông phòng chất liệu gỗ lim và chậm cháy.- Cửa ban công - cửa kính 3 lớp Low - E3, chống tia bức xạ, cực tím, cách âm, cách nhiệt.- Hệ thống tủ bếp, tủ đồ các phòng chất liệu là gỗ Gỗ Thịt.- Full thiết bị phòng bếp NK Đức. Thiết kế quầy bar sang trọng và hiện đại.- Full thiết bị WC đồng bộ NK Thái Lan, thiết bị báo & xử lý cháy NK USA.- Chuông báo khách màn hình Panasonic, đón khách từ sảnh lễ tân.============================* Chính sách ưu đãi cho căn hộ mới nhất:- Miễn phí dịch vụ 2 năm.- Tặng 1 năm tập gym.============================* Hotline CĐT thăm quan căn hộ và phiếu tính giá: Ms. Nhung: 0378 166 ***Call, Sms, Zalo).
",Căn hộ, 15/11/2023,13/12/2023,Bán,2459172,Sổ đỏ,,,,,,,,,,,,,,,Đông-Bắc,,,,
"
Chỉ 5 tỷ sở hữu căn hộ 3 ngủ 102.3m2 full nội thất cao cấp bậc nhất LB, nhận nhà ở ngay, CK 380 tr
","
5
Triệu ","
102,3
m2
","['Hà Nội', 'Quận Long Biên', 'Mua bán Căn hộ chung cư tại Đường Long Biên 1']","
* Thông tin căn hộ:- Căn hộ 102,3m² thông thủy, thiết kế 3 ngủ, 2 vệ sinh.- Ban công trải dài từ phòng khách sang phòng ngủ thoáng mát, ngắm trọn sông Hồng và 5 cây cầu lớn: Nhật Tân, Thăng Long, Long Biên, Chương Dương, Vĩnh Tuy.- Phòng khách lớn sang trọng, thoáng, rộng.- Phòng bếp thiết kế tạo không gian ấm úng cho gia chủ mỗi khi về nhà.- Căn hộ view công viên Bồ Đề và view sông Hồng thơ mộng.- Mật độ thoáng 8 căn/sàn, 4 thang máy.- Nhà mới nguyên bản CĐT, được nhận nhà ở ngay sau khi ký hợp đồng mua bán 10 ngày.- Nhận ưu đãi khủng, thủ tục nhanh gọn, cam kết không phát sinh phí: Lãi suất ưu đãi từ ngân hàng Mbbank, BIDV.- Tiện ích đầy đủ: Gym, spa, siêu thị, trường học liên cấp Wellspring, đại siêu thị Aeon Mall, đa khoa quốc tế Tâm Anh, hệ thống an ninh khép kín 24/7.- Quỹ căn ưu đãi:+ Căn hộ 3N: 82m² chỉ 3,9 tỷ.+ Căn hộ 3N: 87m² chỉ 4,1 tỷ.+ Căn hộ 3N: 102m² 120m²: Chỉ 5,1 tỷ.Hotline trực tiếp phòng kinh doanh của CĐT: 0378.166.*** (Call, Sms, Zalo)-------------------------------------------------------------------------* Nội thất bàn giao cao cấp từ các thương hiệu nổi tiếng:- Cửa chính, cửa thông phòng chất liệu gỗ Lim tự nhiên, chậm cháy, khóa thông minh Hafele 4 chức năng: Vân tay, mã số, thẻ từ, khóa cơ.- Điều hòa âm trần 2 chiều Daikin lấy gió tươi tự nhiên.- Đèn chùm trang trí phòng khách sang trọng.- Chuông báo khách màn hình Panasonic, đón khách từ sảnh lễ tân đảm bảo an ninh tối đa cho quý khách.- Cửa ban công, cửa sổ: Làm bằng kính hộp cường lực lowe. Kính 2 lớp chống ồn và tia uv.- Hệ thống tủ bếp trên và tủ bếp dưới, tủ nội thất: Gỗ tự nhiên ghép thanh.- Thiết bị bếp (bếp từ, máy hút mùi, chậu + vòi rửa): Nhập khẩu Hafele.- Máy lọc nước: Kangaroo.- Thiết bị vệ sinh, bồn rửa mặt, vách kính tắm, vòi sen, nóng lạnh Kohler.- Hệ thống tủ âm tường, tủ giày gỗ đỏ tự nhiên, rèm cửa các phòng. Giàn phơi thông minh, giấy dán tường.---------------------------------------------------------------------------------* Chính sách ưu đãi T10/2023:- Miễn phí dịch vụ 2 năm.- Tặng 1 năm tập gym.- Chiết khấu 380 triệu vào giá bán.--------------------------------------------------------------------------------* Hotline phòng kinh doanh của CĐT: 0378 166 107***Ms Nhung (Call. Zalo. SMS) để thăm quan căn hộ thực tế và tư vấn 24/7.
",Căn hộ, 15/11/2023,13/12/2023,Bán,2602574,Sổ đỏ,,,,,,,,,,,,,,,Đông-Bắc,,,,
"
Nhận nhà ở ngay – nhỉnh 3,3 tỷ/ 3PN 104m full nội thất cao cấp chỉ có tại Bình Minh Garden
","
3,3
Tỷ ","
104
m2
",['Bán Căn hộ chung cư  Sunrise Garden (Bình Minh Garden)'],"
Trực tiếp CĐT  bán căn góc hoa hậu 104m², 3PN, 2WC giá ưu đãi chỉ nhỉnh 3 tỷ, ký trực tiếp với chủ đầu tư, tầng đẹp, view ôm trọn thành phố và sông Đuống thơ mộng Chung cư Bình Minh Garden.- Nhận nhà ở ngay, full nội thất liền tường nhập khẩu.Chính sách vô cùng hấp dẫn :Chiết khấu lên đến 22,3% GTCH bao gồm.+ Tặng voucher giảm giá 2,5%.+ Tặng gói quà tặng nội thất 6,5%.+ Khách hàng không vay 0% được chiết khấu 6,8%.+ Quà tặng tân gia 5%.+ Khách hàng thân thiết tặng 1%.+ Miễn phí 24 tháng phí dịch vụ vận hành & Gym tương đương 1,5%.+ Với khách vay ngân hàng - miễn phí lãi 0% 12 tháng, ân hạn nợ gốc. - Sổ hồng sở hữu lâu dài-Hệ thống phòng cháy chữa cháy theo mô hình mới hiện đại có phòng lánh nạn và hút khói cho từng tầng đã nghiệm thu xong chờ ngày nhận sổ!Liên hệ CĐT để xem nhà và nhận ưu đại đặc biệt: Ms Hiền 0973.087.*** / 0982.195.3***Mr Để  * Tiện ích của chung cư được thiết kế nằm trong quần thể với đầy đủ tiện ích:- Bể bơi thác tràn + vườn ngự uyển trên tầng 25.- Công viên Ánh Dương rộng gần 7.000m nằm ở trung tâm nội khu dự án.- 101 Căn shophouse nhà phố tương ứng với 101 các dịch vụ tiện ích nhà hàng, cafe, khu mua sắm.- Hệ thống gym, yoga Center, spa phục vụ nhu cầu thư giãn làm đẹp và rèn luyện sức khỏe của.Cư dân.- Tòa văn phòng + thương mại 7 tầng, rạp chiếu phim, nhà trẻ, bể bơi bốn mùa, trung tâm thương mại.- Tòa chung cư cao 25 tầng, 3 tầng hầm + 2 tầng thương mại. * Giao thông liên kết vùng đắc địa, tiện ích đẳng cấp:Chỉ mất 5 phút di chuyển đến các TTTM lớn như Aeon, Savico, Vincom.Trường mầm non, cấp 1 cấp 2 công lập, trường liên cấp 1,2,3 quốc tế.Tiện ích dân sinh xung quanh khu vực đa dạng: Bv Đức Giang, BV Tâm Anh, chợ dân sinh, ngân hàng, dịch vụ ăn uống,...Vừa gần phố cổ, vừa hưởng sống xanh, từ Bình Minh Garden chỉ mất 10 phút tới Cầu Vĩnh Tuy và 15 phút di chuyển tới Hồ Gươm.Ngoài ra CĐT có quỹ căn suất đặc biệt nhân viên CĐT 2 phòng ngủ và 3 PN vẫn được hưởng những ưu đãi trực tiếp từ CĐT* Liên hệ trực tiếp CĐT để xem nhà và nhận thông tin chuẩn: Mr Để 0982.195.*** / 0973.087.9***Ms Hiền ( hỗ trợ 24/7)
",Căn hộ, 17/11/2023,15/12/2023,Bán,2635541,Sổ hồng,1.0,1.0,1.0,,,,,,1.0,,1.0,1.0,1.0,,,,,,
